alcaldia,colonia,cve_col,Sum_TotHog,consumo_total_mixto,consumo_total_dom,consumo_total,consumo_total_no_dom
ALVARO OBREGON,19 DE MAYO,10-241,337.0,714.3,14375.45,15121.25,31.5
ALVARO OBREGON,1RA VICTORIA,10-242,592.0,808.53,12145.720000000001,12978.45,24.2
ALVARO OBREGON,1RA VICTORIA SECCION BOSQUES,10-243,631.0,5218.0599999999995,15044.970000000001,21580.68,1317.6499999999999
ALVARO OBREGON,2DA  JALALPA TEPITO (AMPL),10-246,1281.0,7215.880000000001,19133.64,26733.190000000002,383.67
ALVARO OBREGON,2DA EL PIRUL (AMPL),10-245,239.0,916.75,6657.6900000000005,7717.43,142.99
ALVARO OBREGON,ABRAHAM GONZALEZ,10-001,75.0,0.0,355.94,495.63,139.69
ALVARO OBREGON,ACUEDUCTO,10-002,889.0,923.5699999999999,6276.87,10493.16,3292.7200000000003
ALVARO OBREGON,AGUILAS 3ER PARQUE,10-005,893.0,716.36,10602.0,12309.07,990.71
ALVARO OBREGON,AGUILAS PILARES,10-006,672.0,1905.4299999999998,60763.93,67168.51000000001,4499.15
ALVARO OBREGON,ALCANTARILLA,10-007,475.0,0.0,0.0,953.62,953.62
ALVARO OBREGON,ALFALFAR,10-008,519.0,1409.5700000000002,17359.28,26216.29,7447.4400000000005
ALVARO OBREGON,ALFONSO XIII,10-009,3340.0,24782.489999999998,140388.11,187635.08000000002,22464.48
ALVARO OBREGON,ALPES,10-010,1590.0,7150.0,123765.87,178906.21,47990.39
ALVARO OBREGON,ALPES (AMPL),10-011,920.0,392.59000000000003,14927.11,16569.010000000002,1249.31
ALVARO OBREGON,ARBOLEDAS POLITOCO,10-015,145.0,125.4,1171.59,1511.6100000000001,214.62
ALVARO OBREGON,ARCOS DE CENTENARIO,10-016,54.0,288.4,1495.56,1874.63,90.67
ALVARO OBREGON,ARTURO MARTINEZ,10-018,441.0,1686.37,10973.61,12878.75,218.77
ALVARO OBREGON,ARVIDE,10-019,155.0,0.0,1544.8500000000001,16666.01,15121.16
ALVARO OBREGON,ATLAMAYA,10-021,463.0,115.88,63346.59,72109.43,8646.96
ALVARO OBREGON,AVE REAL,10-022,279.0,63.54,1700.4,3338.38,1574.44
ALVARO OBREGON,AXOTLA,10-024,846.0,9395.150000000001,64545.119999999995,115731.67000000001,41791.43
ALVARO OBREGON,BALCONES DE CEHUAYO,10-025,376.0,890.85,342.87,1317.66,83.94
ALVARO OBREGON,BARRIO NORTE,10-026,3558.0,4483.52,42947.76,48061.04,629.7599999999999
ALVARO OBREGON,BEJERO,10-028,513.0,796.42,9849.03,10685.89,40.44
ALVARO OBREGON,BELEN DE LAS FLORES,10-029,633.0,634.72,978.37,17473.11,15860.02
ALVARO OBREGON,BELEN DE LAS FLORES (U HAB),10-231,1229.0,0.0,120210.31,122976.07,2765.77
ALVARO OBREGON,BELEN DE LAS FLORES SECCION RELLENO,10-030,193.0,684.02,13313.439999999999,14057.27,59.81
ALVARO OBREGON,BELEN DE LAS FLORES_,10-249,157.0,0.0,0.0,26.68,26.68
ALVARO OBREGON,BELLA VISTA,10-031,2932.0,25227.86,128282.90000000001,237477.41999999998,83966.66
ALVARO OBREGON,BONANZA,10-032,497.0,1540.37,10473.15,12850.54,837.02
ALVARO OBREGON,BOSQUES DE TARANGO,10-033,1706.0,411.07,9510.82,20556.84,10634.95
ALVARO OBREGON,CALZADA JALALPA,10-034,1327.0,0.0,170.95,174.57,3.62
ALVARO OBREGON,CANUTILLO 3RA SECCION,10-038,1106.0,835.3199999999999,61497.59,64027.62,1694.75
ALVARO OBREGON,CAROLA,10-040,129.0,0.0,11059.76,15321.11,4261.35
ALVARO OBREGON,CHIMALISTAC,10-042,340.0,3468.26,27029.05,64673.21,34175.9
ALVARO OBREGON,COLINAS DE TARANGO,10-043,194.0,0.0,2015.78,3486.69,1470.91
ALVARO OBREGON,COLINAS DEL SUR,10-044,3789.0,1044.6,39256.100000000006,49078.85,8778.15
ALVARO OBREGON,CORPUS CHRISTY,10-047,2402.0,5169.88,35780.65,45184.14,4233.61
ALVARO OBREGON,CORPUS CURISTY AMPL XOCOMECATLA,10-048,895.0,0.0,26389.800000000003,26692.19,302.39
ALVARO OBREGON,COVE,10-049,1249.0,11572.61,64905.0,87751.25,11273.64
ALVARO OBREGON,CRISTO REY,10-050,242.0,6045.3099999999995,13990.69,24714.05,4678.05
ALVARO OBREGON,DESARROLLO URBANO,10-052,1383.0,0.0,2412.49,2416.39,3.9
ALVARO OBREGON,EL BOSQUE,10-056,149.0,464.28,2792.8199999999997,3331.74,74.64
ALVARO OBREGON,EL BOSQUE 2DA SECCION (AMPL),10-057,72.0,682.08,2643.78,3325.86,0.0
ALVARO OBREGON,EL CAPULIN,10-059,338.0,309.6,4863.25,6165.209999999999,992.3600000000001
ALVARO OBREGON,EL CAPULIN (AMPL),10-060,170.0,241.17000000000002,1212.6399999999999,1520.35,66.53999999999999
ALVARO OBREGON,EL CUERNITO,10-187,584.0,0.0,0.0,6333.1,6333.1
ALVARO OBREGON,EL PARAISO,10-063,1350.0,1706.06,40990.33,48253.79,5557.4
ALVARO OBREGON,EL PIRU (FRACC),10-064,428.0,0.0,0.0,0.0,0.0
ALVARO OBREGON,EL PIRUL,10-065,577.0,2360.89,13653.52,18859.34,2844.9300000000003
ALVARO OBREGON,EL POCITO,10-066,265.0,1382.28,2200.18,3617.95,35.49
ALVARO OBREGON,EL RODEO,10-067,74.0,225.25,536.31,761.56,0.0
ALVARO OBREGON,EMANCIPACION DEL PUEBLO,10-069,235.0,309.72,13667.970000000001,14300.67,322.98
ALVARO OBREGON,ESTADO DE HIDALGO,10-071,404.0,1685.15,12117.239999999998,90479.46,76677.06999999999
ALVARO OBREGON,ESTADO DE HIDALGO_,10-247,612.0,3026.7,4945.139999999999,10298.48,2326.6400000000003
ALVARO OBREGON,FLOR DE MARIA,10-072,329.0,1474.27,26145.37,32153.120000000003,4533.4800000000005
ALVARO OBREGON,FLORIDA,10-073,1959.0,8158.23,194443.36,272306.68,69705.09
ALVARO OBREGON,FRANCISCO VILLA,10-074,699.0,2162.58,6876.18,13530.5,4491.74
ALVARO OBREGON,GARCIMARRERO,10-076,700.0,535.8,2671.29,3238.06,30.97
ALVARO OBREGON,GARCIMARRERO NORTE,10-077,1188.0,3264.45,56686.18,68316.12,8365.55
ALVARO OBREGON,GARCIMARRERO REACOMODO,10-078,225.0,2316.2,3664.17,6649.959999999999,669.5899999999999
ALVARO OBREGON,GOLONDRINAS,10-079,980.0,574.34,3406.25,4874.8,894.21
ALVARO OBREGON,GOLONDRINAS 1RA SECCION,10-080,618.0,0.0,1640.9499999999998,2899.04,1258.09
ALVARO OBREGON,GRAL A ROSALES,10-082,69.0,0.0,1473.92,1655.0,181.07999999999998
ALVARO OBREGON,GRAL C  A  MADRAZO,10-083,240.0,196.70999999999998,1092.77,1295.69,6.209999999999999
ALVARO OBREGON,GUADALUPE INN,10-084,1687.0,16972.11,139852.72,339488.41000000003,182663.62
ALVARO OBREGON,HACIENDA DE GUADALUPE CHIMALISTAC,10-004,448.0,466.61,40883.43,76827.74,35477.7
ALVARO OBREGON,HERON PROAL,10-085,807.0,1048.57,9233.91,10968.87,686.3900000000001
ALVARO OBREGON,HOGAR Y REDENCION,10-086,829.0,3263.75,13450.83,17175.309999999998,460.73
ALVARO OBREGON,JALALPA,10-088,1511.0,0.0,0.0,1549.65,1549.65
ALVARO OBREGON,JALALPA (AMPL),10-014,445.0,493.09,3763.7,4886.71,629.92
ALVARO OBREGON,JALALPA EL GRANDE,10-089,2783.0,1617.5600000000002,19503.28,32700.29,11579.45
ALVARO OBREGON,JALALPA TEPITO,10-090,998.0,5086.360000000001,30033.79,35468.259999999995,348.11
ALVARO OBREGON,JARDINES DEL PEDREGAL,10-091,4191.0,3432.5,541750.2,652454.59,107271.9
ALVARO OBREGON,JOSE MARIA PINO SUAREZ,10-092,1780.0,9010.16,50119.880000000005,67058.48,7928.4400000000005
ALVARO OBREGON,JURISTAS,10-093,206.0,441.4,5444.32,6133.700000000001,247.98000000000002
ALVARO OBREGON,LA ANGOSTURA,10-094,394.0,636.25,2409.29,5383.24,2337.7
ALVARO OBREGON,LA CAADA,10-096,968.0,0.0,0.0,547.98,547.98
ALVARO OBREGON,LA CASCADA,10-097,578.0,460.58000000000004,21071.18,21651.24,119.48
ALVARO OBREGON,LA CEBADA (AMPL),10-098,326.0,0.0,2943.26,2954.1400000000003,10.879999999999999
ALVARO OBREGON,LA CONCHITA,10-100,921.0,2327.48,9275.26,13297.71,1694.97
ALVARO OBREGON,LA HERRADURA,10-101,157.0,1056.13,2695.3,3841.0699999999997,89.64000000000001
ALVARO OBREGON,LA JOYA,10-103,584.0,123.84,1538.56,3981.6800000000003,2319.2799999999997
ALVARO OBREGON,LA LOMA,10-104,1611.0,0.0,87504.85,89836.47,2331.6
ALVARO OBREGON,LA MARTINICA,10-105,716.0,0.0,5442.360000000001,7532.87,2090.51
ALVARO OBREGON,LA MEXICANA,10-106,1865.0,3345.05,11218.24,15481.18,917.89
ALVARO OBREGON,LA MEXICANA (AMPL),10-013,467.0,1450.92,11492.77,14205.710000000001,1262.02
ALVARO OBREGON,LA OTRA BANDA,10-108,284.0,8188.17,26129.45,48904.06,14586.400000000001
ALVARO OBREGON,LA PALMITA,10-109,386.0,209.58999999999997,5225.14,5616.2,181.47
ALVARO OBREGON,LA PERA XOCHINAHUAC (U HAB),10-110,291.0,0.0,3803.2,3803.2,0.0
ALVARO OBREGON,LA PRESA,10-111,278.0,1112.77,4327.96,5527.53,86.8
ALVARO OBREGON,LAS AGUILAS,10-114,2252.0,3434.1,163746.55,188483.26,21302.61
ALVARO OBREGON,LAS AGUILAS (AMPL),10-115,2633.0,15937.400000000001,96294.88,125916.89,13684.61
ALVARO OBREGON,LAS CUEVITAS,10-118,1116.0,1750.23,7589.74,24873.410000000003,15533.439999999999
ALVARO OBREGON,LAS PALMAS,10-119,494.0,1217.97,12177.960000000001,14622.25,1226.32
ALVARO OBREGON,LIBERALES DE 1857,10-121,1359.0,1005.96,17997.06,19825.16,822.1399999999999
ALVARO OBREGON,LLANO REDONDO,10-122,296.0,0.0,2154.46,2209.35,54.89
ALVARO OBREGON,LOMAS DE AXOMIATLA,10-123,510.0,466.0,19749.4,27121.79,6906.389999999999
ALVARO OBREGON,LOMAS DE BECERRA,10-124,2311.0,0.0,1029.25,1032.85,3.6
ALVARO OBREGON,LOMAS DE BECERRA (U HAB),10-125,672.0,0.0,51634.130000000005,57939.770000000004,6305.57
ALVARO OBREGON,LOMAS DE BECERRA ARVIDE (U HAB),10-126,870.0,0.0,46848.43,48117.08,1268.7
ALVARO OBREGON,LOMAS DE CAPULA,10-127,1351.0,855.27,5102.049999999999,6407.139999999999,449.82
ALVARO OBREGON,LOMAS DE CHAMONTOYA,10-130,1747.0,27.66,1090.4099999999999,2130.11,1012.04
ALVARO OBREGON,LOMAS DE GUADALUPE,10-131,390.0,45.8,43315.729999999996,46148.96,2787.43
ALVARO OBREGON,LOMAS DE LA ERA,10-132,3774.0,253.16,436.76,2212.12,1522.1999999999998
ALVARO OBREGON,LOMAS DE LAS AGUILAS,10-133,914.0,0.0,9567.85,10324.49,756.64
ALVARO OBREGON,LOMAS DE LOS ANGELES TETELPAN,10-134,1181.0,3195.2300000000005,21178.82,24721.67,347.62
ALVARO OBREGON,LOMAS DE LOS CEDROS,10-135,1345.0,0.0,0.0,0.0,0.0
ALVARO OBREGON,LOMAS DE NUEVO MEXICO,10-136,418.0,1151.82,2942.14,4767.610000000001,673.65
ALVARO OBREGON,LOMAS DE PLATEROS (U HAB) I,10-250,3313.0,0.0,209995.08000000002,221696.99,11701.82
ALVARO OBREGON,LOMAS DE PLATEROS (U HAB) II,10-251,2484.0,0.0,170136.41,190155.58000000002,20019.190000000002
ALVARO OBREGON,LOMAS DE PUERTA GRANDE,10-138,952.0,1194.99,6837.35,9481.34,1449.0000000000002
ALVARO OBREGON,LOMAS DE SAN ANGEL INN,10-139,908.0,239.61,45576.84,89365.04,43548.590000000004
ALVARO OBREGON,LOMAS DE SANTA FE,10-140,85.0,0.0,6341.09,7132.57,791.48
ALVARO OBREGON,LOMAS DE SANTA FE II,10-248,1122.0,0.0,78103.88,502583.64,424479.78
ALVARO OBREGON,LOMAS DE SANTO DOMINGO,10-141,187.0,0.0,2678.26,2720.77,42.51
ALVARO OBREGON,LOMAS DE SANTO DOMINGO (AMPL),10-142,284.0,238.38,5625.4400000000005,7626.95,1763.13
ALVARO OBREGON,LOMAS DE TARANGO,10-143,944.0,105.06,22984.82,32876.84,9786.96
ALVARO OBREGON,LOMAS DE TETELPAN,10-144,1552.0,221.68,22146.27,22970.29,602.34
ALVARO OBREGON,LORETO,10-145,286.0,0.0,899.59,948.56,48.97
ALVARO OBREGON,MARGARITA M DE JUAREZ,10-148,240.0,2550.82,5102.8099999999995,9766.279999999999,2112.65
ALVARO OBREGON,MARIA G DE GARCIA RUIZ,10-149,739.0,3633.67,22405.43,27207.0,1167.9
ALVARO OBREGON,MARTIRES DE TACUBAYA,10-150,195.0,3072.84,8229.189999999999,12029.210000000001,727.1800000000001
ALVARO OBREGON,MERCED GOMEZ,10-151,2239.0,31403.79,147795.16999999998,213902.97999999998,34704.01
ALVARO OBREGON,METROPOLITANO (U HAB),10-152,611.0,0.0,24368.61,25576.5,1207.8899999999999
ALVARO OBREGON,MIGUEL GAONA ARMENTA,10-153,534.0,0.0,0.0,0.0,0.0
ALVARO OBREGON,MIGUEL HIDALGO,10-154,614.0,519.5,15087.65,17767.309999999998,2160.16
ALVARO OBREGON,MINAS DE CRISTO,10-156,861.0,2676.99,20253.2,36926.57,13996.380000000001
ALVARO OBREGON,MOLINO DE ROSAS,10-157,2186.0,11001.380000000001,73654.52,102691.22,18035.32
ALVARO OBREGON,MOLINO DE ROSAS (AMPL),10-158,320.0,817.36,7967.539999999999,9488.58,703.68
ALVARO OBREGON,MOLINO DE SANTO DOMINGO,10-159,1420.0,7124.52,41832.83,53078.02,4120.67
ALVARO OBREGON,MOLINO DE SANTO DOMINGO (U HAB),10-160,426.0,77.4,2784.7799999999997,3111.83,249.64999999999998
ALVARO OBREGON,OCHO DE AGOSTO,10-161,619.0,0.0,7165.54,23810.14,16644.6
ALVARO OBREGON,OCOTILLOS,10-162,164.0,0.0,5773.78,5964.1,190.32
ALVARO OBREGON,OLIVAR DE LOS PADRES,10-163,4952.0,17952.65,284762.24,387025.56,84310.6
ALVARO OBREGON,OLIVAR DEL CONDE 1RA SECCION I,10-252,1999.0,10127.43,37823.46,49881.979999999996,1931.09
ALVARO OBREGON,OLIVAR DEL CONDE 1RA SECCION II,10-253,2100.0,6507.23,35325.43,43738.84,1906.18
ALVARO OBREGON,OLIVAR DEL CONDE 2DA SECCION I,10-254,2287.0,14077.97,51050.83,75266.57,10137.77
ALVARO OBREGON,OLIVAR DEL CONDE 2DA SECCION II,10-255,2197.0,7371.4,46396.44,57632.509999999995,3864.67
ALVARO OBREGON,PALMAS,10-166,889.0,501.11,11810.18,12488.55,177.26
ALVARO OBREGON,PASEO DE LAS LOMAS-SAN GABRIEL,10-170,1248.0,0.0,66194.48,78898.6,12704.119999999999
ALVARO OBREGON,PILOTO (ADOLFO LOPEZ MATEOS),10-171,1464.0,8484.4,26054.28,39819.89,5281.21
ALVARO OBREGON,PILOTO (ADOLFO LOPEZ MATEOS) (AMPL),10-172,2510.0,4873.46,23034.52,30074.1,2166.12
ALVARO OBREGON,POLVORA,10-174,473.0,889.73,11410.16,21721.54,9421.65
ALVARO OBREGON,PRADOS LA PROVIDENCIA,10-176,531.0,801.1000000000001,2158.69,3732.55,772.76
ALVARO OBREGON,PRESIDENTES,10-177,1522.0,6527.13,31448.28,40736.65,2761.24
ALVARO OBREGON,PRESIDENTES 1RA (AMPL),10-178,789.0,1075.48,9357.28,11513.28,1080.52
ALVARO OBREGON,PRESIDENTES 2DA (AMPL),10-179,1412.0,1120.68,3034.8600000000006,4162.12,6.58
ALVARO OBREGON,PRIVADA CENTENARIO,10-180,348.0,285.9,2319.77,3180.79,575.12
ALVARO OBREGON,PROF JOSE ARTURO LOPEZ,10-181,643.0,351.94,1380.25,1876.85,144.66
ALVARO OBREGON,PROGRESO TIZAPAN,10-182,2846.0,44482.39,162610.49,229021.15000000002,21928.28
ALVARO OBREGON,PUEBLO NUEVO,10-183,87.0,1349.67,6758.51,8138.58,30.4
ALVARO OBREGON,PUENTE COLORADO,10-184,787.0,3907.37,10394.85,20252.89,5950.67
ALVARO OBREGON,PUENTE COLORADO (AMPL),10-185,829.0,2728.73,12580.029999999999,15445.169999999998,136.41
ALVARO OBREGON,PUNTA DE CEHUAYO,10-186,621.0,0.0,920.4,1079.6399999999999,159.24
ALVARO OBREGON,REACOMODO EL CUERNITO,10-187,584.0,2205.23,35134.85,45037.82,7697.74
ALVARO OBREGON,REACOMODO PINO SUAREZ,10-188,163.0,304.38,1826.8000000000002,2146.25,15.07
ALVARO OBREGON,REAL DEL MONTE,10-189,320.0,0.0,0.0,10922.960000000001,10922.960000000001
ALVARO OBREGON,SAN ANGEL,10-192,706.0,16780.39,119047.29000000001,327800.74,191973.06
ALVARO OBREGON,SAN ANGEL INN,10-193,548.0,62.739999999999995,67067.05,102571.66,35441.87
ALVARO OBREGON,SAN BARTOLO AMEYALCO (PBLO),10-194,6579.0,0.0,0.0,2931.6,2931.6
ALVARO OBREGON,SAN CLEMENTE,10-195,2815.0,1049.21,52356.979999999996,58252.11,4845.92
ALVARO OBREGON,SAN PEDRO DE LOS PINOS,10-197,31.0,205.76,16173.73,68417.92,52038.43
ALVARO OBREGON,SANTA FE,10-198,2168.0,9972.81,43199.88,85033.69,31861.0
ALVARO OBREGON,SANTA FE (U HAB),10-199,2004.0,0.0,20530.3,27444.6,6914.299999999999
ALVARO OBREGON,SANTA FE KM 8.5,10-256,102.0,715.05,845.1300000000001,2481.42,921.24
ALVARO OBREGON,SANTA LUCIA,10-200,1907.0,2874.21,23207.190000000002,27979.95,1898.5500000000002
ALVARO OBREGON,SANTA MARIA NONOALCO,10-203,1481.0,3562.89,101351.19999999998,109158.91,4244.8
ALVARO OBREGON,SANTA ROSA XOCHIAC (PBLO),10-204,4476.0,0.0,0.0,42.65,42.65
ALVARO OBREGON,TARANGO (U HAB),10-206,641.0,0.0,39518.32,65781.39,26263.13
ALVARO OBREGON,TECOLALCO,10-208,302.0,0.0,345.39,345.39,0.0
ALVARO OBREGON,TEPEACA,10-210,357.0,157.05,388.62,552.96,7.290000000000001
ALVARO OBREGON,TEPEACA (AMPL),10-211,326.0,0.0,1426.46,1470.1200000000001,43.66
ALVARO OBREGON,TEPOPOTLA,10-212,133.0,0.0,3802.35,3842.96,40.61
ALVARO OBREGON,TETELPAN,10-213,2229.0,2382.8199999999997,36005.38,39468.82,1080.62
ALVARO OBREGON,TETELPAN (PBLO),10-214,1297.0,1159.1,44653.149999999994,51395.31,5583.0599999999995
ALVARO OBREGON,TIZAMPAMPANO,10-216,103.0,94.25999999999999,18941.98,19323.809999999998,287.57
ALVARO OBREGON,TIZAPAN_TIZAPAN SAN ANGEL,10-217,3230.0,12516.939999999999,210424.5,374439.24,151497.72999999998
ALVARO OBREGON,TLACOPAC,10-218,798.0,8152.9,99604.48,144822.07,37064.69
ALVARO OBREGON,TLACUITLAPA,10-222,647.0,392.18000000000006,3358.41,3976.4300000000003,225.84
ALVARO OBREGON,TLACUITLAPA 2DO REACOMODO (AMPL),10-223,998.0,497.45,7701.82,8591.5,392.23
ALVARO OBREGON,TLAPECHICO,10-224,784.0,1150.72,6299.780000000001,8307.64,857.1399999999999
ALVARO OBREGON,TOLTECA,10-226,417.0,1088.6100000000001,5434.02,32977.399999999994,26454.769999999997
ALVARO OBREGON,TORRES DE MIXCOAC (U HAB),10-227,650.0,0.0,46787.6,47522.31,734.69
ALVARO OBREGON,TORRES DE POTRERO,10-228,3490.0,1637.13,4861.96,10369.919999999998,3870.83
ALVARO OBREGON,TORRES SAN ANTONIO (U HAB),10-229,3304.0,0.0,232914.02000000002,239414.61000000002,6500.35
ALVARO OBREGON,TORRES SAN PEDRO (U HAB),10-230,1270.0,0.0,122173.72,131560.76,9387.12
ALVARO OBREGON,UNION POPULAR EMILIANO ZAPATA (U HAB),10-234,757.0,0.0,63862.42,66175.48999999999,2312.99
ALVARO OBREGON,VALENTIN GOMEZ FARIAS,10-235,373.0,482.51,1356.11,2386.67,548.05
ALVARO OBREGON,VILLA PROGRESISTA,10-236,608.0,2940.5699999999997,21209.88,24419.13,268.68
ALVARO OBREGON,VILLA VERDUN,10-238,1134.0,0.0,29402.620000000003,30694.019999999997,1291.4
ALVARO OBREGON,ZENON DELGADO,10-239,529.0,1055.82,7700.540000000001,8969.630000000001,213.27
ALVARO OBREGON,ZOTOLTITLA,10-240,180.0,0.0,666.11,666.11,0.0
AZCAPOTZALCO,AGUILERA,02-001,608.0,15077.060000000001,23594.05,40529.42,1858.31
AZCAPOTZALCO,ALDANA,02-002,1114.0,8434.85,38780.88,49779.63,2563.9
AZCAPOTZALCO,AMPLIACION PETROLERA,02-059,964.0,3760.0,36078.33,43939.93,4101.6
AZCAPOTZALCO,ANGEL ZIMBRON,02-005,823.0,14422.73,49637.33,77123.42,13063.36
AZCAPOTZALCO,ARENAL,02-006,1351.0,10725.43,59582.119999999995,91392.36,21084.81
AZCAPOTZALCO,CENTRO DE AZCAPOTZALCO,02-007,1143.0,27970.61,43494.520000000004,130119.51000000001,58654.369999999995
AZCAPOTZALCO,CLAVERIA,02-008,3264.0,39908.25,177652.86,271031.47,53470.36
AZCAPOTZALCO,COLTONGO,02-009,991.0,5804.47,27790.41,67149.95,33555.07
AZCAPOTZALCO,COSMOPOLITA,02-010,747.0,5012.9,20439.72,26153.190000000002,700.5699999999999
AZCAPOTZALCO,COSMOPOLITA (AMPL),02-011,303.0,319.44,4023.49,5240.37,897.44
AZCAPOTZALCO,CUITLHUAC 1 Y 2 (U HAB),02-013,779.0,0.0,56639.399999999994,60430.479999999996,3791.1
AZCAPOTZALCO,CUITLHUAC 3 Y 4 (U HAB),02-014,1529.0,294.58,106029.09,120571.60999999999,14248.06
AZCAPOTZALCO,DEL GAS,02-015,2540.0,8689.47,91362.68000000001,108077.09,8025.040000000001
AZCAPOTZALCO,DEL GAS (AMPL),02-016,2330.0,3632.65,85296.84004,105221.63,16292.2
AZCAPOTZALCO,DEL MAESTRO,02-017,213.0,3937.7200000000003,10938.41,16019.310000000001,1143.18
AZCAPOTZALCO,DEL RECREO,02-018,3210.0,17166.53,145712.35,176774.83000000002,13895.95
AZCAPOTZALCO,DEMET (U HAB),02-019,1463.0,1579.75,67821.91,70363.56,961.8899999999999
AZCAPOTZALCO,EL JAGUEY-ESTACION PANTACO,02-021,561.0,0.0,62596.31,93115.06,30518.77
AZCAPOTZALCO,EL ROSARIO A (U HAB),02-023,1677.0,191.01999999999998,258711.37,276622.59,17720.32
AZCAPOTZALCO,EL ROSARIO B (U HAB),02-024,3109.0,0.0,196377.68,242700.71,46323.08
AZCAPOTZALCO,EL ROSARIO C (U HAB),02-025,2656.0,0.0,0.0,6155.94,6155.94
AZCAPOTZALCO,EUZKADI,02-026,1194.0,9426.56,45812.29,58180.68,2941.83
AZCAPOTZALCO,EX-HACIENDA EL ROSARIO,02-027,635.0,2363.92,30845.39,38531.16,5321.85
AZCAPOTZALCO,FERRERIA,02-028,1054.0,4291.62,18758.05,25282.01,2232.34
AZCAPOTZALCO,FRANCISCO VILLA (U HAB),02-030,1102.0,1659.08,37042.44,52215.53,13514.009999999998
AZCAPOTZALCO,FUENTES DE AZCAPOTZALCO-PARQUES DE AZCAPOTZALCO (U HAB),02-031,574.0,335.55,34799.229999999996,40756.520000000004,5621.72
AZCAPOTZALCO,HOGAR Y SEGURIDAD/NUEVA SANTA MARIA,02-032,1108.0,8314.65,56928.94,71465.25,6221.66
AZCAPOTZALCO,HOGARES FERROCARRILEROS (U HAB),02-033,452.0,0.0,30524.38,31176.160000000003,651.78
AZCAPOTZALCO,HUAUTLA DE LAS SALINAS (BARR),02-034,49.0,1381.1599999999999,1779.88,5712.18,2551.14
AZCAPOTZALCO,IGNACIO ALLENDE,02-035,453.0,4498.28,12294.64,26699.22,9906.300000000001
AZCAPOTZALCO,INDUSTRIAL VALLEJO (U HAB),02-036,109.0,1859.5300000000002,14343.220000000001,420549.36,404346.61
AZCAPOTZALCO,JARDIN AZPEITIA,02-038,737.0,7373.38,45304.66,60750.66,8072.620000000001
AZCAPOTZALCO,LA PRECIOSA,02-040,1072.0,10164.67,55266.0,69568.23999999999,4137.57
AZCAPOTZALCO,LA RAZA,02-041,716.0,12703.43,28291.4,202932.03999999998,161937.21
AZCAPOTZALCO,LAS SALINAS,02-042,253.0,4291.700000000001,6080.02,82098.7,71726.94
AZCAPOTZALCO,LIBERACION,02-043,786.0,7388.62,25125.800000000003,35097.56,2583.14
AZCAPOTZALCO,LIBERTAD,02-044,478.0,1999.53,28524.25,33684.659999999996,3160.8900000000003
AZCAPOTZALCO,LOS REYES (BARR),02-045,1161.0,10587.73,58006.490000000005,71157.16,2562.95
AZCAPOTZALCO,MIGUEL HIDALGO (U HAB),02-047,765.0,0.0,12192.13,12353.93,161.8
AZCAPOTZALCO,MONTE ALTO,02-048,291.0,2528.75,6967.469999999999,10555.61,1059.3899999999999
AZCAPOTZALCO,NEXTENGO (BARR),02-049,725.0,5117.42,45273.8,58635.17,8243.95
AZCAPOTZALCO,NUEVA EL ROSARIO,02-050,66.0,691.65,3691.87,42336.67,37953.15
AZCAPOTZALCO,NUEVA ESPAA,02-051,529.0,1535.95,17826.239999999998,19555.73,193.54
AZCAPOTZALCO,NUEVA SANTA MARIA,02-052,3300.0,41501.81,174199.19,252063.2,36362.2
AZCAPOTZALCO,NUEVO SAN RAFAEL (BARR),02-053,645.0,1712.11,7079.18,8972.039999999999,180.75
AZCAPOTZALCO,OBRERO POPULAR,02-054,1707.0,27799.9,109127.18,157980.01,21052.94
AZCAPOTZALCO,PANTACO (U HAB),02-055,336.0,0.0,15647.119999999999,17593.69,1946.56
AZCAPOTZALCO,PASTEROS,02-056,2284.0,20244.35,79624.35,105775.26999999999,5906.58
AZCAPOTZALCO,PATRIMONIO FAMILIAR,02-057,270.0,664.36,4860.95,5866.17,340.86
AZCAPOTZALCO,PEMEX PRADOS DEL ROSARIO (U HAB),02-058,1008.0,0.0,12979.239999999998,13077.970000000001,98.72999999999999
AZCAPOTZALCO,PETROLERA,02-059,964.0,5498.72,44636.520000000004,57718.240000000005,7583.0
AZCAPOTZALCO,PLENITUD,02-060,1179.0,4952.3,31621.68,54370.96000000001,17796.980000000003
AZCAPOTZALCO,PORVENIR,02-061,887.0,10052.06,44146.94,55359.04,1160.04
AZCAPOTZALCO,POTRERO DEL LLANO,02-062,313.0,1379.35,5967.8099999999995,11328.529999999999,3981.37
AZCAPOTZALCO,PRADOS DEL ROSARIO,02-063,651.0,3706.7,21716.95,28277.600000000002,2853.95
AZCAPOTZALCO,PRESIDENTE MADERO (U HAB),02-064,1390.0,0.0,101471.98000000001,102133.31,661.26
AZCAPOTZALCO,PRO HOGAR I,02-113,1678.0,32582.4,80398.70999999999,132829.39,19848.28
AZCAPOTZALCO,PRO HOGAR II,02-114,2206.0,34430.24,85314.17,127208.48,7464.07
AZCAPOTZALCO,PROVIDENCIA,02-066,2311.0,26516.64,57865.850000000006,102508.4,18125.91
AZCAPOTZALCO,REYNOSA TAMAULIPAS,02-067,2131.0,14207.74,64798.3,81619.62,2613.58
AZCAPOTZALCO,SAN  MIGUEL AMANTLA (PBLO),02-069,2139.0,15144.510000000002,60767.770000000004,87669.22,11756.939999999999
AZCAPOTZALCO,SAN ALVARO,02-070,2546.0,24724.920000000002,115521.22,145297.22,5051.07
AZCAPOTZALCO,SAN ANDRES (BARR),02-071,1932.0,9874.56,72478.53,103212.65999999999,20859.59
AZCAPOTZALCO,SAN ANDRES (PBLO),02-072,1742.0,12389.21,59248.35,77014.2,5376.65
AZCAPOTZALCO,SAN ANDRES DE LAS SALINAS (PBLO),02-073,71.0,1265.31,2949.09,6598.42,2384.02
AZCAPOTZALCO,SAN ANTONIO (FRACC),02-074,1183.0,4583.29,26872.18,50936.74,19481.27
AZCAPOTZALCO,SAN BARTOLO CAHUALTONGO (PBLO),02-075,919.0,3636.8,49633.96000000001,55755.5,2484.79
AZCAPOTZALCO,SAN BERNABE (BARR),02-076,198.0,2859.51,13596.73,24954.149999999998,8497.91
AZCAPOTZALCO,SAN FRANCISCO TETECALA (PBLO),02-077,1202.0,5683.17,52744.9,70041.79000000001,11613.720000000001
AZCAPOTZALCO,SAN FRANCISCO XOCOTITLA,02-078,572.0,2109.74,13756.08,28174.03,12308.21
AZCAPOTZALCO,SAN JUAN TLIHUACA (PBLO),02-079,3442.0,14834.39,130665.51000000001,159408.12,13908.189999999999
AZCAPOTZALCO,SAN MARCOS (BARR),02-080,1129.0,7298.74,48011.75,58891.350000000006,3580.8599999999997
AZCAPOTZALCO,SAN MARTIN XOCHINAHUAC (PBLO),02-081,2932.0,15132.85,108485.62,191024.76,67406.38
AZCAPOTZALCO,SAN MATEO,02-082,1054.0,6011.3099999999995,38907.51,47752.99,2834.18
AZCAPOTZALCO,SAN PABLO 396-CONJ HAB SAN PABLO (U HAB),02-083,979.0,353.99,95422.64,95823.37,46.74
AZCAPOTZALCO,SAN PABLO XALPA (U HAB),02-084,1309.0,0.0,98880.45,100772.26999999999,1891.8899999999999
AZCAPOTZALCO,SAN PEDRO XALPA (AMPL) I,02-111,3298.0,40675.94,78431.77,124528.36,5420.65
AZCAPOTZALCO,SAN PEDRO XALPA (AMPL) II,02-112,2516.0,31560.86,63968.47,98097.67000000001,2568.34
AZCAPOTZALCO,SAN PEDRO XALPA (PBLO),02-085,3470.0,8861.79,206431.36000000002,226496.68,11203.43
AZCAPOTZALCO,SAN RAFAEL,02-086,726.0,5054.79,15989.75,23214.28,2169.7400000000002
AZCAPOTZALCO,SAN SALVADOR XOCHIMANCA,02-087,285.0,3236.71,9092.58,39965.15,27635.86
AZCAPOTZALCO,SAN SEBASTIAN,02-088,1480.0,2291.06,61059.05,69568.12,6218.01
AZCAPOTZALCO,SANTA APOLONIA (BARR),02-089,1311.0,10670.7,40182.15,52366.1,1513.27
AZCAPOTZALCO,SANTA BARBARA (PBLO),02-090,1893.0,13408.14,66288.75,143117.02,63420.09
AZCAPOTZALCO,SANTA CATARINA (PBLO),02-091,1325.0,7968.219999999999,54295.7,70879.59,8615.65
AZCAPOTZALCO,SANTA CRUZ ACAYUCAN (PBLO),02-092,507.0,4922.89,15414.52,23045.93,2708.52
AZCAPOTZALCO,SANTA CRUZ DE LAS SALINAS,02-093,93.0,1093.83,3076.81,10547.82,6377.18
AZCAPOTZALCO,SANTA INES,02-094,1124.0,3327.9,44892.28,54858.090000000004,6637.91
AZCAPOTZALCO,SANTA LUCIA (BARR),02-095,767.0,3533.8,28144.65,80448.01000000001,48769.55
AZCAPOTZALCO,SANTA MARIA MALINALCO (PBLO),02-096,2205.0,16572.36,83788.67,104440.03,4079.0
AZCAPOTZALCO,SANTIAGO AHUIZOTLA (PBLO),02-097,3383.0,20668.68,111358.61,150509.5,18482.21
AZCAPOTZALCO,SANTO DOMINGO (PBLO),02-098,1586.0,22889.730000000003,98741.12,132511.63,10880.75
AZCAPOTZALCO,SANTO TOMAS,02-099,988.0,6255.92,32804.78,99053.08,59992.369999999995
AZCAPOTZALCO,SECTOR NAVAL,02-100,140.0,1236.82,7738.129999999999,11019.48,2044.53
AZCAPOTZALCO,SINDICATO MEXICANO DE ELECTRICISTAS,02-101,1296.0,7928.57,71227.22,87584.15,8428.36
AZCAPOTZALCO,TEZOZOMOC,02-102,2482.0,15524.36,73046.0,94614.62,6044.26
AZCAPOTZALCO,TIERRA NUEVA,02-103,915.0,11697.18,26958.53,41493.83,2838.12
AZCAPOTZALCO,TLATILCO,02-104,1262.0,7051.66,40928.85,57706.31,9725.8
AZCAPOTZALCO,TLATILCO (U HAB),02-105,703.0,18.240000000000002,39606.69,40025.41,400.51
AZCAPOTZALCO,TRABAJADORES DEL HIERRO,02-106,932.0,6667.12,45624.08,53696.5,1405.3
AZCAPOTZALCO,UN HOGAR PARA CADA TRABAJADOR,02-107,509.0,9592.630000000001,25631.379999999997,37615.14,2391.13
AZCAPOTZALCO,VICTORIA DE LAS DEMOCRACIAS,02-108,1179.0,8145.21,28220.68,49112.3,12746.41
AZCAPOTZALCO,XOCHINAHUAC (U HAB),02-110,2175.0,0.0,153385.59,154820.94,1435.38
BENITO JUAREZ,ACACIAS,14-001,2708.0,1822.9499999999998,146686.66999999998,164893.6,16383.970000000001
BENITO JUAREZ,ACTIPAN,14-002,1835.0,4402.88,91331.94,152248.83000000002,56514.009999999995
BENITO JUAREZ,ALAMOS I,14-051,4617.0,34103.05,246584.12,331860.15,51172.979999999996
BENITO JUAREZ,ALAMOS II,14-052,4194.0,27969.86,231303.43,284995.14,25721.88
BENITO JUAREZ,ALBERT,14-004,1505.0,3716.71,80837.03,92268.94,7715.21
BENITO JUAREZ,AMERICAS UNIDAS-DEL LAGO,14-005,1810.0,6931.129999999999,79177.03,97005.72,10897.55
BENITO JUAREZ,ATENOR SALAS,14-007,811.0,3067.76,31293.77,36818.99,2457.46
BENITO JUAREZ,CENTRO URBANO PRESIDENTE ALEMAN (U HAB),14-008,938.0,0.0,49095.0,50731.649999999994,1636.68
BENITO JUAREZ,CIUDAD DE LOS DEPORTES,14-009,2320.0,17904.73,112583.94,174443.57,43954.9
BENITO JUAREZ,CREDITO CONSTRUCTOR,14-010,337.0,2573.72,23330.86,57090.53,31185.95
BENITO JUAREZ,DEL VALLE I,14-053,4598.0,25173.7,281433.7,441754.89999999997,135147.52
BENITO JUAREZ,DEL VALLE II,14-054,5019.0,37974.2,316775.62,446809.53,92059.66
BENITO JUAREZ,DEL VALLE III,14-055,4096.0,29060.96,305359.1,422891.04,88470.97
BENITO JUAREZ,DEL VALLE IV,14-056,3723.0,16808.78,261879.89,345747.26,67058.59
BENITO JUAREZ,DEL VALLE V,14-057,3504.0,12491.670000000002,239665.15999999997,306917.83,54761.0
BENITO JUAREZ,DEL VALLE VI,14-058,3310.0,13669.560000000001,223484.26,286926.97,49773.11
BENITO JUAREZ,DEL VALLE VII,14-059,4661.0,11395.369999999999,269250.72,344323.95,63677.78
BENITO JUAREZ,ERMITA,14-013,529.0,1019.86,23866.86,28692.71,3805.99
BENITO JUAREZ,EXTREMADURA INSURGENTES,14-014,807.0,5518.47,39606.12,58427.11,13302.52
BENITO JUAREZ,GENERAL PEDRO MARIA ANAYA,14-015,2567.0,4227.15,134347.44,221998.18,83423.59
BENITO JUAREZ,INDEPENDENCIA,14-016,4234.0,25520.12,172251.04,214291.0,16519.84
BENITO JUAREZ,INSURGENTES MIXCOAC,14-017,2545.0,15770.73,162764.22999999998,265093.47,86558.51999999999
BENITO JUAREZ,INSURGENTES SAN BORJA,14-018,243.0,2623.11,28534.36,55495.509999999995,24338.04
BENITO JUAREZ,IZTACCIHUATL,14-019,977.0,11417.07,54792.37,71450.72,5241.28
BENITO JUAREZ,JOSEFA ORTIZ DE DOMINGUEZ,14-020,579.0,4480.03,32100.35,42571.87,5991.49
BENITO JUAREZ,LETRAN VALLE,14-021,4378.0,26188.649999999998,251385.76,303732.27,26157.88
BENITO JUAREZ,MARIA DEL CARMEN,14-022,1318.0,7501.51,61431.55,75581.39,6648.34
BENITO JUAREZ,MERCED GOMEZ,14-023,1062.0,5957.74,32075.84,47372.6,9339.02
BENITO JUAREZ,MIGUEL ALEMAN,14-024,335.0,6644.57,16844.92,31928.690000000002,8439.2
BENITO JUAREZ,MIRAVALLE,14-025,824.0,5710.91,36234.31,53513.0,11567.78
BENITO JUAREZ,MIXCOAC,14-026,1913.0,17466.47,96600.3,186552.03,72485.26000000001
BENITO JUAREZ,MODERNA,14-027,3695.0,27240.620000000003,200846.31,246813.89,18726.96
BENITO JUAREZ,NAPOLES,14-028,7501.0,35057.51,436620.33,703459.91,231782.08000000002
BENITO JUAREZ,NAPOLES (AMPL),14-006,1911.0,5479.0599999999995,119032.95999999999,175262.97,50750.95
BENITO JUAREZ,NARVARTE I,14-060,5147.0,43729.96,271291.27,394189.42,79168.2
BENITO JUAREZ,NARVARTE II,14-061,3614.0,32040.98,192819.45,251677.89,26817.440000000002
BENITO JUAREZ,NARVARTE III,14-062,3363.0,26875.68,160650.49,223814.19,36288.01
BENITO JUAREZ,NARVARTE IV,14-063,4484.0,33524.12,268636.249,339565.75,37405.38
BENITO JUAREZ,NARVARTE V,14-064,3800.0,22415.629999999997,224528.99,276993.32,30048.71
BENITO JUAREZ,NARVARTE VI,14-065,3123.0,20387.65,168501.07,209196.11000000002,20307.37
BENITO JUAREZ,NATIVITAS,14-030,3444.0,46550.270000000004,182063.99,250572.22,21957.96
BENITO JUAREZ,NIOS HEROES DE CHAPULTEPEC,14-031,5002.0,19549.18,173120.46,207954.06,15284.420000000002
BENITO JUAREZ,NOCHE BUENA,14-032,1346.0,4533.66,74610.86,116040.31,36895.79
BENITO JUAREZ,NONOALCO,14-033,4309.0,24498.159999999996,198552.34000000003,263023.53,39973.04
BENITO JUAREZ,OCHO DE AGOSTO,14-034,1367.0,5887.120000000001,72992.06,86041.01999999999,7161.88
BENITO JUAREZ,PERIODISTA FRANCISCO ZARCO,14-035,319.0,1289.46,8059.08,11771.21,2422.67
BENITO JUAREZ,PIEDAD NARVARTE,14-036,2064.0,9835.69,111604.64000000001,182560.18,61119.86
BENITO JUAREZ,PORTALES I,14-066,3871.0,37876.36,190865.05,288889.86,60148.45
BENITO JUAREZ,PORTALES II,14-067,5322.0,29827.760000000002,269334.49,326202.47,27040.21
BENITO JUAREZ,PORTALES III,14-068,4472.0,27187.22,222493.52000000002,283482.65,33801.91
BENITO JUAREZ,PORTALES IV,14-069,2468.0,15148.31,95043.53,121131.10999999999,10939.27
BENITO JUAREZ,PORTALES ORIENTE,14-038,2545.0,20985.36,123571.44,154906.97,10350.17
BENITO JUAREZ,POSTAL,14-039,1383.0,9879.41,72403.57,90042.76000000001,7759.76
BENITO JUAREZ,RESIDENCIAL EMPERADORES,14-040,555.0,1809.68,33628.44,54432.15,18994.03
BENITO JUAREZ,SAN JOSE INSURGENTES,14-041,2978.0,18275.86,189656.16,337243.45,129311.43
BENITO JUAREZ,SAN JUAN,14-042,1382.0,4207.6,88882.58,123836.42,30746.24
BENITO JUAREZ,SAN PEDRO DE LOS  PINOS,14-043,5872.0,30805.58,337360.44,512008.7,143842.68
BENITO JUAREZ,SAN SIMON TICUMAC,14-044,4377.0,42128.99,234453.352,323814.31,47231.971000000005
BENITO JUAREZ,STA CRUZ ATOYAC,14-045,4106.0,15003.18,263176.48,454631.07,176451.34999999998
BENITO JUAREZ,TLACOQUEMECATL DEL VALLE,14-046,2987.0,11486.970000000001,205408.82,286374.5,69478.70999999999
BENITO JUAREZ,VERTIZ NARVARTE,14-047,2859.0,20935.0,151478.63,202262.76,29849.12
BENITO JUAREZ,VILLA DE CORTES,14-048,887.0,12391.57,48797.79,68246.63,7057.2699999999995
BENITO JUAREZ,XOCO,14-049,2169.0,7200.96,187480.94,296176.01,101493.92000000001
BENITO JUAREZ,ZACAHUITZCO,14-050,1074.0,7476.41,57308.53,71006.18,6221.25
COYOACAN,ADOLFO RUIZ CORTINES I,03-126,2129.0,0.0,0.0,3431.92,3431.92
COYOACAN,ADOLFO RUIZ CORTINES II,03-127,2191.0,0.0,0.0,4588.0,4588.0
COYOACAN,AJUSCO HUAYAMILPAS,03-003,724.0,0.0,0.0,3745.62,3745.62
COYOACAN,AJUSCO I,03-128,3549.0,706.8499999999999,0.0,21206.37,20499.52
COYOACAN,AJUSCO II,03-129,3389.0,82.58,0.0,7325.33,7242.75
COYOACAN,AJUSCO III,03-130,2415.0,0.0,3.3000000000000003,9998.56,9995.26
COYOACAN,ALIANZA POPULAR REVOLUCIONARIA NORTE (U HAB),03-131,1131.0,0.0,0.0,97903.29000000001,97903.29000000001
COYOACAN,ALIANZA POPULAR REVOLUCIONARIA ORIENTE (U HAB),03-148,1720.0,0.0,16167.189999999999,23660.79,7493.599999999999
COYOACAN,ALIANZA POPULAR REVOLUCIONARIA PONIENTE (U HAB),03-132,1709.0,0.0,18750.59,20269.620000000003,1519.03
COYOACAN,ALTILLO (COND ALTILLO UNIVERSIDAD),03-005,915.0,0.0,58686.46000000001,60012.29000000001,1325.8700000000001
COYOACAN,AMPLIACION CANDELARIA,03-006,1409.0,3941.19,30238.71,42017.740000000005,7837.84
COYOACAN,AMPLIACION SAN FRANCISCO CULHUACAN (EJ),03-102,1092.0,5370.57,32071.82,50864.57,13422.18
COYOACAN,ATLANTIDA,03-007,375.0,1954.6399999999999,15423.77,29852.510000000002,12474.1
COYOACAN,AVANTE,03-008,3069.0,5234.889999999999,89093.02,119771.09,25443.18
COYOACAN,BOSQUES DE TETLAMEYA,03-009,290.0,275.43,16958.17,64025.69,46792.09
COYOACAN,CAFETALES I (RDCIAL),03-010,492.0,2171.24,27911.48,37438.0,7355.28
COYOACAN,CAFETALES II (RDCIAL),03-011,469.0,120.9,8199.19,9507.42,1187.33
COYOACAN,CAMPESTRE CHURUBUSCO,03-012,4000.0,21472.74,175894.87,267869.01,70501.4
COYOACAN,CAMPESTRE COYOACAN (FRACC),03-013,785.0,959.42,35831.75,38483.31,1692.1399999999999
COYOACAN,CANTIL DEL PEDREGAL,03-016,174.0,318.24,15651.439999999999,17529.5,1559.8200000000002
COYOACAN,CARMEN SERDAN,03-017,2218.0,4810.4,15496.349999999999,22205.77,1899.02
COYOACAN,CENTRO URBANO (U HAB),03-155,152.0,0.0,9077.84,10304.630000000001,1226.79
COYOACAN,CENTRO URBANO TLALPAN (U HAB),03-018,215.0,0.0,40295.32,40295.32,0.0
COYOACAN,CHIMALISTAC,03-019,236.0,0.0,12966.59,28034.190000000002,15067.599999999999
COYOACAN,CIUDAD JARDIN,03-020,951.0,1749.92,22674.69,36877.01,12452.400000000001
COYOACAN,CIUDAD UNIVERSITARIA,03-021,144.0,0.0,3315.0,19792.7,16477.7
COYOACAN,COPILCO EL ALTO,03-022,1090.0,2762.96,13358.75,17999.09,1877.38
COYOACAN,COPILCO EL BAJO,03-023,1561.0,3409.93,96821.59,113545.48999999999,13314.02
COYOACAN,COPILCO UNIVERSIDAD,03-024,1148.0,7917.02,46955.18,77930.36,23058.16
COYOACAN,COUNTRY CLUB,03-025,1055.0,2179.58,53783.9,103608.28,47644.73
COYOACAN,CTM IX CULHUACAN 32-33 (U HAB),03-156,1232.0,1497.52,45929.68,48382.54,955.3399999999999
COYOACAN,CTM IX CULHUACAN ZONA 29-30 (U HAB),03-027,1182.0,1497.8600000000001,15539.990000000002,20092.78,3054.9300000000003
COYOACAN,CTM IXA CULHUACAN (U HAB),03-028,978.0,0.0,23700.53,26530.050000000003,2829.51
COYOACAN,CTM V CULHUACAN (U HAB),03-029,1986.0,3214.99,15244.77,43091.979999999996,24632.22
COYOACAN,CTM VI CULHUACAN (U HAB),03-030,4653.0,2821.34,62007.89,77928.49,13099.259999999998
COYOACAN,CTM VII CULHUACAN (U HAB),03-031,2424.0,3164.55,100064.17000000001,134055.78,30827.059999999998
COYOACAN,CTM VIIA CULHUACAN (U HAB),03-032,362.0,527.5799999999999,1337.2,2006.2800000000002,141.5
COYOACAN,CTM VIII CULHUACAN (U HAB),03-033,3451.0,2110.31,62165.58,70325.9,6050.009999999999
COYOACAN,CTM X CULHUACAN (U HAB),03-034,1647.0,1036.3600000000001,67855.70999999999,72755.11,3863.04
COYOACAN,CUADRANTE DE SAN FRANCISCO,03-035,1089.0,2425.83,32281.800000000003,45706.96,10999.33
COYOACAN,DE LA CANDELARIA (PBLO),03-036,2360.0,7212.82,80168.35,103300.13,15918.96
COYOACAN,DEL CARMEN,03-037,3610.0,29279.230000000003,270917.76,462610.47,162413.52
COYOACAN,DEL NIO JESUS (BARR),03-038,781.0,748.8,15068.33,17392.29,1575.1599999999999
COYOACAN,EDUCACION,03-039,2464.0,8244.21,66049.07,80286.09,5992.81
COYOACAN,EL CARACOL,03-041,986.0,1867.97,35578.34,99418.1,61971.7
COYOACAN,EL CENTINELA,03-042,621.0,1397.88,13311.15,19060.52,4351.49
COYOACAN,EL MIRADOR,03-043,1195.0,249.79,75346.91,83924.39,8327.79
COYOACAN,EL PARQUE DE COYOACAN (FRACC),03-044,460.0,0.0,3390.38,3412.79,22.409999999999997
COYOACAN,EL RELOJ,03-045,1069.0,1573.39,15912.21,51126.270000000004,33640.71
COYOACAN,EL ROSEDAL I,03-046,622.0,1634.79,42304.55,55551.36,11612.02
COYOACAN,EL ROSEDAL II,03-149,885.0,790.34,60777.4,65261.71,3694.0699999999997
COYOACAN,EL VERGEL DE COYOACAN ( INFONAVIT EL HUESO) (U HAB),03-047,222.0,0.0,13728.400000000001,19133.78,5405.38
COYOACAN,EMILIANO ZAPATA,03-048,431.0,4057.01,14568.740000000002,19858.1,1232.35
COYOACAN,EMILIANO ZAPATA (U HAB),03-049,1658.0,2379.05,16303.849999999999,20874.3,2191.3999999999996
COYOACAN,ESPARTACO,03-050,1452.0,10696.36,59979.759999999995,89655.75,18979.63
COYOACAN,EX EJIDO SAN FRANCISCO CULHUACAN I,03-040,181.0,1246.56,9985.75,13131.15,1898.8400000000001
COYOACAN,EX EJIDO SAN FRANCISCO CULHUACAN II,03-157,358.0,1267.19,15559.560000000001,21606.71,4779.96
COYOACAN,EX EJIDO SAN FRANCISCO CULHUACAN III,03-158,389.0,5716.93,17905.9,28575.25,4952.42
COYOACAN,EX HACIENDA COAPA,03-051,603.0,1511.69,38962.04,151016.26,110542.56
COYOACAN,HACIENDAS DE COYOACAN (FRACC),03-052,563.0,4009.65,30862.11,42619.770000000004,7748.01
COYOACAN,HERMOSILLO,03-053,544.0,2519.91,25077.559999999998,63454.270000000004,35856.8
COYOACAN,IMAN,03-054,451.0,1243.06,9053.939999999999,10511.6,214.6
COYOACAN,IMAN 580 (U HAB),03-055,934.0,0.0,0.0,0.0,0.0
COYOACAN,INFONAVIT CULHUACAN ZONA 1 (U HAB),03-056,298.0,0.0,690.9300000000001,690.9300000000001,0.0
COYOACAN,INFONAVIT CULHUACAN ZONA 2 (U HAB),03-057,520.0,0.0,0.0,1574.48,1574.48
COYOACAN,INFONAVIT CULHUACAN ZONA 3 (U HAB),03-058,585.0,284.53,12346.16,14746.82,2116.13
COYOACAN,INSURGENTES CUICUILCO,03-059,1581.0,0.0,116021.38,172258.19,56236.9
COYOACAN,INTEGRACION LATINOAMERICANA (U HAB),03-060,1394.0,0.0,98071.55,103257.16,5185.54
COYOACAN,JARDINES DE COYOACAN (FRACC),03-061,583.0,2531.5,33081.979999999996,42105.15,6491.67
COYOACAN,JARDINES DEL PEDREGAL,03-062,373.0,151.98,12404.61,138125.55000000002,125568.95999999999
COYOACAN,JOYAS DEL PEDREGAL (FRACC),03-063,498.0,0.0,26028.0,26454.440000000002,426.44000000000005
COYOACAN,LA CANTERA (U HAB),03-064,566.0,1024.75,36592.259999999995,38817.11,1200.09
COYOACAN,LA CONCEPCION (BARR),03-065,475.0,4910.21,36810.78,67591.64,25870.660000000003
COYOACAN,LA MAGDALENA CULHUACAN (BARR),03-066,3228.0,18652.17,108385.47,133576.76,6539.13
COYOACAN,LAS CAMPANAS,03-069,267.0,252.51,15231.44,34857.62,19373.67
COYOACAN,LOS CEDROS (FRACC),03-071,314.0,753.2,16558.71,18983.18,1671.27
COYOACAN,LOS CIPRESES,03-072,604.0,1000.3599999999999,30668.300000000003,65307.04,33638.380000000005
COYOACAN,LOS GIRASOLES I,03-073,302.0,0.0,12799.619999999999,28117.59,15317.97
COYOACAN,LOS GIRASOLES II,03-074,501.0,0.0,18249.73,20225.33,1975.6
COYOACAN,LOS GIRASOLES III,03-075,1200.0,0.0,18774.61,62185.880000000005,43411.270000000004
COYOACAN,LOS OLIVOS (FRACC),03-076,349.0,199.04,11309.26,13351.920000000002,1843.62
COYOACAN,LOS OLIVOS (U HAB),03-077,185.0,0.0,12033.71,17103.09,5069.379999999999
COYOACAN,LOS REYES (PBLO),03-078,5586.0,13630.97,151883.88999999998,216601.73,51086.84
COYOACAN,LOS SAUCES (FRACC),03-080,372.0,227.6,7584.72,8176.87,364.54999999999995
COYOACAN,MEDIA LUNA,03-081,171.0,1105.81,3328.0,5325.55,891.74
COYOACAN,MONTE DE PIEDAD,03-151,715.0,608.24,9520.779999999999,18189.16,8060.14
COYOACAN,NUEVA DIAZ ORDAZ,03-082,612.0,0.0,0.0,720.78,720.78
COYOACAN,OLIMPICA,03-083,425.0,19.96,11671.560000000001,14972.99,3281.4700000000003
COYOACAN,OXTOPULCO UNIVERSIDAD,03-084,866.0,1234.2,55551.81,69240.93,12454.919999999998
COYOACAN,PARQUE SAN ANDRES,03-085,2084.0,10667.02,116750.64,183712.1,56294.44
COYOACAN,PASEOS DE TAXQUEA I,03-133,2820.0,0.0,39449.56,39678.92,229.32999999999998
COYOACAN,PASEOS DE TAXQUEA II,03-134,2134.0,2839.3199999999997,42242.95,56541.69,11459.37
COYOACAN,PEDREGAL DE SAN ANGEL (AMPL),03-088,468.0,0.0,25606.94,34428.53,8821.59
COYOACAN,PEDREGAL DE SAN FRANCISCO (FRACC),03-089,408.0,170.1,19176.58,19569.920000000002,223.24
COYOACAN,PEDREGAL DE SANTA URSULA I,03-135,2884.0,0.0,1121.42,17633.690000000002,16512.27
COYOACAN,PEDREGAL DE SANTA URSULA II,03-136,2946.0,147.29,3.27,1294.03,1143.47
COYOACAN,PEDREGAL DE SANTA URSULA III,03-137,2574.0,73.02,0.0,7711.35,7638.33
COYOACAN,PEDREGAL DE SANTA URSULA IV,03-138,3216.0,0.0,14.55,3348.2799999999997,3333.73
COYOACAN,PEDREGAL DE STO DOMINGO I,03-139,2516.0,85.42,0.0,2508.25,2422.83
COYOACAN,PEDREGAL DE STO DOMINGO II,03-140,3270.0,67.72,84.53999999999999,6894.08,6741.82
COYOACAN,PEDREGAL DE STO DOMINGO III,03-141,2549.0,485.53999999999996,413.71,8030.289999999999,7131.04
COYOACAN,PEDREGAL DE STO DOMINGO IV,03-142,2841.0,0.0,0.0,261.94,261.94
COYOACAN,PEDREGAL DE STO DOMINGO IX,03-147,2175.0,202.36,10.61,6950.110000000001,6737.14
COYOACAN,PEDREGAL DE STO DOMINGO V,03-143,2991.0,0.0,0.0,1263.46,1263.46
COYOACAN,PEDREGAL DE STO DOMINGO VI,03-144,3630.0,0.0,0.0,1763.11,1763.11
COYOACAN,PEDREGAL DE STO DOMINGO VII,03-145,3442.0,0.0,0.0,7459.0,7459.0
COYOACAN,PEDREGAL DE STO DOMINGO VIII,03-146,2032.0,0.0,19.97,536.65,516.6800000000001
COYOACAN,PEDREGAL DEL MAUREL,03-091,840.0,0.0,119601.98,122178.37,2576.62
COYOACAN,PETROLERA TAXQUEA,03-092,387.0,790.8199999999999,18665.73,26186.1,6729.549999999999
COYOACAN,PILOTO CULHUACAN (U HAB),03-093,919.0,1201.96,41279.99,44895.45,2413.5
COYOACAN,PRADO CHURUBUSCO,03-094,3504.0,10023.23,176657.84,213758.09,27077.03
COYOACAN,PRADOS DE COYOACAN,03-095,856.0,2856.8399999999997,19318.02,29802.590000000004,7627.73
COYOACAN,PRESIDENTES EJIDALES PRIMERA SECCION,03-096,1038.0,1271.58,24911.629999999997,26540.31,357.1
COYOACAN,PRESIDENTES EJIDALES SEGUNDA SECCION,03-152,1177.0,3669.17,41709.87,84989.48,39610.439999999995
COYOACAN,RANCHO EL ROSARIO,03-097,156.0,92.3,2538.38,9073.970000000001,6443.29
COYOACAN,ROMERO DE TERREROS,03-098,856.0,5088.13,48286.24,95339.3,41964.93
COYOACAN,ROMERO DE TERREROS (FRACC),03-099,816.0,537.2,35507.979999999996,112851.12,76805.93
COYOACAN,SAN DIEGO CHURUBUSCO,03-100,517.0,4672.73,39852.44,74052.22,29527.02
COYOACAN,SAN FRANCISCO CULHUACAN (PBLO),03-101,3721.0,20086.82,129523.45,157974.32,8364.04
COYOACAN,SAN LUCAS (BARR),03-103,1478.0,4461.68,85283.84,106290.85999999999,16545.34
COYOACAN,SAN MATEO (BARR),03-104,1154.0,7200.4400000000005,50745.86,81269.41,23323.11
COYOACAN,SAN PABLO TEPETLAPA (PBLO),03-105,2349.0,3942.13,36977.29,45421.55,4502.13
COYOACAN,SANTA CATARINA (BARR),03-106,986.0,5296.8,86170.95,133345.47999999998,41877.729999999996
COYOACAN,SANTA CECILIA,03-107,862.0,410.28000000000003,25624.09,27099.92,1065.55
COYOACAN,SANTA URSULA COAPA (PBLO),03-109,3349.0,9954.95,158952.71000000002,197550.25,28642.6
COYOACAN,STUNAM CULHUACAN (U HAB),03-112,1119.0,0.0,71412.26999999999,73023.84,1611.5
COYOACAN,VIEJO EJIDO SANTA URSULA COAPA,03-113,2529.0,8044.8,51903.36,84918.56,24970.4
COYOACAN,VILLA COYOACAN,03-114,917.0,20191.309999999998,58044.66,126456.82,48220.85
COYOACAN,VILLA PANAMERICANA 1ERA. SECCIN (U HAB),03-115,1103.0,110.56,18161.33,28891.879999999997,10619.99
COYOACAN,VILLA PANAMERICANA 2DA. SECCIN (U HAB),03-116,568.0,0.0,12479.61,15491.55,3011.94
COYOACAN,VILLA PANAMERICANA 3ERA. SECCIN (U HAB),03-117,810.0,193.7,11271.58,19560.81,8095.530000000001
COYOACAN,VILLA PANAMERICANA 5TA. SECCIN (U HAB),03-119,850.0,0.0,75156.91,75782.5,625.61
COYOACAN,VILLA PANAMERICANA 7MA. SECCIN (U HAB),03-121,633.0,0.0,1899.3700000000001,9240.76,7341.389999999999
COYOACAN,VILLA QUIETUD (FRACC),03-122,891.0,1016.31,18324.46,44914.99,25574.22
COYOACAN,VISTAS DEL MAUREL (U HAB),03-124,573.0,0.0,52264.81,56018.07000000001,3753.25
COYOACAN,XOTEPINGO,03-125,537.0,3198.87,24385.379999999997,35487.37,7903.120000000001
CUAJIMALPA DE MORELOS,ABDIAS GARCIA SOTO,04-001,694.0,795.03,14440.169999999998,16087.220000000001,852.02
CUAJIMALPA DE MORELOS,ADOLFO LOPEZ MATEOS,04-002,236.0,195.12,10743.18,11492.31,554.01
CUAJIMALPA DE MORELOS,AGUA BENDITA,04-003,924.0,0.0,0.0,9758.5,9758.5
CUAJIMALPA DE MORELOS,AHUATENCO,04-004,1074.0,1910.5500000000002,26780.620000000003,30940.01,2248.84
CUAJIMALPA DE MORELOS,AMADO NERVO,04-005,100.0,0.0,1950.26,3207.6800000000003,1257.42
CUAJIMALPA DE MORELOS,BOSQUES DE LAS LOMAS,04-006,4021.0,4071.8100000000004,220114.68,287134.66000000003,62948.2
CUAJIMALPA DE MORELOS,CORREDOR SANTA FE,04-012,5432.0,20967.120000000003,306853.67,544084.4,216263.42
CUAJIMALPA DE MORELOS,EL CONTADERO,04-015,2316.0,2750.2,94327.39,110574.85,13497.26
CUAJIMALPA DE MORELOS,EL MOLINITO,04-016,89.0,319.62,2408.5299999999997,3292.33,564.1800000000001
CUAJIMALPA DE MORELOS,EL MOLINO,04-017,446.0,3932.59,28886.08,36383.92,3565.25
CUAJIMALPA DE MORELOS,EL TIANGUILLO,04-018,558.0,0.0,0.0,0.0,0.0
CUAJIMALPA DE MORELOS,EL YAQUI,04-019,591.0,287.24,30302.9,32040.85,1450.71
CUAJIMALPA DE MORELOS,JARDINES DE LA PALMA (HUIZACHITO),04-021,1035.0,909.53,50902.08,63468.23,11656.619999999999
CUAJIMALPA DE MORELOS,JESUS DEL MONTE,04-022,858.0,2021.75,25112.899999999998,35036.56,7901.91
CUAJIMALPA DE MORELOS,LA PILA,04-023,1222.0,0.0,0.0,6.959999999999999,6.959999999999999
CUAJIMALPA DE MORELOS,LA VENTA,04-025,0.0,30.64,1647.13,2641.41,963.64
CUAJIMALPA DE MORELOS,LAS TINAJAS,04-028,578.0,1010.6600000000001,115645.68000000001,176969.6,60313.27
CUAJIMALPA DE MORELOS,LOMA DEL PADRE,04-030,1155.0,0.0,0.0,1.26,1.26
CUAJIMALPA DE MORELOS,LOMAS DE MEMETLA,04-031,1564.0,1201.79,33077.94,40637.32,6357.59
CUAJIMALPA DE MORELOS,LOMAS DE VISTA HERMOSA,04-032,2317.0,558.12,332259.0,434802.38,101985.25
CUAJIMALPA DE MORELOS,LOMAS DEL CHAMIZAL,04-033,1395.0,10689.8,78995.95,100129.61,10443.86
CUAJIMALPA DE MORELOS,MANZANASTITLA,04-034,1347.0,0.0,7477.02,7526.29,49.269999999999996
CUAJIMALPA DE MORELOS,MEMETLA,04-035,189.0,208.1,3604.02,3909.9399999999996,97.82
CUAJIMALPA DE MORELOS,NAVIDAD (GRANJAS DE NAVIDAD),04-036,2754.0,15252.46,56238.42,85116.61,13625.73
CUAJIMALPA DE MORELOS,PALO ALTO (GRANJAS),04-038,619.0,3359.01,36329.73,126604.08,86915.34
CUAJIMALPA DE MORELOS,PORTAL DEL SOL,04-055,944.0,0.0,214700.33000000002,246499.41,31799.309999999998
CUAJIMALPA DE MORELOS,SAN JOSE DE LOS CEDROS I,04-058,1811.0,11707.59,53362.0,70054.25,4984.66
CUAJIMALPA DE MORELOS,SAN JOSE DE LOS CEDROS II,04-059,2114.0,18428.19,84062.01,142484.3,39994.100000000006
CUAJIMALPA DE MORELOS,SAN LORENZO ACOPILCO (PBLO),04-045,2512.0,0.0,0.0,131.51,131.51
CUAJIMALPA DE MORELOS,SAN MATEO TLALTENANGO (PBLO),04-046,5824.0,0.0,0.0,947.31,947.31
CUAJIMALPA DE MORELOS,SAN PABLO CHIMALPA (PBLO),04-047,2285.0,0.0,0.0,1417.27,1417.27
CUAJIMALPA DE MORELOS,SAN PEDRO CUAJIMALPA (PBLO),04-056,5902.0,37954.96,186419.14,257830.19,33456.1
CUAJIMALPA DE MORELOS,TEPETONGO,04-050,1080.0,4739.44,17797.79,22718.61,181.38
CUAJIMALPA DE MORELOS,ZENTLAPATL,04-052,1055.0,0.0,12.2,1530.8600000000001,1518.6599999999999
CUAUHTEMOC,ALGARIN,15-001,2338.0,40456.86,90896.95,167220.13,35866.32
CUAUHTEMOC,ASTURIAS,15-002,1566.0,9867.35,66176.03,84549.05,8505.67
CUAUHTEMOC,ASTURIAS (AMPL),15-003,1941.0,13363.01,86916.35,124955.35,24675.989999999998
CUAUHTEMOC,ATLAMPA,15-004,4074.0,4258.75,225481.0,285589.99,55850.259999999995
CUAUHTEMOC,BUENAVISTA I,15-035,2700.0,10671.1,157757.44,197930.5,29501.949999999997
CUAUHTEMOC,BUENAVISTA II,15-036,3107.0,22842.4,159308.8,297501.44,115350.24
CUAUHTEMOC,CENTRO I,15-037,2159.0,21748.760000000002,158084.36,253129.26,73296.13
CUAUHTEMOC,CENTRO II,15-038,2360.0,32733.510000000002,143923.35,205393.59,28736.71
CUAUHTEMOC,CENTRO III,15-039,1517.0,29901.47,93481.79000000001,210062.15000000002,86678.89
CUAUHTEMOC,CENTRO IV,15-040,2472.0,129402.43,99663.48999999999,818160.91,589094.98
CUAUHTEMOC,CENTRO V,15-041,863.0,25353.11,48065.76,130786.76,57367.89
CUAUHTEMOC,CENTRO VI,15-042,2623.0,49722.03,126081.4,357609.18,181805.76
CUAUHTEMOC,CENTRO VII,15-043,2233.0,88247.98,76015.67,256259.11,91995.46
CUAUHTEMOC,CENTRO VIII,15-044,103831.0,90492.81,195829.63,658407.76,372085.22
CUAUHTEMOC,CONDESA,15-008,3946.0,41295.74,215398.18,352898.62,96204.72
CUAUHTEMOC,CUAUHTEMOC,15-009,5730.0,63904.39,310856.36,729213.3400000001,354452.58999999997
CUAUHTEMOC,DOCTORES I,15-045,3467.0,18956.96,208466.94,344465.47,117041.53
CUAUHTEMOC,DOCTORES II,15-046,4995.0,19636.1,215589.15,327609.24,92384.03
CUAUHTEMOC,DOCTORES III,15-047,2914.0,17601.97,175456.92,248016.05,54957.15
CUAUHTEMOC,DOCTORES IV,15-048,3132.0,37120.12,163941.07,748690.9,547629.71
CUAUHTEMOC,DOCTORES V,15-049,3153.0,26621.68,186228.43,228693.34,15843.23
CUAUHTEMOC,ESPERANZA,15-011,1792.0,6931.8099999999995,95182.29000000001,117168.03,15053.880000000001
CUAUHTEMOC,EX HIPODROMO DE PERALVILLO,15-012,3489.0,23979.420000000002,118338.73,166126.62,23808.47
CUAUHTEMOC,FELIPE PESCADOR,15-013,902.0,4152.21,23296.23,33735.57,6287.13
CUAUHTEMOC,GUERRERO I,15-050,4183.0,27151.620000000003,247793.16999999998,292859.48,17914.7
CUAUHTEMOC,GUERRERO II,15-051,4330.0,25458.800000000003,233923.67,286603.34,27220.829999999998
CUAUHTEMOC,GUERRERO III,15-052,4144.0,34690.59,218506.62,304977.83,51780.58
CUAUHTEMOC,GUERRERO IV,15-053,2967.0,13116.579999999998,165260.0,233948.94,55572.34
CUAUHTEMOC,HIPODROMO CONDESA,15-016,1513.0,21864.32,98659.32,199688.87,79165.23
CUAUHTEMOC,HIPODROMO I,15-054,2621.0,55668.78,185245.33000000002,309352.05,68437.94
CUAUHTEMOC,HIPODROMO II,15-055,3171.0,35462.95,192239.77,330166.7,102463.97
CUAUHTEMOC,JUAREZ,15-017,4133.0,100198.26000000001,258748.09000000003,1023105.02,664158.5900000001
CUAUHTEMOC,MORELOS I,15-056,3548.0,18741.2,207195.79,252688.6,26751.59
CUAUHTEMOC,MORELOS II,15-057,3763.0,9315.05,230787.66999999998,261139.11,21036.440000000002
CUAUHTEMOC,MORELOS III,15-058,3400.0,17984.53,247470.28999999998,287613.67,22158.83
CUAUHTEMOC,OBRERA I,15-062,3704.0,52525.58,177538.23,300725.93,70662.13
CUAUHTEMOC,OBRERA II,15-063,3137.0,42705.01,158326.95,236860.46,35828.520000000004
CUAUHTEMOC,OBRERA III,15-064,3022.0,31836.37,166252.41999999998,212624.38,14535.58
CUAUHTEMOC,OBRERA IV,15-065,2445.0,51658.9,136751.47,207542.11,19131.739999999998
CUAUHTEMOC,PAULINO NAVARRO,15-022,1484.0,12545.07,75222.62,93609.04000000001,5841.349999999999
CUAUHTEMOC,PERALVILLO I,15-066,3510.0,38402.87,171154.31,225211.57,15654.39
CUAUHTEMOC,PERALVILLO II,15-067,3276.0,43016.42,172688.76,234031.12,18325.940000000002
CUAUHTEMOC,ROMA NORTE I,15-068,2920.0,71448.1,173826.189,451449.58999999997,206175.31
CUAUHTEMOC,ROMA NORTE II,15-069,3045.0,55369.67,181673.59,387819.35,150776.1
CUAUHTEMOC,ROMA NORTE III,15-070,5324.0,90321.89,275627.24,527186.73,161237.6
CUAUHTEMOC,ROMA SUR I,15-071,3353.0,40885.490000000005,171013.48,298984.9,87085.92
CUAUHTEMOC,ROMA SUR II,15-072,4520.0,47808.63,225669.40000000002,338809.42,65331.391
CUAUHTEMOC,SAN RAFAEL I,15-073,2723.0,35572.19,142959.77,260718.82,82186.87
CUAUHTEMOC,SAN RAFAEL II,15-074,6202.0,58086.479999999996,271249.25,406440.89,77105.15
CUAUHTEMOC,SAN SIMON TOLNAHUAC,15-027,4033.0,20686.45,201603.84999999998,237375.0,15084.74
CUAUHTEMOC,SANTA MARIA (U HAB),15-028,912.0,0.0,54942.37,54942.37,0.0
CUAUHTEMOC,SANTA MARIA INSURGENTES,15-029,524.0,6302.61,24780.980000000003,99385.36,68301.77
CUAUHTEMOC,SANTA MARIA LA RIBERA I,15-075,5633.0,52008.85,291187.16000000003,375814.95,32618.979999999996
CUAUHTEMOC,SANTA MARIA LA RIBERA II,15-076,4199.0,37923.2,253065.51,332306.39,41317.64
CUAUHTEMOC,SANTA MARIA LA RIBERA IV,15-078,5534.0,69548.68,289078.29000000004,429489.26,70862.23000000001
CUAUHTEMOC,TABACALERA,15-031,1393.0,33801.64,95069.88,378210.14,249338.53000000003
CUAUHTEMOC,TRANSITO,15-032,3662.0,18313.39,205189.6,307092.65,83589.61
CUAUHTEMOC,VALLE GOMEZ,15-033,2454.0,7131.85,125604.29000000001,141949.06,9212.970000000001
CUAUHTEMOC,VISTA ALEGRE,15-034,1008.0,21576.51,46296.17,74522.36,6649.68
GUSTAVO A. MADERO,15 DE AGOSTO,05-206,1079.0,6728.47,29124.41,43261.61,7408.73
GUSTAVO A. MADERO,25 DE JULIO,05-208,958.0,7475.700000000001,23977.78,44829.59,13376.11
GUSTAVO A. MADERO,51 LEGISLATURA,05-210,170.0,0.0,723.77,723.77,0.0
GUSTAVO A. MADERO,6 DE JUNIO,05-211,710.0,0.0,0.0,44.06,44.06
GUSTAVO A. MADERO,7 DE NOVIEMBRE,05-212,1104.0,3765.5299999999997,37709.13,53668.35,12193.69
GUSTAVO A. MADERO,ACUEDUCTO DE GUADALUPE (RDCIAL),05-001,1863.0,3743.45,60069.36,70547.8,6734.99
GUSTAVO A. MADERO,ACUEDUCTO DE GUADALUPE (U HAB),05-002,3879.0,0.0,199463.23,201399.23000000004,1936.0500000000002
GUSTAVO A. MADERO,AHUEHUETES,05-003,1086.0,97.61,249.59,371.68,24.48
GUSTAVO A. MADERO,ARAGON INGUARAN,05-005,892.0,11229.81,51800.33,65074.44,2044.3000000000002
GUSTAVO A. MADERO,ARAGON LA VILLA (ARAGON),05-006,1315.0,19403.19,47311.0,96219.29000000001,29505.1
GUSTAVO A. MADERO,ARBOLEDAS DE CUAUTEPEC,05-007,2081.0,0.0,258.03999999999996,1097.72,839.6800000000001
GUSTAVO A. MADERO,ARROYO GUADALUPE (U HAB),05-009,622.0,0.0,13389.75,23937.08,10547.33
GUSTAVO A. MADERO,BELISARIO DOMINGUEZ,05-010,347.0,5186.13,13100.54,21158.86,2872.19
GUSTAVO A. MADERO,BENITO JUAREZ,05-011,1801.0,4673.1900000000005,6427.38,14473.599999999999,3373.0299999999997
GUSTAVO A. MADERO,BENITO JUAREZ (AMPL),05-012,751.0,171.12,3111.14,5177.35,1895.0900000000001
GUSTAVO A. MADERO,BONDOJITO,05-013,1685.0,4815.62,50058.92,85141.95999999999,30267.42
GUSTAVO A. MADERO,C T M ARAGON (U),05-014,1830.0,2467.58,15451.58,19478.86,1559.7
GUSTAVO A. MADERO,C T M ARAGON AMPLIACION (U),05-015,102.0,147.0,621.64,822.9399999999998,54.3
GUSTAVO A. MADERO,CAMINO A SAN JUAN DE ARAGON (PBLO),05-016,1242.0,1659.99,23844.760000000002,45035.81,19531.09
GUSTAVO A. MADERO,CAMPESTRE ARAGON I,05-215,3264.0,15275.68,64815.78,85637.61,5546.15
GUSTAVO A. MADERO,CAMPESTRE ARAGON II,05-216,3453.0,32889.42,133123.41999999998,169058.7,3045.86
GUSTAVO A. MADERO,CAPULTITLAN,05-018,1182.0,8902.33,68311.64,87980.69,10766.630000000001
GUSTAVO A. MADERO,CASAS ALEMAN (AMPL) I,05-217,3188.0,27868.23,106638.08,146530.6,12024.29
GUSTAVO A. MADERO,CASAS ALEMAN (AMPL) II,05-218,3146.0,23503.69,102998.56,146027.12,19524.87
GUSTAVO A. MADERO,CASTILLO CHICO,05-020,1183.0,176.07999999999998,5176.78,5686.25,333.39
GUSTAVO A. MADERO,CASTILLO GRANDE,05-021,1108.0,144.04000000000002,4478.93,4639.2,16.23
GUSTAVO A. MADERO,CERRO PRIETO,05-023,1164.0,6812.5,29134.57,39634.15,3687.08
GUSTAVO A. MADERO,CHALMA DE GUADALUPE I,05-219,3208.0,0.0,0.0,353.66,353.66
GUSTAVO A. MADERO,CHALMA DE GUADALUPE II,05-220,2885.0,0.0,0.0,8228.539999999999,8228.539999999999
GUSTAVO A. MADERO,CHURUBUSCO TEPEYAC,05-025,529.0,1606.99,16528.32,18318.23,182.92000000000002
GUSTAVO A. MADERO,COCOYOTES,05-026,1329.0,110.37,461.46000000000004,577.06,5.23
GUSTAVO A. MADERO,COCOYOTES (AMPL),05-027,361.0,104.31,831.5,1049.7,113.89
GUSTAVO A. MADERO,COMPOSITORES MEXICANOS,05-028,3254.0,3278.33,9715.189999999999,14702.349999999999,1708.83
GUSTAVO A. MADERO,CONSTITUCION DE LA REPUBLICA,05-029,3720.0,5685.75,42404.24,63237.3,15147.310000000001
GUSTAVO A. MADERO,CTM ATZACOALCO (U HAB),05-031,2557.0,4182.2,39900.01,47082.79,3000.58
GUSTAVO A. MADERO,CTM EL RISCO (U HAB),05-032,2597.0,1403.6399999999999,19334.64,26784.1,6045.82
GUSTAVO A. MADERO,CUAUTEPEC DE MADERO,05-033,2336.0,18213.56,38683.0,62694.880000000005,5798.32
GUSTAVO A. MADERO,CUAUTEPEC EL ALTO (PBLO),05-034,1630.0,392.25,0.0,4279.1900000000005,3886.94
GUSTAVO A. MADERO,CUCHILLA DEL TESORO,05-035,3144.0,37069.91,105134.23000000001,146551.1,4346.96
GUSTAVO A. MADERO,CUCHILLA LA JOYA,05-036,718.0,6837.18,28067.510000000002,40714.91,5810.22
GUSTAVO A. MADERO,DEFENSORES DE LA REPUBLICA,05-037,1250.0,13808.47,42455.6,60535.899999999994,4271.83
GUSTAVO A. MADERO,DEL BOSQUE,05-038,1484.0,5173.54,31407.809999999998,38186.15,1604.8000000000002
GUSTAVO A. MADERO,DEL OBRERO,05-039,1173.0,6468.6900000000005,22685.829999999998,30374.18,1219.66
GUSTAVO A. MADERO,DM NACIONAL,05-040,2924.0,0.0,150890.78,173053.19,22162.28
GUSTAVO A. MADERO,EDUARDO MOLINA I (U HAB),05-041,420.0,0.0,23579.97,26834.73,3254.74
GUSTAVO A. MADERO,EJIDOS SAN JUAN DE ARAGON 1A SECCION (U HAB),05-043,814.0,3474.17,7034.37,12569.07,2060.53
GUSTAVO A. MADERO,EJIDOS SAN JUAN DE ARAGON 2A SECCION (U HAB),05-044,238.0,858.4200000000001,1581.2,7183.53,4743.91
GUSTAVO A. MADERO,EL ARBOLILLO,05-045,304.0,69.53,2531.96,2611.69,10.2
GUSTAVO A. MADERO,EL ARBOLILLO 1 (U HAB),05-046,2308.0,40.26,127690.59000000001,129496.56,1765.85
GUSTAVO A. MADERO,EL ARBOLILLO 2 (U HAB),05-047,1467.0,436.68,105134.85,112959.26999999999,7387.66
GUSTAVO A. MADERO,EL ARBOLILLO 3 (U HAB),05-048,757.0,0.0,46887.68,47089.119999999995,201.42000000000002
GUSTAVO A. MADERO,EL CARMEN,05-049,2028.0,2655.36,11622.75,15028.260000000002,750.1500000000001
GUSTAVO A. MADERO,EL COYOL (U HAB),05-050,655.0,0.0,3741.75,7982.51,4240.76
GUSTAVO A. MADERO,EL OLIVO,05-051,514.0,2038.75,5667.03,8695.12,989.34
GUSTAVO A. MADERO,EMILIANO ZAPATA,05-052,1360.0,4879.96,55659.13,62097.71,1558.62
GUSTAVO A. MADERO,EMILIANO ZAPATA (AMPL),05-053,377.0,4142.62,13579.02,18335.96,614.32
GUSTAVO A. MADERO,ESTANZUELA,05-054,1012.0,3135.8,18066.510000000002,21891.04,688.73
GUSTAVO A. MADERO,ESTRELLA,05-055,2828.0,21769.43,106422.14000000001,146161.36,17969.79
GUSTAVO A. MADERO,EX-ESCUELA DE TIRO,05-056,552.0,368.90999999999997,6402.42,7051.44,280.11
GUSTAVO A. MADERO,FAJA DE ORO,05-058,513.0,6704.719999999999,26203.73,38854.05,5945.6
GUSTAVO A. MADERO,FERNANDO CASAS ALEMAN,05-059,415.0,7506.540000000001,14378.150000000001,22185.14,300.45
GUSTAVO A. MADERO,FERROCARRILERA INSURGENTES,05-060,61.0,0.0,997.5899999999999,997.5899999999999,0.0
GUSTAVO A. MADERO,FOVISSSTE CUCHILLA (U HAB),05-061,171.0,406.58,33330.04,33818.770000000004,82.1
GUSTAVO A. MADERO,FOVISSTE ARAGON (U HAB),05-057,399.0,255.91,2134.77,7258.33,4867.65
GUSTAVO A. MADERO,GABRIEL HERNANDEZ,05-063,3468.0,8030.18,26646.43,35475.2,798.59
GUSTAVO A. MADERO,GABRIEL HERNANDEZ (AMPL) I,05-221,2018.0,2454.43,11358.47,18171.120000000003,4358.219999999999
GUSTAVO A. MADERO,GABRIEL HERNANDEZ (AMPL) II,05-222,2004.0,7058.53,28749.42,41100.01,5292.0599999999995
GUSTAVO A. MADERO,GENERAL FELIPE BERRIOZABAL,05-065,1377.0,0.0,0.0,223.62,223.62
GUSTAVO A. MADERO,GERTRUDIS SANCHEZ 1A SECCION,05-066,1109.0,8081.9,42256.55,52104.729999999996,1766.28
GUSTAVO A. MADERO,GERTRUDIS SANCHEZ 2A SECCION,05-067,2235.0,13572.39,64217.89,90232.73,12442.45
GUSTAVO A. MADERO,GERTRUDIS SANCHEZ 3A SECCION,05-068,2204.0,19776.67,68099.11,94495.73999999999,6619.959999999999
GUSTAVO A. MADERO,GRANJAS MODERNAS-SAN JUAN DE ARAGON (AMPL),05-070,766.0,4369.91,28869.95,137953.88,104714.02
GUSTAVO A. MADERO,GUADALUPE INSURGENTES,05-071,1432.0,14193.59,76539.7,104423.98999999999,13690.7
GUSTAVO A. MADERO,GUADALUPE PROLETARIA,05-072,2363.0,21299.6,64689.69,92974.51,6985.219999999999
GUSTAVO A. MADERO,GUADALUPE PROLETARIA (AMPL),05-073,1003.0,1765.52,11520.84,13632.400000000001,346.03999999999996
GUSTAVO A. MADERO,GUADALUPE TEPEYAC,05-074,2688.0,28752.16,104568.88,161514.98,28193.94
GUSTAVO A. MADERO,GUADALUPE VICTORIA,05-075,383.0,9954.94,4874.57,16515.36,1685.85
GUSTAVO A. MADERO,GUADALUPE VICTORIA II,05-076,1181.0,16111.5,49519.92,78781.61,13150.19
GUSTAVO A. MADERO,HEROE DE NACOZARI,05-077,772.0,8845.869999999999,33096.729999999996,44050.49,2107.89
GUSTAVO A. MADERO,HEROES DE CHAPULTEPEC,05-078,395.0,3734.96,15165.8,19928.9,1028.1399999999999
GUSTAVO A. MADERO,INDECO (U HAB),05-080,522.0,40.44,2094.16,2204.59,69.99
GUSTAVO A. MADERO,INDUSTRIAL I,05-223,2970.0,32280.01,128235.5,183819.28999999998,23303.78
GUSTAVO A. MADERO,INDUSTRIAL II,05-224,2978.0,19726.32,104592.44,132576.79,8258.029999999999
GUSTAVO A. MADERO,JORGE NEGRETE,05-086,2493.0,12382.79,73054.95999999999,88958.37,3520.6499999999996
GUSTAVO A. MADERO,JOYAS VALLEJO (U HAB),05-214,3059.0,0.0,279160.83,279328.51,167.66
GUSTAVO A. MADERO,JUAN DE DIOS BATIZ (U HAB),05-090,568.0,0.0,33853.46,33940.5,87.05
GUSTAVO A. MADERO,JUAN GONZALEZ ROMERO,05-091,2495.0,15404.369999999999,46502.03,73007.24,11100.84
GUSTAVO A. MADERO,JUVENTINO ROSAS,05-092,357.0,54.120000000000005,0.0,174.07999999999998,119.96000000000001
GUSTAVO A. MADERO,LA CANDELARIA TICOMAN (BARR),05-093,2496.0,0.0,0.0,697.56,697.56
GUSTAVO A. MADERO,LA CASILDA,05-094,2123.0,0.0,0.0,580.27,580.27
GUSTAVO A. MADERO,LA CRUZ (BARR),05-095,790.0,0.0,1086.1200000000001,1313.82,227.70000000000002
GUSTAVO A. MADERO,LA ESMERALDA (U HAB),05-097,562.0,0.0,0.0,87.01,87.01
GUSTAVO A. MADERO,LA ESMERALDA I,05-096,941.0,0.0,55315.0,56147.69,832.55
GUSTAVO A. MADERO,LA ESMERALDA II,05-253,427.0,1886.92,8505.5,11667.61,1275.19
GUSTAVO A. MADERO,LA ESMERALDA III,05-254,896.0,0.0,37959.32,37999.93,40.62
GUSTAVO A. MADERO,LA FORESTAL,05-098,1714.0,4643.5,3218.51,10937.220000000001,3075.21
GUSTAVO A. MADERO,LA FORESTAL 1,05-099,130.0,0.0,0.0,84.76,84.76
GUSTAVO A. MADERO,LA JOYA,05-102,1970.0,13784.89,62779.399999999994,78850.15,2285.86
GUSTAVO A. MADERO,LA JOYITA,05-103,557.0,3304.79,13504.52,17704.42,895.1099999999999
GUSTAVO A. MADERO,LA LAGUNA TICOMAN (BARR),05-104,2513.0,14065.8,55664.520000000004,92832.09,23101.77
GUSTAVO A. MADERO,LA MALINCHE,05-105,1262.0,16985.96,64897.34,85682.02,3798.7200000000003
GUSTAVO A. MADERO,LA PASTORA,05-106,2733.0,0.0,0.0,6806.23,6806.23
GUSTAVO A. MADERO,LA PATERA-CONDOMODULOS (U HAB),05-107,1640.0,7939.77,105893.73000000001,134354.72999999998,20521.23
GUSTAVO A. MADERO,LA PRADERA,05-108,2427.0,127.42,173.26,8027.5599999999995,7726.880000000001
GUSTAVO A. MADERO,LA PRADERA I (U HAB),05-109,1057.0,19.48,0.0,610.22,590.74
GUSTAVO A. MADERO,LA PRADERA II (U HAB),05-110,501.0,0.0,0.0,275.58,275.58
GUSTAVO A. MADERO,LA PURISIMA TICOMAN (BARR),05-111,2064.0,8900.93,68423.08,117042.75,39718.71
GUSTAVO A. MADERO,LINDAVISTA I,05-225,3273.0,30435.54,213616.41,364799.22,120747.27
GUSTAVO A. MADERO,LINDAVISTA II,05-226,3064.0,27951.559999999998,235658.14,505098.18,241488.48
GUSTAVO A. MADERO,LINDAVISTA VALLEJO (U HAB),05-113,3745.0,0.0,231167.88,237684.72999999998,6516.96
GUSTAVO A. MADERO,LOMA DE LA PALMA,05-114,103630.0,1878.75,11628.369999999999,366962.56,353455.44
GUSTAVO A. MADERO,LOMAS DE CUAUTEPEC,05-115,3087.0,1157.97,5226.860000000001,6902.01,517.1800000000001
GUSTAVO A. MADERO,MAGDALENA DE LAS SALINAS,05-119,989.0,5791.39,23022.45,440823.13,412009.36
GUSTAVO A. MADERO,MALACATES,05-120,1941.0,0.0,0.0,62.4,62.4
GUSTAVO A. MADERO,MALACATES (AMPL),05-121,1937.0,0.0,0.0,0.0,0.0
GUSTAVO A. MADERO,MARTIN CARRERA I,05-227,2768.0,22760.89,131707.22999999998,166957.94,12489.83
GUSTAVO A. MADERO,MARTIN CARRERA II,05-228,2448.0,25478.93,84686.21,114567.16,4402.02
GUSTAVO A. MADERO,MARTIRES DE RIO BLANCO,05-124,1650.0,22061.53,70813.33,109642.31,16767.45
GUSTAVO A. MADERO,MARTIRES DE RIO BLANCO (AMPL),05-125,291.0,3503.7799999999997,9906.88,14102.529999999999,691.87
GUSTAVO A. MADERO,MAXIMINO AVILA CAMACHO,05-126,579.0,14034.029999999999,19083.97,36701.85,3583.85
GUSTAVO A. MADERO,NARCISO BASSOLS (U HAB),05-127,1292.0,0.0,81273.04999999999,84141.44,2868.36
GUSTAVO A. MADERO,NUEVA ATZACOALCO II,05-230,2875.0,27650.57,88320.57,122506.90000000001,6535.76
GUSTAVO A. MADERO,NUEVA ATZACOALCO III,05-231,2998.0,20575.34,86170.69,109589.51000000001,2843.48
GUSTAVO A. MADERO,NUEVA INDUSTRIAL VALLEJO (FRACC),05-129,1417.0,57.46,81910.62,151108.51,69140.43
GUSTAVO A. MADERO,NUEVA TENOCHTITLAN,05-130,2208.0,21954.21,84981.19,115218.69,8283.29
GUSTAVO A. MADERO,NUEVA VALLEJO,05-131,1187.0,15550.48,40475.36,130760.54000000001,74734.7
GUSTAVO A. MADERO,PALMATITLA,05-132,3192.0,529.14,0.0,4542.53,4013.39
GUSTAVO A. MADERO,PANAMERICANA,05-133,1630.0,10366.23,40437.76,72699.26000000001,21895.27
GUSTAVO A. MADERO,PANAMERICANA (AMPL),05-134,387.0,3466.02,14174.95,19357.02,1716.0500000000002
GUSTAVO A. MADERO,PARQUE METROPOLITANO,05-135,877.0,0.0,0.0,153.3,153.3
GUSTAVO A. MADERO,PLANETARIO LINDAVISTA,05-137,260.0,887.54,14653.18,16463.510000000002,922.79
GUSTAVO A. MADERO,PLAZA ORIENTE (RDCIAL),05-138,289.0,0.0,7823.33,14755.31,6931.99
GUSTAVO A. MADERO,PRADOS DE CUAUTEPEC,05-139,139.0,0.0,0.0,296.17,296.17
GUSTAVO A. MADERO,PROGRESO NACIONAL (AMPL),05-141,1638.0,17413.75,80067.83,101496.76000000001,4015.1800000000003
GUSTAVO A. MADERO,PROGRESO NACIONAL I,05-232,1859.0,37112.08,75679.62,116901.33,4109.63
GUSTAVO A. MADERO,PROGRESO NACIONAL II,05-233,1857.0,24412.2,72257.97,102856.22,6186.049999999999
GUSTAVO A. MADERO,PROVIDENCIA (AMPL),05-143,1787.0,15.94,45.88,3139.65,3077.83
GUSTAVO A. MADERO,PROVIDENCIA I,05-234,2393.0,2229.74,244.61,4603.99,2129.6400000000003
GUSTAVO A. MADERO,PROVIDENCIA II,05-235,2061.0,1602.83,481.55,3276.39,1192.01
GUSTAVO A. MADERO,PROVIDENCIA III,05-236,2346.0,1258.8,530.73,6740.35,4950.82
GUSTAVO A. MADERO,RESIDENCIAL LA ESCALERA (FRACC),05-145,723.0,903.71,100545.26999999999,103616.76000000001,2167.85
GUSTAVO A. MADERO,RESIDENCIAL ZACATENCO,05-146,1581.0,14785.2,76146.99,126827.67000000001,35895.44
GUSTAVO A. MADERO,REVOLUCION IMSS (U HAB),05-147,152.0,0.0,11974.73,11974.73,0.0
GUSTAVO A. MADERO,ROSAS DEL TEPEYAC,05-148,332.0,751.0,4086.0000000000005,6500.030000000001,1663.03
GUSTAVO A. MADERO,SALVADOR DIAZ MIRON,05-149,2228.0,11151.08,41622.99,58967.2,6193.13
GUSTAVO A. MADERO,SAN ANTONIO,05-150,150.0,55.86,2396.36,2452.22,0.0
GUSTAVO A. MADERO,SAN BARTOLO ATEPEHUACAN (PBLO),05-151,2418.0,24123.21,81632.5,123231.68,17475.97
GUSTAVO A. MADERO,SAN FELIPE DE JESUS I,05-237,2940.0,8804.89,31968.25,41415.44,642.3
GUSTAVO A. MADERO,SAN FELIPE DE JESUS II,05-238,3064.0,30643.38,75938.06,114318.22,7736.780000000001
GUSTAVO A. MADERO,SAN FELIPE DE JESUS III,05-239,3244.0,23834.29,64245.36,92494.95,4415.3
GUSTAVO A. MADERO,SAN FELIPE DE JESUS IV,05-240,3444.0,18111.45,39464.82,65137.42,7561.15
GUSTAVO A. MADERO,SAN JOSE DE LA ESCALERA,05-153,1201.0,7319.110000000001,53128.0,69230.95,8783.84
GUSTAVO A. MADERO,SAN JOSE TICOMAN,05-154,937.0,122.43,15534.42,17356.16,1699.31
GUSTAVO A. MADERO,SAN JUAN DE ARAGON (PBLO),05-156,3015.0,11947.85,127319.44,170629.13,31361.79
GUSTAVO A. MADERO,SAN JUAN DE ARAGON 1A SECCION (U HAB) I,05-241,2233.0,5161.01,37854.18,67275.33,24260.140000000003
GUSTAVO A. MADERO,SAN JUAN DE ARAGON 1A SECCION (U HAB) II,05-242,2303.0,7579.18,48450.78,59568.19,3538.23
GUSTAVO A. MADERO,SAN JUAN DE ARAGON 2A SECCION (U HAB) I,05-243,1964.0,5303.4400000000005,24451.23,33224.04,3469.37
GUSTAVO A. MADERO,SAN JUAN DE ARAGON 2A SECCION (U HAB) II,05-244,1576.0,1256.3,21270.58,23925.010000000002,1398.13
GUSTAVO A. MADERO,SAN JUAN DE ARAGON 3A SECCION (U HAB) I,05-159,1450.0,1693.45,33360.7,40110.65,5056.5
GUSTAVO A. MADERO,SAN JUAN DE ARAGON 3A SECCION (U HAB) II,05-255,1373.0,5864.360000000001,26027.93,35194.09,3301.8
GUSTAVO A. MADERO,SAN JUAN DE ARAGON 4A  Y 5A SECCION (U HAB) I,05-245,2072.0,2329.68,29787.059999999998,36767.06,4650.32
GUSTAVO A. MADERO,SAN JUAN DE ARAGON 4A  Y 5A SECCION (U HAB) II,05-246,1823.0,3665.45,28926.089999999997,38851.26,6259.719999999999
GUSTAVO A. MADERO,SAN JUAN DE ARAGON 6A SECCION (U HAB) I,05-161,1526.0,1788.23,22401.38,28470.690000000002,4281.08
GUSTAVO A. MADERO,SAN JUAN DE ARAGON 6A SECCION (U HAB) II,05-256,1307.0,2491.09,26485.46,36597.05,7620.5
GUSTAVO A. MADERO,SAN JUAN DE ARAGON 7 SECC (U HAB) I,05-247,1480.0,441.62,265.93,1640.6100000000001,933.06
GUSTAVO A. MADERO,SAN JUAN DE ARAGON 7 SECC (U HAB) II,05-248,1506.0,367.99,93.02,5190.37,4729.36
GUSTAVO A. MADERO,SAN JUAN III (U HAB),05-163,1028.0,0.0,185215.09,199806.56,14591.73
GUSTAVO A. MADERO,SAN JUAN Y GUADALUPE TICOMAN (BARR),05-164,2238.0,71.46,0.0,1676.76,1605.3
GUSTAVO A. MADERO,SAN MIGUEL CUAUTEPEC,05-165,279.0,73.74,0.0,403.84000000000003,330.1
GUSTAVO A. MADERO,SAN MIGUEL-LA ESCALERA (BARR),05-166,454.0,0.0,10744.63,11197.7,453.07
GUSTAVO A. MADERO,SAN PEDRO EL CHICO,05-167,1406.0,7607.98,64086.29,78351.86,6657.59
GUSTAVO A. MADERO,SAN PEDRO ZACATENCO (PBLO),05-168,2566.0,7228.47,39904.16,49560.72,2428.09
GUSTAVO A. MADERO,SAN RAFAEL TICOMAN (BARR),05-169,470.0,1036.51,3079.49,17195.24,13079.240000000002
GUSTAVO A. MADERO,SANTA ISABEL TOLA (PBLO),05-170,4076.0,22444.23,89061.11,131139.91,19634.57
GUSTAVO A. MADERO,SANTA ROSA,05-171,2481.0,35749.43,89490.88,135678.66,10438.35
GUSTAVO A. MADERO,SANTIAGO ATEPETLAC,05-172,1243.0,8592.54,35921.35,45585.78,1071.8899999999999
GUSTAVO A. MADERO,SANTIAGO ATZACOALCO (PBLO),05-174,1592.0,15616.849999999999,37550.54,62774.65,9607.26
GUSTAVO A. MADERO,SIETE MARAVILLAS,05-176,589.0,2160.84,36346.07,48058.71000000001,9551.8
GUSTAVO A. MADERO,SOLIDARIDAD NACIONAL,05-177,578.0,2295.9300000000003,8885.439999999999,19518.36,8336.99
GUSTAVO A. MADERO,TABLAS DE SAN AGUSTIN,05-179,1468.0,10141.31,51437.130000000005,72213.43000000001,10634.99
GUSTAVO A. MADERO,TEPETATAL,05-180,886.0,2255.71,2946.9,6025.1,822.49
GUSTAVO A. MADERO,TEPEYAC INSURGENTES,05-181,2640.0,37845.229999999996,107934.08,205843.75,60064.44
GUSTAVO A. MADERO,TLACAMACA,05-183,433.0,3896.02,12640.35,39677.9,23141.54
GUSTAVO A. MADERO,TLALPEXCO,05-184,3438.0,229.16,100.69,937.49,607.64
GUSTAVO A. MADERO,TORRES DE QUIROGA (U HAB),05-185,5785.0,1294.6,186632.56,189960.71,2033.47
GUSTAVO A. MADERO,TORRES LINDAVISTA (FRACC),05-188,1105.0,648.64,63056.46,84898.26,21193.16
GUSTAVO A. MADERO,TRES ESTRELLAS,05-189,1400.0,11705.970000000001,53968.12,70019.89,4345.8
GUSTAVO A. MADERO,VALLE DE MADERO,05-192,1090.0,2591.66,12307.57,18215.4,3316.17
GUSTAVO A. MADERO,VALLE DEL TEPEYAC,05-193,731.0,3059.0299999999997,34535.98,39018.8,1423.79
GUSTAVO A. MADERO,VALLEJO I,05-249,3195.0,18565.56,152175.75,190857.24,20115.93
GUSTAVO A. MADERO,VALLEJO II,05-250,2856.0,25976.4,126073.85999999999,177557.1,25506.84
GUSTAVO A. MADERO,VALLEJO PONIENTE,05-195,717.0,3936.2200000000003,20335.440000000002,30473.67,6202.01
GUSTAVO A. MADERO,VASCO DE QUIROGA,05-196,2708.0,18666.62,56276.67999999999,83916.51,8973.21
GUSTAVO A. MADERO,VILLA DE ARAGON,05-213,174.0,33.75,6305.950000000001,6616.129999999999,276.43
GUSTAVO A. MADERO,VILLA DE ARAGON (FRACC),05-198,1322.0,4275.38,52701.49,60887.43000000001,3910.56
GUSTAVO A. MADERO,VILLA GUSTAVO A MADERO,05-199,1065.0,10065.67,31563.909999999996,86879.67,45250.09
GUSTAVO A. MADERO,VILLA HERMOSA,05-200,352.0,2739.59,13927.41,18332.760000000002,1665.76
GUSTAVO A. MADERO,VISTA HERMOSA,05-202,575.0,0.0,0.0,676.27,676.27
GUSTAVO A. MADERO,ZONA ESCOLAR I,05-251,1889.0,20404.67,39344.93,63307.020000000004,3557.42
GUSTAVO A. MADERO,ZONA ESCOLAR II,05-252,2066.0,18875.96,38201.07,59279.46,2202.4300000000003
GUSTAVO A. MADERO,ZONA ESCOLAR ORIENTE,05-205,824.0,1450.06,10150.28,20914.77,9314.43
IZTACALCO,AGRICOLA ORIENTAL I,06-040,5267.0,32419.769999999997,269645.78,351248.24,49182.880000000005
IZTACALCO,AGRICOLA ORIENTAL II,06-041,3139.0,21470.89,146216.44,182258.11,14570.75
IZTACALCO,AGRICOLA ORIENTAL III,06-042,3485.0,30958.739999999998,134552.28,172995.15,7484.12
IZTACALCO,AGRICOLA ORIENTAL IV,06-043,2747.0,29276.629999999997,137740.72999999998,182503.39,15486.029999999999
IZTACALCO,AGRICOLA ORIENTAL V,06-044,3279.0,34721.93,161170.49,213177.52,17285.1
IZTACALCO,AGRICOLA ORIENTAL VI,06-045,3830.0,30272.64,204143.76,242464.09999999998,8047.6900000000005
IZTACALCO,AGRICOLA ORIENTAL VII,06-046,2695.0,19747.38,129304.73000000001,156226.51,7174.4
IZTACALCO,AGRICOLA ORIENTAL VIII,06-047,3090.0,24314.48,111108.42,142698.0,7275.1
IZTACALCO,AMPLIACION RAMOS MILLAN,06-002,2275.0,7439.04,46366.97,63147.490000000005,9341.48
IZTACALCO,CAMPAMENTO 2 DE OCTUBRE I,06-048,2259.0,1654.82,14688.16,18920.72,2577.74
IZTACALCO,CAMPAMENTO 2 DE OCTUBRE II,06-049,2344.0,5579.11,24947.29,39484.119999999995,8957.720000000001
IZTACALCO,CARLOS ZAPATA VELA,06-004,2204.0,5539.45,47424.36,77345.01,24381.2
IZTACALCO,CUCHILLA AGRICOLA ORIENTAL,06-006,760.0,7092.700000000001,22833.6,32289.15,2362.85
IZTACALCO,CUCHILLA RAMOS MILLAN,06-007,1233.0,1784.2399999999998,6844.6,13037.97,4409.13
IZTACALCO,EL RODEO,06-008,1563.0,15705.27,45965.96,64992.78,3321.55
IZTACALCO,EX EJIDOS DE LA MAGDALENA MIXIHUCA,06-009,446.0,3695.76,20213.02,27882.480000000003,3973.7
IZTACALCO,FRACCIONAMIENTO COYUYA,06-005,779.0,8.040000000000001,51811.69,53143.92,1324.17
IZTACALCO,GABRIEL RAMOS MILLAN,06-010,2033.0,9363.81,37742.270000000004,57204.53,10098.45
IZTACALCO,GRANJAS MEXICO I,06-050,3003.0,28029.11,141290.72999999998,383577.04,214257.19
IZTACALCO,GRANJAS MEXICO II,06-051,2772.0,21674.56,140632.5,283864.99,121557.92
IZTACALCO,INFONAVIT IZTACALCO (U HAB) I,06-052,2576.0,425.98,89590.911,108289.981,18273.09
IZTACALCO,INFONAVIT IZTACALCO (U HAB) II,06-053,2274.0,0.0,16599.66,29034.519999999997,12434.86
IZTACALCO,INPI PICOS,06-013,758.0,708.19,18709.02,23626.91,4209.6900000000005
IZTACALCO,JARDINES TECMA,06-014,488.0,3704.1900000000005,16509.29,21304.33,1090.85
IZTACALCO,JUVENTINO ROSAS I,06-054,2114.0,12281.94,75569.83,92310.85,4459.08
IZTACALCO,JUVENTINO ROSAS II,06-055,2013.0,13047.2,65581.86,87473.3,8844.24
IZTACALCO,LA ASUNCION,06-016,464.0,2235.08,25020.3,32371.239999999998,5115.860000000001
IZTACALCO,LA CRUZ,06-017,1136.0,11728.9,48743.3,80150.5,19678.3
IZTACALCO,LOS REYES,06-018,2168.0,7198.48,78682.4,95466.7,9585.77
IZTACALCO,MILITAR MARTE,06-019,2189.0,8013.26,74873.1,97988.78,15102.420000000002
IZTACALCO,MOSCO CHINAMPA,06-020,307.0,856.3299999999999,5231.389999999999,6378.969999999999,291.25
IZTACALCO,NUEVA STA ANITA,06-021,792.0,10996.77,35407.96,59619.45,13214.72
IZTACALCO,PANTITLAN I,06-056,4065.0,23901.15,206802.84,248019.11000000002,17315.120000000003
IZTACALCO,PANTITLAN II,06-057,3249.0,28125.27,155625.05,195563.03999999998,11812.67
IZTACALCO,PANTITLAN III,06-058,3327.0,12235.02,157062.44,186178.72,16881.309999999998
IZTACALCO,PANTITLAN IV,06-059,5587.0,21772.58,301881.47,346151.70999999996,22497.55
IZTACALCO,PANTITLAN V,06-060,6457.0,27888.71,330999.06,396850.59,37962.79
IZTACALCO,PICOS IZTACALCO 1-A,06-023,488.0,0.0,78.28,2503.01,2424.73
IZTACALCO,PICOS IZTACALCO 1B,06-024,428.0,206.18,1072.35,1756.27,477.74
IZTACALCO,PICOS IZTACALCO 2A,06-025,497.0,259.48,1611.92,2799.29,927.8899999999999
IZTACALCO,RAMOS MILLAN BRAMADERO I,06-061,2122.0,12206.08,55279.49,83711.82,16226.25
IZTACALCO,RAMOS MILLAN BRAMADERO II,06-062,2294.0,8072.28,54142.06,65115.92,2901.58
IZTACALCO,REFORMA IZTACCIHUATL NORTE,06-027,1873.0,7122.54,76293.36,93013.29000000001,9597.39
IZTACALCO,REFORMA IZTACCIHUATL SUR,06-028,1188.0,8513.8,60040.53,72388.81,3834.4799999999996
IZTACALCO,SAN FCO XICALTONGO,06-029,867.0,7194.86,32106.52,42513.64,3212.27
IZTACALCO,SAN MIGUEL,06-030,1915.0,9506.11,66768.88,84821.31,8546.32
IZTACALCO,SAN PEDRO IZTACALCO,06-031,1649.0,15429.0,71470.05,95052.16,8153.110000000001
IZTACALCO,SANTA ANITA,06-032,3350.0,25799.75,162727.19,227609.87,39082.979999999996
IZTACALCO,SANTA CRUZ,06-033,488.0,3065.54,22910.129999999997,27001.37,1025.6999999999998
IZTACALCO,SANTIAGO NORTE,06-034,1220.0,8196.99,53229.990000000005,65158.94,3731.96
IZTACALCO,SANTIAGO SUR,06-035,2379.0,6671.0,67679.63,88851.54000000001,14500.92
IZTACALCO,TLACOTAL RAMOS MILLAN,06-036,2166.0,6188.54,47463.29,57394.68,3742.85
IZTACALCO,TLAZINTLA,06-037,754.0,2552.5,31126.760000000002,36272.05,2592.79
IZTACALCO,VIADUCTO PIEDAD,06-038,3729.0,44661.94,170596.43,239839.05,24580.68
IZTACALCO,ZAPOTLA,06-039,1143.0,2418.19,77999.68000000001,88038.44,7620.55
IZTAPALAPA,12 DE DICIEMBRE,07-253,815.0,2591.37,14442.91,18441.64,1407.36
IZTAPALAPA,1A AMPLIACION SANTIAGO ACAHUALTEPEC,07-254,1870.0,646.19,27.880000000000003,2239.98,1565.9099999999999
IZTAPALAPA,2A AMPLIACION SANTIAGO ACAHUALTEPEC I,07-308,2221.0,55.54,147.66,2135.67,1932.4699999999998
IZTAPALAPA,2A AMPLIACION SANTIAGO ACAHUALTEPEC II,07-309,3985.0,79.12,0.0,2903.96,2824.84
IZTAPALAPA,8A DE SAN MIGUEL (AMPL),07-256,529.0,1892.79,6115.04,22287.75,14279.919999999998
IZTAPALAPA,ACULCO (PBLO),07-001,1616.0,8170.629999999999,53640.25,65593.64,3782.7599999999998
IZTAPALAPA,ALVARO OBREGON,07-005,1289.0,0.0,0.0,2354.05,2354.05
IZTAPALAPA,ALVARO OBREGON_(FRACC),07-006,1694.0,0.0,48.91,22701.699999999997,22652.79
IZTAPALAPA,ANTORCHA POPULAR I (U HAB),07-008,206.0,0.0,29787.8,31665.04,1877.16
IZTAPALAPA,AO DE JUAREZ,07-007,937.0,57.88,256.96999999999997,2019.83,1704.98
IZTAPALAPA,APATLACO,07-009,2682.0,10565.119999999999,63948.82,81225.07,6711.13
IZTAPALAPA,ARBOLEDAS,07-010,619.0,101.19999999999999,7.2700000000000005,187.67000000000002,79.19999999999999
IZTAPALAPA,BANJIDAL,07-012,1221.0,7510.49,57249.96000000001,74332.2,9571.75
IZTAPALAPA,BELLAVISTA (U HAB),07-014,1322.0,1028.65,15362.57,18608.63,2217.41
IZTAPALAPA,BENITO JUAREZ,07-015,363.0,1627.6000000000001,5583.38,10246.33,3035.3500000000004
IZTAPALAPA,BUENAVISTA I,07-258,3174.0,0.0,0.0,853.26,853.26
IZTAPALAPA,BUENAVISTA II,07-259,3777.0,0.0,0.0,4.34,4.34
IZTAPALAPA,CABEZA DE JUAREZ I (U HAB),07-017,281.0,0.0,35845.39,36324.55,479.21
IZTAPALAPA,CACAMA,07-020,597.0,6822.450000000001,71980.67,91621.11,12817.91
IZTAPALAPA,CAMPESTRE POTRERO,07-021,4015.0,0.0,0.0,495.23,495.23
IZTAPALAPA,CANANEA (U HAB),07-022,1367.0,0.0,0.0,768.19,768.19
IZTAPALAPA,CARLOS HANK GONZALEZ,07-023,3150.0,4455.16,28224.559999999998,34099.17,1419.4499999999998
IZTAPALAPA,CARMEN SERDAN ( U HAB),07-024,435.0,35.88,0.0,35.88,0.0
IZTAPALAPA,CASA BLANCA,07-025,1227.0,3182.1400000000003,25585.59,30634.769999999997,1867.0399999999997
IZTAPALAPA,CERRO DE LA ESTRELLA I,07-260,3358.0,8099.83,72224.96,89288.09,8963.34
IZTAPALAPA,CERRO DE LA ESTRELLA II,07-261,2868.0,12763.04,81615.01,101785.21,7407.05
IZTAPALAPA,CHINAMPAC DE JUAREZ II,07-263,4440.0,0.0,0.0,1117.31,1117.31
IZTAPALAPA,CHINAMPAC DE JUAREZ III,07-320,2524.0,0.0,72042.51000000001,73765.69,1723.1799999999998
IZTAPALAPA,CHINAMPAS DE SANTA MA TOMATLAN,07-029,389.0,671.98,14485.39,15157.37,0.0
IZTAPALAPA,CITLALLI,07-030,4000.0,160.57999999999998,0.0,2495.13,2334.55
IZTAPALAPA,COLONIAL IZTAPALAPA (FRACC),07-031,1440.0,436.58,8762.81,9486.26,286.87
IZTAPALAPA,CONCORDIA ZARAGOZA (U HAB),07-032,999.0,0.0,68129.45,68129.45,0.0
IZTAPALAPA,CONSEJO AGRARISTA MEXICANO I,07-264,4172.0,9223.84,41585.75,51592.47,782.88
IZTAPALAPA,CONSEJO AGRARISTA MEXICANO II,07-265,3515.0,9665.380000000001,70430.66,82993.22,2897.18
IZTAPALAPA,CONSTITUCION DE 1917 I,07-266,2642.0,7259.110000000001,32475.260000000002,43128.91,3394.54
IZTAPALAPA,CONSTITUCION DE 1917 II,07-267,1598.0,9134.33,30516.45,51116.33,11465.55
IZTAPALAPA,CUCHILLAS DEL MORAL (U HAB),07-035,1155.0,0.0,49429.46,62383.09,12953.75
IZTAPALAPA,CUITLAHUAC (U HAB),07-036,646.0,0.0,47.489999999999995,876.54,829.05
IZTAPALAPA,CULHUACAN (PBLO),07-037,1536.0,5355.74,23332.95,37721.88,9033.189999999999
IZTAPALAPA,DEGOLLADO,07-038,856.0,466.18,2726.06,3221.1000000000004,28.86
IZTAPALAPA,DESARROLLO URBANO QUETZALCOATL  I,07-268,4061.0,4618.03,31530.57,38931.75,2783.1499999999996
IZTAPALAPA,DESARROLLO URBANO QUETZALCOATL  II,07-269,4228.0,9536.44,36729.990000000005,47966.54,1700.1100000000001
IZTAPALAPA,DESARROLLO URBANO QUETZALCOATL  III,07-270,5334.0,6482.01,35106.35,43486.51,1898.15
IZTAPALAPA,DR ALFONSO ORTIZ TIRADO,07-041,1091.0,8044.28,28673.97,60107.63,23389.38
IZTAPALAPA,EJERCITO DE AGUA PRIETA,07-042,2055.0,2086.81,39911.55,47073.08,5074.72
IZTAPALAPA,EJERCITO DE ORIENTE (U HAB) I,07-271,2033.0,0.0,4055.13,5726.25,1671.12
IZTAPALAPA,EJERCITO DE ORIENTE (U HAB) II,07-272,2563.0,0.0,13092.82,19458.84,6366.0199999999995
IZTAPALAPA,EJTO CONSTITUCIONALISTA,07-044,1959.0,0.0,75939.31,208836.43,132897.1
IZTAPALAPA,"EJTO CONSTITUCIONALISTA, SUPERMANZANA I ( U HAB)",07-046,2054.0,0.0,0.0,1536.4,1536.4
IZTAPALAPA,"EJTO CONSTITUCIONALISTA, SUPERMANZANA II ( U HAB)",07-047,1591.0,0.0,17257.49,31139.84,13882.35
IZTAPALAPA,EJTO DE OTE II (U HAB),07-049,2100.0,560.34,9509.6,73101.22,63031.28
IZTAPALAPA,EL EDEN,07-050,367.0,101.75999999999999,9.76,942.39,830.87
IZTAPALAPA,EL MANTO,07-051,3360.0,193.01,95.34,5494.13,5205.78
IZTAPALAPA,EL MANTO PLAN DE IGUALA,07-052,596.0,683.62,3350.49,5831.469999999999,1797.3600000000001
IZTAPALAPA,EL MIRADOR,07-053,1591.0,151.04,27720.96,28228.46,356.46000000000004
IZTAPALAPA,EL MOLINO,07-054,1854.0,301.47,0.0,4321.83,4020.3599999999997
IZTAPALAPA,EL MOLINO_,07-055,291.0,573.79,4142.04,5225.16,509.33
IZTAPALAPA,EL PRADO,07-056,791.0,5169.45,46905.81,55657.45,3582.19
IZTAPALAPA,EL RETOO,07-057,2499.0,7129.41,85571.99,99256.87,6555.47
IZTAPALAPA,EL RODEO,07-058,736.0,2573.56,12967.85,18417.98,2876.5699999999997
IZTAPALAPA,EL ROSARIO,07-059,1708.0,2653.3,11438.6,16324.900000000001,2233.0
IZTAPALAPA,EL SANTUARIO,07-060,1784.0,1633.43,11783.26,18133.760000000002,4717.07
IZTAPALAPA,EL SANTUARIO (AMPL),07-061,1190.0,967.05,11325.689999999999,13381.18,1088.44
IZTAPALAPA,EL SIFON,07-062,3199.0,7715.63,82434.13,96016.95999999999,5867.2
IZTAPALAPA,EL TRIANGULO,07-063,1740.0,1572.25,4384.47,5979.07,22.35
IZTAPALAPA,EL TRIUNFO,07-064,855.0,4987.47,27494.13,43098.41,10616.81
IZTAPALAPA,EL TRIUNFO (AMPL),07-065,1819.0,2087.59,41231.95,44318.09,998.55
IZTAPALAPA,EL VERGEL,07-066,1457.0,7178.24,46768.34,62636.56,8689.98
IZTAPALAPA,EL VERGEL TRIANGULO DE LAS AGUJAS I (U HAB),07-067,361.0,937.9,20286.61,21951.7,727.19
IZTAPALAPA,EMILIANO ZAPATA (AMPL),07-069,2578.0,0.0,0.0,726.0999999999999,726.0999999999999
IZTAPALAPA,ERMITA ZARAGOZA (U HAB) I,07-273,2704.0,0.0,135.48,1841.3700000000001,1705.8899999999999
IZTAPALAPA,ERMITA ZARAGOZA (U HAB) II,07-274,2884.0,0.0,0.0,16238.980000000001,16238.980000000001
IZTAPALAPA,ESCUADRON 201,07-071,3852.0,42622.21,150474.97,209657.65000000002,16560.47
IZTAPALAPA,ESTRELLA CULHUACAN,07-073,593.0,2225.39,6707.369999999999,9453.23,520.47
IZTAPALAPA,ESTRELLA DEL SUR,07-074,2152.0,3407.3599999999997,28795.910000000003,33349.9,1146.63
IZTAPALAPA,FRANCISCO VILLA,07-076,2836.0,271.24,80.64,2576.62,2224.74
IZTAPALAPA,FUEGO NUEVO,07-077,3704.0,493.97,318.71,3224.42,2411.74
IZTAPALAPA,FUERTE DE LORETO - LA ANTENA (U HAB),07-079,2734.0,0.0,16624.77,18051.93,1427.16
IZTAPALAPA,GAMA GAVILAN (U HAB),07-080,366.0,0.0,205.73000000000002,5789.58,5583.85
IZTAPALAPA,GRANJAS ESMERALDA,07-082,775.0,7004.280000000001,34888.270000000004,122954.87,81062.32
IZTAPALAPA,GRANJAS ESTRELLA I,07-083,1744.0,493.74,31539.14,78444.08,46411.2
IZTAPALAPA,GRANJAS ESTRELLA II,07-084,382.0,303.92,440.09000000000003,744.01,0.0
IZTAPALAPA,GRANJAS SAN ANTONIO,07-086,1081.0,3147.23,41945.78,130215.5,85122.49
IZTAPALAPA,GUADALUPE (BARR),07-087,625.0,8195.14,6327.43,17338.41,2815.84
IZTAPALAPA,GUADALUPE DEL MORAL,07-088,2711.0,491.75,284.87,16902.6,16125.98
IZTAPALAPA,HEROES DE CHURUBUSCO,07-091,1992.0,19237.28,89285.52,116963.0,8440.2
IZTAPALAPA,HUASIPUNGO (U HAB),07-092,163.0,0.0,3503.5699999999997,3594.52,90.95
IZTAPALAPA,IGNACIO ZARAGOZA (U HAB),07-094,464.0,0.0,37832.06,41337.23,3505.17
IZTAPALAPA,INSURGENTES,07-095,1613.0,698.06,585.19,2527.12,1243.87
IZTAPALAPA,IXTLAHUACAN,07-096,4840.0,73.5,4.38,2762.38,2684.5
IZTAPALAPA,JACARANDAS,07-097,2367.0,232.56,425.53999999999996,8958.75,8300.65
IZTAPALAPA,JARDINES DE CHURUBUSCO,07-098,502.0,572.13,8349.95,9294.95,372.87
IZTAPALAPA,JARDINES DE SAN LORENZO,07-099,1946.0,0.0,1351.83,1716.38,364.55
IZTAPALAPA,JOSE LOPEZ PORTILLO I,07-275,3481.0,13385.34,47262.229999999996,63240.65,2593.08
IZTAPALAPA,JOSE LOPEZ PORTILLO II,07-276,2884.0,17746.8,41654.37,64318.0,4916.83
IZTAPALAPA,JOSE MA MORELOS Y PAVON (U HAB),07-101,465.0,0.0,0.0,0.0,0.0
IZTAPALAPA,JUAN ESCUTIA I,07-277,2729.0,28508.690000000002,104978.2,153509.74,20022.9
IZTAPALAPA,JUAN ESCUTIA II,07-278,2074.0,19944.57,67015.25,111170.54999999999,24210.73
IZTAPALAPA,JUAN ESCUTIA III,07-313,2104.0,20373.92,51116.8,76025.51000000001,4534.79
IZTAPALAPA,JUSTO SIERRA,07-103,371.0,2032.1599999999999,13247.28,17885.92,2606.48
IZTAPALAPA,LA ASUNCION (BARR),07-104,1070.0,1904.0099999999998,275.82,3224.44,1044.61
IZTAPALAPA,LA COLMENA,07-105,975.0,0.0,0.0,4906.97,4906.97
IZTAPALAPA,LA ERA,07-106,1952.0,293.02,120.22,3383.45,2970.21
IZTAPALAPA,LA ESPERANZA,07-107,379.0,2202.46,5905.599999999999,8846.73,738.67
IZTAPALAPA,LA ESTACION,07-108,541.0,530.6,1820.49,2351.09,0.0
IZTAPALAPA,LA MAGUEYERA,07-111,886.0,0.0,22860.11,22860.11,0.0
IZTAPALAPA,LA NUEVA ROSITA,07-112,923.0,3579.4700000000003,14388.55,19923.15,1955.13
IZTAPALAPA,LA PLANTA,07-113,1639.0,0.0,103.22999999999999,518.38,415.15
IZTAPALAPA,LA POLVORILLA,07-114,1104.0,4010.4700000000003,12651.74,16744.43,82.22
IZTAPALAPA,LA REGADERA,07-116,205.0,0.0,2330.27,2483.41,153.14000000000001
IZTAPALAPA,LAS PEAS I,07-118,3265.0,3027.97,26136.22,30170.3,1006.1099999999999
IZTAPALAPA,LAS PEAS II,07-314,443.0,2166.42,5728.62,11355.56,3460.52
IZTAPALAPA,LEYES DE REFORMA 1A SECCION,07-119,2114.0,203.38,271.15999999999997,28683.5,28208.96
IZTAPALAPA,LEYES DE REFORMA 2A SECCION,07-120,1425.0,0.0,3249.66,73047.98,69798.32
IZTAPALAPA,LEYES DE REFORMA 3A SECCION I,07-279,4503.0,1942.5900000000001,1306.05,23595.04,20346.4
IZTAPALAPA,LEYES DE REFORMA 3A SECCION II,07-280,3518.0,526.04,308.06,12244.59,11410.49
IZTAPALAPA,LOMAS DE LA ESTANCIA I,07-281,2072.0,0.0,0.0,282.45,282.45
IZTAPALAPA,LOMAS DE LA ESTANCIA II,07-282,3972.0,0.0,63497.08,70443.37,6946.26
IZTAPALAPA,LOMAS DE SAN LORENZO I,07-283,3898.0,13607.869999999999,54521.12,69976.95999999999,1847.97
IZTAPALAPA,LOMAS DE SAN LORENZO II,07-284,104459.0,27065.989999999998,91587.28,134472.2,15818.970000000001
IZTAPALAPA,LOMAS DE SANTA CRUZ MEYEHUALCO,07-124,1645.0,13.92,0.0,60.43000000000001,46.51
IZTAPALAPA,LOMAS DE ZARAGOZA,07-125,4834.0,247.07999999999998,0.0,4160.0,3912.92
IZTAPALAPA,LOMAS ESTRELLA 1A SECC (FRACC),07-128,861.0,1292.52,30525.36,36373.479999999996,4555.6
IZTAPALAPA,LOMAS ESTRELLA 2A SECC I,07-285,3375.0,3258.9399999999996,127129.26000000001,148881.71,18493.53
IZTAPALAPA,LOMAS ESTRELLA 2A SECC II,07-286,4123.0,5581.46,151775.38,166122.16,8765.35
IZTAPALAPA,LOS ANGELES,07-130,3907.0,399.53999999999996,612.0,8738.560000000001,7727.02
IZTAPALAPA,LOS ANGELES APANOAYA,07-131,1257.0,0.0,16.700000000000003,3045.84,3029.14
IZTAPALAPA,LOS CIPRESES,07-132,766.0,9024.25,24230.51,37426.41,4171.65
IZTAPALAPA,LOS PICOS VI B,07-133,689.0,1624.2199999999998,3812.81,5734.5,297.47
IZTAPALAPA,LOS REYES (AMPL),07-134,2035.0,5163.6900000000005,20160.5,32199.83,6875.64
IZTAPALAPA,LOS REYES (PBLO),07-135,1827.0,9782.1,49353.09,64279.81,5144.62
IZTAPALAPA,M MAZA DE JUAREZ (U HAB),07-136,777.0,0.0,518.01,1708.1,1190.0900000000001
IZTAPALAPA,MAGDALENA ATLAZOLPA (PBLO),07-137,1794.0,5696.8,27392.17,37311.81,4222.85
IZTAPALAPA,MEXICALTZINGO (PBLO),07-138,326.0,3369.76,14332.8,22522.73,4820.17
IZTAPALAPA,MIGUEL DE LA MADRID HURTADO,07-139,4172.0,37.620000000000005,0.0,1257.67,1220.05
IZTAPALAPA,MINERVA,07-141,474.0,7115.13,17294.2,25714.35,1305.02
IZTAPALAPA,MIRASOLES (U HAB),07-142,2902.0,0.0,186522.07,196175.96000000002,9653.779999999999
IZTAPALAPA,MIRAVALLE,07-143,3510.0,124.5,0.0,866.75,742.25
IZTAPALAPA,MIXCOATL,07-144,1789.0,633.53,8135.01,11212.48,2443.94
IZTAPALAPA,MODELO (U),07-145,1980.0,3957.87,66424.7,74453.47,4070.9
IZTAPALAPA,MONTE ALBAN,07-146,355.0,0.0,0.0,0.0,0.0
IZTAPALAPA,NORMA ISSSTE (U HAB),07-149,647.0,0.0,201.59,9997.65,9796.06
IZTAPALAPA,PALMITAS,07-151,2677.0,242.25,0.0,1467.42,1225.17
IZTAPALAPA,PARAISO,07-152,1969.0,126.80000000000001,0.0,5577.3099999999995,5450.51
IZTAPALAPA,PARAJE SAN JUAN,07-154,2838.0,439.82000000000005,243.75,3387.43,2703.8599999999997
IZTAPALAPA,PARAJE ZACATEPEC,07-155,2703.0,650.42,127.82,2841.85,2063.61
IZTAPALAPA,PARAJES BUENAVISTA (TETECON),07-156,2239.0,0.0,0.0,71.7,71.7
IZTAPALAPA,PASEOS DE CHURUBUSCO,07-157,3579.0,4141.610000000001,79317.36,143563.8,60104.83
IZTAPALAPA,POLVORILLA (AMPL),07-115,1413.0,0.0,0.0,118.62,118.62
IZTAPALAPA,PRESIDENTES DE MEXICO,07-162,4419.0,177.8,850.16,4911.08,3883.12
IZTAPALAPA,PRIVADA GAVILAN (U HAB),07-163,638.0,0.0,223.92000000000002,442.40999999999997,218.49
IZTAPALAPA,PROGRESISTA,07-164,2783.0,15052.92,42278.57,79220.51999999999,21889.03
IZTAPALAPA,PROGRESO DEL SUR,07-165,637.0,5234.87,24814.0,45929.18,15880.31
IZTAPALAPA,PUENTE BLANCO,07-166,2200.0,223.93,199.91000000000003,2317.59,1893.75
IZTAPALAPA,PURISIMA ATLAZOLPA,07-167,631.0,3297.98,10142.5,13728.509999999998,288.03
IZTAPALAPA,PURISIMA I,07-168,272.0,333.15,3762.83,4194.83,98.85
IZTAPALAPA,REAL DEL MORAL (FRACC),07-169,1196.0,1042.49,10984.29,13232.79,1206.01
IZTAPALAPA,REFORMA POLITICA I,07-287,1723.0,0.0,0.0,174.18,174.18
IZTAPALAPA,REFORMA POLITICA II,07-288,2548.0,0.0,13.93,3025.78,3011.8500000000004
IZTAPALAPA,RENOVACION,07-171,3619.0,4561.0599999999995,32149.879999999997,51392.06,14681.12
IZTAPALAPA,RICARDO FLORES MAGON,07-172,492.0,3383.2700000000004,11693.64,15546.83,469.91999999999996
IZTAPALAPA,RICARDO FLORES MAGON (AMPL),07-173,841.0,3998.24,28325.53,36934.69,4610.92
IZTAPALAPA,RINCONADA EL MOLINO,07-174,495.0,0.0,0.0,0.0,0.0
IZTAPALAPA,SAN ANDRES TETEPILCO (PBLO),07-175,4099.0,27016.909999999996,179502.24,223463.09999999998,16943.9
IZTAPALAPA,SAN ANDRES TOMATLAN (PBLO),07-176,1351.0,7463.1,22398.190000000002,36441.94,6580.65
IZTAPALAPA,SAN ANTONIO (BARR),07-177,3941.0,1928.3200000000002,108.75,14516.43,12479.36
IZTAPALAPA,SAN ANTONIO CULHUACAN (BARR),07-178,1795.0,10404.19,29395.26,43596.05,3796.6000000000004
IZTAPALAPA,SAN FRANCISCO APOLOCALCO,07-179,1406.0,0.0,0.0,0.0,0.0
IZTAPALAPA,SAN IGNACIO (BARR),07-180,2258.0,847.2,524.12,4840.95,3469.63
IZTAPALAPA,SAN JOSE (BARR),07-181,929.0,104.82,317.07,128873.71,128451.92
IZTAPALAPA,SAN JOSE ACULCO,07-182,2411.0,7649.12,23053.079999999998,32233.45,1531.25
IZTAPALAPA,SAN JOSE BUENAVISTA,07-183,1172.0,0.0,0.0,97.16,97.16
IZTAPALAPA,SAN JUAN 2A AMPLIACIN (PJE),07-184,943.0,151.05,77.26,755.3800000000001,527.0699999999999
IZTAPALAPA,SAN JUAN CERRO (PJE),07-185,1449.0,0.0,103.88,1760.91,1657.03
IZTAPALAPA,SAN JUAN JOYA (PJE),07-186,1063.0,6345.61,21300.72,28170.839999999997,524.51
IZTAPALAPA,SAN JUAN XALPA I,07-289,3931.0,6984.55,99472.68,109243.8,2786.5299999999997
IZTAPALAPA,SAN JUAN XALPA II,07-290,4567.0,11059.22,68317.64,98426.08,19049.22
IZTAPALAPA,SAN JUANICO NEXTIPAC (PBLO),07-188,987.0,7380.9800000000005,17927.43,29185.43,3877.02
IZTAPALAPA,SAN LORENZO TEZONCO (BARR),07-190,930.0,139.6,48.28,1034.7,846.8199999999999
IZTAPALAPA,SAN LORENZO TEZONCO (PBLO),07-191,2141.0,7236.530000000001,9767.29,61306.909999999996,44303.09
IZTAPALAPA,SAN LORENZO XICOTENCATL (PBLO),07-194,1275.0,11355.06,36752.21,57560.71,9453.439999999999
IZTAPALAPA,SAN LUCAS (BARR),07-195,1940.0,636.09,992.78,11453.33,9824.46
IZTAPALAPA,SAN MIGUEL (BARR),07-196,5981.0,242.96,852.88,36240.92,35145.08
IZTAPALAPA,SAN MIGUEL TEOTONGO I,07-291,3488.0,0.0,0.0,2615.21,2615.21
IZTAPALAPA,SAN MIGUEL TEOTONGO II,07-292,4703.0,97.34,0.0,2932.94,2835.6000000000004
IZTAPALAPA,SAN MIGUEL TEOTONGO III,07-293,3781.0,0.0,0.0,3046.77,3046.77
IZTAPALAPA,SAN MIGUEL TEOTONGO IV,07-294,2456.0,0.0,0.0,2235.2599999999998,2235.2599999999998
IZTAPALAPA,SAN NICOLAS TOLENTINO I,07-198,1700.0,226.69,29309.32,34888.56,5352.54
IZTAPALAPA,SAN NICOLAS TOLENTINO II,07-199,2589.0,433.98,62526.71,64817.55,1856.88
IZTAPALAPA,SAN PABLO (BARR),07-200,1135.0,1040.93,836.74,9384.57,7506.9
IZTAPALAPA,"SAN PABLO I, II Y V-LOMAS DEL PARAISO",07-201,1709.0,0.0,0.0,452.66999999999996,452.66999999999996
IZTAPALAPA,SAN PEDRO (BARR),07-202,1383.0,403.13,494.67999999999995,19112.37,18214.559999999998
IZTAPALAPA,SAN SEBASTIAN TECOLOXTITLAN (PBLO),07-203,2542.0,139.02,139.77,3990.54,3711.75
IZTAPALAPA,SAN SIMON CULHUACAN (BARR),07-204,1247.0,4517.05,30100.94,39559.82,4941.83
IZTAPALAPA,SANTA BARBARA (BARR) I,07-205,3142.0,1153.58,962.78,9382.460000000001,7266.1
IZTAPALAPA,SANTA BARBARA (BARR) II,07-316,1247.0,626.49,324.03999999999996,2771.4900000000002,1820.96
IZTAPALAPA,SANTA CRUZ MEYEHUALCO (PBLO),07-206,3453.0,185.36,170.56,5728.11,5372.1900000000005
IZTAPALAPA,SANTA CRUZ MEYEHUALCO (U HAB) I,07-295,2627.0,531.07,254.18,6256.18,5470.93
IZTAPALAPA,SANTA CRUZ MEYEHUALCO (U HAB) II,07-296,1899.0,167.04,207.86,7923.35,7548.450000000001
IZTAPALAPA,SANTA MARIA AZTAHUACAN (EJ) I,07-297,4602.0,114.9,295.8,32848.61,32437.91
IZTAPALAPA,SANTA MARIA AZTAHUACAN (EJ) II,07-298,3744.0,14860.54,30934.61,66305.63,20510.480000000003
IZTAPALAPA,SANTA MARIA AZTAHUACAN (U HAB),07-317,651.0,0.0,0.0,4147.74,4147.74
IZTAPALAPA,SANTA MARIA DEL MONTE,07-211,360.0,0.0,0.0,0.0,0.0
IZTAPALAPA,SANTA MARIA TOMATLAN,07-212,640.0,4447.110000000001,12051.27,17331.47,833.09
IZTAPALAPA,SANTA MARIA TOMATLAN (AMPL),07-213,540.0,96.12,3930.49,4185.6,158.99
IZTAPALAPA,SANTA MARIA TOMATLAN (PBLO),07-214,1271.0,7466.24,18864.08,27959.989999999998,1629.67
IZTAPALAPA,SANTA MARTHA ACATITLA,07-215,3886.0,33478.08,81675.36,131815.21,16661.77
IZTAPALAPA,SANTA MARTHA ACATITLA SUR (AMPL),07-216,1510.0,8202.59,27558.940000000002,36657.51,895.98
IZTAPALAPA,SANTA MARTHA ACATITLA_(PBLO),07-217,102844.0,70.4,75.5,240821.26,240675.36000000002
IZTAPALAPA,SANTIAGO ACAHUALTEPEC (PBLO),07-219,1936.0,327.83000000000004,0.0,3095.56,2767.73
IZTAPALAPA,SECTOR POPULAR,07-220,3075.0,25134.559999999998,114144.81,154738.7,15459.33
IZTAPALAPA,SIDERAL,07-221,614.0,0.0,72.34,571.0799999999999,498.74
IZTAPALAPA,SIERRA DEL VALLE,07-222,231.0,70.62,0.0,1106.75,1036.13
IZTAPALAPA,SINATEL,07-223,830.0,5195.77,52933.66,63323.450000000004,5194.02
IZTAPALAPA,SINATEL (AMPL),07-224,851.0,914.72,28450.39,37685.869999999995,8320.76
IZTAPALAPA,SOLIDARIDAD EL SALADO (U HAB),07-225,3002.0,0.0,0.0,3042.0299999999997,3042.0299999999997
IZTAPALAPA,STA ISABEL INDUSTRIAL,07-226,520.0,1892.4299999999998,9395.97,50134.02,38845.62
IZTAPALAPA,STA MA AZTAHUACAN (PBLO),07-227,3503.0,139.96,0.0,2864.23,2724.27
IZTAPALAPA,STA MARTHA ACATITLA NTE (AMPL) I,07-299,2089.0,9220.029999999999,21702.85,48341.39,17418.510000000002
IZTAPALAPA,STA MARTHA ACATITLA NTE (AMPL) II,07-300,2476.0,9836.61,30215.29,44107.26,4055.3599999999997
IZTAPALAPA,TENORIOS,07-229,3385.0,0.0,0.0,1254.3,1254.3
IZTAPALAPA,TENORIOS (AMPL),07-318,1346.0,0.0,0.0,10.33,10.33
IZTAPALAPA,TEPALCATES I,07-301,3383.0,16618.5,171697.91999999998,206164.66,17848.15
IZTAPALAPA,TEPALCATES II,07-302,2035.0,11395.13,81378.25,102243.6,9470.23
IZTAPALAPA,TEXCOCO EL SALADO,07-231,139.0,133.84,5056.26,6681.33,1491.23
IZTAPALAPA,TULA (BARR),07-234,257.0,934.83,7746.0599999999995,11796.380000000001,3115.49
IZTAPALAPA,USCOVI (U HAB),07-235,320.0,0.0,0.0,0.0,0.0
IZTAPALAPA,VALLE DE LUCES (U HAB),07-236,1360.0,0.0,0.0,840.07,840.07
IZTAPALAPA,VALLE DE LUCES I,07-237,2207.0,335.26,490.76,2171.54,1345.52
IZTAPALAPA,VALLE DE SAN LORENZO I,07-303,2343.0,92.38,121.06,1015.6600000000001,802.22
IZTAPALAPA,VALLE DE SAN LORENZO II,07-304,2105.0,122.72,55.36999999999999,616.44,438.35
IZTAPALAPA,VALLE DEL SUR,07-240,1851.0,17873.23,59010.119999999995,85228.05,8344.7
IZTAPALAPA,VERACRUZANA (AMPL),07-241,330.0,0.0,0.0,248.02999999999997,248.02999999999997
IZTAPALAPA,VICENTE GUERRERO SUPER MANZANA 1 (U HAB),07-242,954.0,0.0,0.0,716.12,716.12
IZTAPALAPA,VICENTE GUERRERO SUPER MANZANA 2 (U HAB),07-243,1001.0,0.0,0.0,837.13,837.13
IZTAPALAPA,VICENTE GUERRERO SUPER MANZANA 3 (U HAB),07-244,1092.0,0.0,0.0,1889.38,1889.38
IZTAPALAPA,VICENTE GUERRERO SUPER MANZANA 4 (U HAB),07-245,1564.0,0.0,0.0,816.0999999999999,816.0999999999999
IZTAPALAPA,VICENTE GUERRERO SUPER MANZANA 5 (U HAB),07-246,2124.0,0.0,0.0,7324.77,7324.77
IZTAPALAPA,VICENTE GUERRERO SUPER MANZANA 6 (U HAB),07-247,1858.0,0.0,1015.3399999999999,29677.199999999997,28661.859999999997
IZTAPALAPA,VICENTE GUERRERO SUPER MANZANA 7 (U HAB),07-248,1183.0,234.76,29.53,948.5999999999999,684.31
IZTAPALAPA,XALPA I,07-305,1999.0,0.0,0.0,346.41999999999996,346.41999999999996
IZTAPALAPA,XALPA II,07-306,3375.0,0.0,0.0,9195.02,9195.02
IZTAPALAPA,XALPA III,07-307,4182.0,550.98,93.21,5633.29,4989.1
IZTAPALAPA,ZACAHUITZCO,07-251,1452.0,8321.94,60073.32,123651.11,55255.86
LA MAGDALENA CONTRERAS,ATACAXCO,08-001,405.0,0.0,0.0,0.0,0.0
LA MAGDALENA CONTRERAS,BARRANCA SECA,08-002,1403.0,67.14,1036.3,5706.16,4602.72
LA MAGDALENA CONTRERAS,BARROS SIERRA,08-003,1272.0,0.0,0.0,1780.35,1780.35
LA MAGDALENA CONTRERAS,BATAN VIEJO (EL MAESTRO),08-008,367.0,830.12,5008.4800000000005,8276.56,2437.96
LA MAGDALENA CONTRERAS,CUAUHTEMOC,08-005,1652.0,13211.3,39436.71,56340.03,3692.02
LA MAGDALENA CONTRERAS,EL ERMITAO,08-006,1220.0,0.0,0.0,0.0,0.0
LA MAGDALENA CONTRERAS,EL OCOTAL,08-009,2669.0,0.0,0.0,0.0,0.0
LA MAGDALENA CONTRERAS,EL ROSAL,08-010,1939.0,0.0,0.0,282.86,282.86
LA MAGDALENA CONTRERAS,EL TANQUE,08-011,2838.0,0.0,0.0,252.69,252.69
LA MAGDALENA CONTRERAS,EL TORO,08-012,1221.0,0.0,0.0,715.27,715.27
LA MAGDALENA CONTRERAS,HEROES DE PADIERNA,08-013,1571.0,6968.18,79952.35,187605.12,100684.59
LA MAGDALENA CONTRERAS,HUAYATLA,08-014,1218.0,0.0,0.0,186.33999999999997,186.33999999999997
LA MAGDALENA CONTRERAS,INDEPENDENCIA BATAN SUR (U HAB),08-016,589.0,0.0,2568.9,9229.85,6660.95
LA MAGDALENA CONTRERAS,INDEPENDENCIA SAN RAMON (U HAB),08-017,937.0,0.0,222.1,1200.43,978.3299999999999
LA MAGDALENA CONTRERAS,INFONAVIT (U HAB),08-018,134.0,258.88,8241.67,8580.93,80.38
LA MAGDALENA CONTRERAS,LA CARBONERA,08-020,1589.0,0.0,0.0,326.54999999999995,326.54999999999995
LA MAGDALENA CONTRERAS,LA CONCEPCION,08-021,491.0,35.8,944.95,25948.800000000003,24968.05
LA MAGDALENA CONTRERAS,LA CRUZ,08-022,1261.0,16.32,464.33000000000004,5608.55,5127.9
LA MAGDALENA CONTRERAS,LA GUADALUPE,08-023,410.0,45.379999999999995,25.95,935.56,864.2299999999999
LA MAGDALENA CONTRERAS,LA MAGDALENA ATLITIC (PBLO),08-024,940.0,795.8499999999999,14266.95,16362.69,1299.8899999999999
LA MAGDALENA CONTRERAS,LA MALINCHE,08-025,2737.0,9269.18,35319.24,46243.14,1654.72
LA MAGDALENA CONTRERAS,LAS CALLES (BARR),08-026,91.0,0.0,2114.53,2312.7200000000003,198.19
LA MAGDALENA CONTRERAS,LAS CRUCES,08-027,2884.0,0.0,0.0,132.86,132.86
LA MAGDALENA CONTRERAS,LOMAS DE SAN BERNABE,08-030,2032.0,0.0,0.0,1650.75,1650.75
LA MAGDALENA CONTRERAS,LOMAS QUEBRADAS,08-032,1260.0,3584.0699999999997,37084.05,44090.93,3422.8100000000004
LA MAGDALENA CONTRERAS,LOS PADRES,08-033,1868.0,0.0,0.0,278.63,278.63
LA MAGDALENA CONTRERAS,PLAZUELA DEL PEDREGAL,08-035,155.0,0.0,115.8,115.8,0.0
LA MAGDALENA CONTRERAS,POTRERILLO,08-036,810.0,0.0,0.0,645.68,645.68
LA MAGDALENA CONTRERAS,POTRERILLO (AMPL),08-037,656.0,0.0,0.0,0.0,0.0
LA MAGDALENA CONTRERAS,PUEBLO NUEVO ALTO,08-038,1715.0,0.0,0.0,389.31,389.31
LA MAGDALENA CONTRERAS,PUEBLO NUEVO BAJO,08-039,1063.0,0.0,0.0,5171.96,5171.96
LA MAGDALENA CONTRERAS,PUENTE SIERRA,08-040,30.0,0.0,1457.1799999999998,1810.48,353.3
LA MAGDALENA CONTRERAS,SAN BARTOLO AMEYALCO,08-041,1211.0,1994.71,14534.84,16942.57,413.02
LA MAGDALENA CONTRERAS,SAN BERNABE OCOTEPEC (PBLO),08-042,3207.0,0.0,0.0,3833.66,3833.66
LA MAGDALENA CONTRERAS,SAN FRANCISCO,08-043,1076.0,433.8399999999999,5380.18,9113.130000000001,3299.11
LA MAGDALENA CONTRERAS,SAN FRANCISCO (BARR),08-044,1473.0,1398.02,59837.53,62929.75,1694.2400000000002
LA MAGDALENA CONTRERAS,SAN JERONIMO ACULCO - LIDICE (PBLO),08-045,7379.0,21040.18,519966.83,715020.88,174013.75
LA MAGDALENA CONTRERAS,SAN NICOLAS TOTOLAPAN,08-047,1022.0,0.0,0.0,34.879999999999995,34.879999999999995
LA MAGDALENA CONTRERAS,SAN NICOLAS TOTOLAPAN (PBLO),08-048,3561.0,0.0,0.0,494.69,494.69
LA MAGDALENA CONTRERAS,SANTA TERESA,08-049,659.0,5069.75,16987.61,27109.82,5052.46
LA MAGDALENA CONTRERAS,TIERRA UNIDA,08-052,999.0,0.0,0.0,3817.1800000000003,3817.1800000000003
LA MAGDALENA CONTRERAS,VISTA HERMOSA,08-053,433.0,0.0,0.0,0.0,0.0
MIGUEL HIDALGO,10 DE ABRIL,16-085,108.0,906.52,3019.9,17694.870000000003,13768.45
MIGUEL HIDALGO,16 DE SEPTIEMBRE,16-086,691.0,7479.599999999999,37867.75,51640.0,6292.65
MIGUEL HIDALGO,5 DE MAYO,16-087,1037.0,6661.120000000001,26277.809999999998,34770.49,1831.56
MIGUEL HIDALGO,AGRICULTURA,16-001,1584.0,17810.63,83556.35,116465.19,15098.21
MIGUEL HIDALGO,AHUEHUETES ANAHUAC,16-002,595.0,2776.33,32200.3,36899.34,1922.71
MIGUEL HIDALGO,AMERICA,16-003,1455.0,16003.39,42016.990000000005,74881.15,16860.77
MIGUEL HIDALGO,ANAHUAC DOS LAGOS,16-006,387.0,4377.38,14985.98,27071.46,7708.1
MIGUEL HIDALGO,ANAHUAC I,16-088,6765.0,43591.229999999996,355453.72,450851.13,51806.14
MIGUEL HIDALGO,ANAHUAC II,16-089,6412.0,48866.45,294085.33,441713.9,98762.22
MIGUEL HIDALGO,ANAHUAC LAGO NORTE,16-007,366.0,6408.46,18930.85,26433.43,1094.1200000000001
MIGUEL HIDALGO,ANAHUAC LAGO SUR,16-008,578.0,5949.780000000001,33775.01,40215.21,490.44
MIGUEL HIDALGO,ANAHUAC LOS MANZANOS,16-009,3298.0,23842.08,183212.91,227595.56,20540.63
MIGUEL HIDALGO,ANAHUAC MARIANO ESCOBEDO,16-010,942.0,8898.75,35243.36,54191.67,10049.56
MIGUEL HIDALGO,ANAHUAC PERALITOS,16-011,413.0,5203.46,19203.440000000002,25284.96,878.06
MIGUEL HIDALGO,ANGEL ZIMBRON,16-012,479.0,5377.92,23522.04,31759.6,2859.6400000000003
MIGUEL HIDALGO,ANZURES,16-013,2539.0,30872.29,209096.19,487373.22000000003,247404.75
MIGUEL HIDALGO,ARGENTINA ANTIGUA,16-014,2167.0,22769.56,67271.64,99083.33,9042.130000000001
MIGUEL HIDALGO,"BOSQUE DE CHAPULTEPEC I, II Y III SECCIONES",16-018,1584.0,72553.34,3022.6000000000004,232516.7,156940.77
MIGUEL HIDALGO,BOSQUES DE CHAPULTEPEC (POLANCO),16-018,1584.0,8750.56,179028.53,256250.54,68471.4
MIGUEL HIDALGO,BOSQUES DE LAS LOMAS,16-019,1953.0,0.0,235352.7,324189.8,88837.12
MIGUEL HIDALGO,CHAPULTEPEC MORALES (POLANCO),16-021,3258.0,70150.48999999999,310196.69,579934.47,199587.25
MIGUEL HIDALGO,CHAPULTEPEC POLANCO (POLANCO),16-022,1560.0,43691.21,175763.33,608043.36,388588.76
MIGUEL HIDALGO,CUAUHTEMOC PENSIL,16-023,4347.0,9117.83,78767.31,100415.26000000001,12530.130000000001
MIGUEL HIDALGO,DANIEL GARZA,16-024,1601.0,9231.63,51401.22,70355.43,9722.58
MIGUEL HIDALGO,DANIEL GARZA (AMPL),16-025,2017.0,14377.529999999999,85769.53,128695.78,28548.72
MIGUEL HIDALGO,DEL BOSQUE (POLANCO),16-026,371.0,4537.7,35592.869999999995,76953.97,36823.45
MIGUEL HIDALGO,DEPORTIVA PENSIL,16-028,1002.0,9570.73,34795.7,95480.78,51114.41
MIGUEL HIDALGO,ESCANDON I,16-090,4541.0,46716.75,216990.64,346061.01,82353.62
MIGUEL HIDALGO,ESCANDON II,16-091,6583.0,41592.979999999996,312798.98,431574.28,77182.42
MIGUEL HIDALGO,FRANCISCO I MADERO,16-030,435.0,4530.26,10956.130000000001,19293.82,3807.4300000000003
MIGUEL HIDALGO,GRANADA,16-031,3778.0,8422.44,251888.51,624884.98,364573.92
MIGUEL HIDALGO,GRANADA (AMPL),16-032,7007.0,817.6,283203.29000000004,297960.34,13939.91
MIGUEL HIDALGO,HUICHAPAN,16-033,543.0,3513.7599999999998,32534.65,40478.29,4429.87
MIGUEL HIDALGO,IGNACIO MANUEL ALTAMIRANO,16-034,374.0,1174.43,13537.1,15190.970000000001,479.43999999999994
MIGUEL HIDALGO,IRRIGACION,16-035,2198.0,12825.43,149617.91999999998,262742.29,100298.93
MIGUEL HIDALGO,LEGARIA,16-036,2187.0,10774.31,98769.11,114517.53,4974.12
MIGUEL HIDALGO,LEGARIA (U HAB),16-037,635.0,818.88,37871.46,38912.03,221.69
MIGUEL HIDALGO,LOMA HERMOSA (CONJ HAB),16-038,1510.0,0.0,86479.73,88605.01000000001,2125.33
MIGUEL HIDALGO,LOMAS ALTAS,16-039,615.0,1493.17,130620.20999999999,192370.91,60257.53
MIGUEL HIDALGO,LOMAS DE BARRILACO (LOMAS DE CHAPULTEPEC),16-040,1779.0,31.85,148804.28,156899.58,8063.45
MIGUEL HIDALGO,LOMAS DE BEZARES,16-041,1142.0,1305.5700000000002,140197.44,155028.46,13525.5
MIGUEL HIDALGO,LOMAS DE CHAPULTEPEC,16-042,1581.0,17069.07,420368.85,817137.3799999999,379699.47000000003
MIGUEL HIDALGO,LOMAS DE REFORMA,16-043,733.0,392.24,61263.96,69075.45,7419.25
MIGUEL HIDALGO,LOMAS DE REFORMA (LOMAS DE CHAPULTEPEC),16-044,450.0,1490.78,95695.57,108003.16,10816.81
MIGUEL HIDALGO,LOMAS DE SOTELO,16-045,2409.0,1260.9099999999999,135051.2,162766.65,26454.5
MIGUEL HIDALGO,LOMAS VIRREYES (LOMAS DE CHAPULTEPEC),16-046,1060.0,10185.11,147575.83,217188.87,59427.95
MIGUEL HIDALGO,LOS MORALES (POLANCO),16-047,1515.0,6417.6,156385.14,280295.32,117492.58
MIGUEL HIDALGO,MANUEL AVILA CAMACHO,16-048,15.0,0.0,1297.6399999999999,5052.5,3754.8599999999997
MIGUEL HIDALGO,MARINA NACIONAL (U HAB),16-049,626.0,0.0,41099.53,42087.37,987.9
MIGUEL HIDALGO,MEXICO NUEVO,16-050,1269.0,8719.759999999998,46106.07,72786.01,17960.17
MIGUEL HIDALGO,MILITAR 1 K LOMAS DE SOTELO (U HAB),16-051,1295.0,14278.98,7858.87,389967.98,367830.2
MIGUEL HIDALGO,MODELO PENSIL,16-052,789.0,7395.629999999999,43757.789000000004,58021.479999999996,6868.0599999999995
MIGUEL HIDALGO,MOLINO DEL REY,16-053,166.0,2776.79,9435.220000000001,15121.42,2909.41
MIGUEL HIDALGO,MORALES SECCION ALAMEDA (POLANCO),16-054,456.0,689.71,44799.17,57215.09,11726.21
MIGUEL HIDALGO,MORALES SECCION PALMAS (POLANCO),16-055,758.0,3622.9900000000002,95075.54,200319.51,101620.97999999998
MIGUEL HIDALGO,NEXTITLA,16-056,686.0,2811.83,25139.28,48550.61,20599.5
MIGUEL HIDALGO,NUEVA ARGENTINA (ARGENTINA PONIENTE),16-057,1753.0,11519.93,47402.91,75131.22,16208.380000000001
MIGUEL HIDALGO,OBSERVATORIO,16-058,1325.0,9092.26,47653.26,75459.84,18714.32
MIGUEL HIDALGO,PALMITAS (POLANCO),16-059,805.0,2663.5299999999997,83386.69,140916.22,54865.96
MIGUEL HIDALGO,PENSIL NORTE,16-060,3100.0,7298.95,87795.48,100584.31,5489.87
MIGUEL HIDALGO,PENSIL SAN JUANICO,16-061,1945.0,11164.15,124067.98999999999,143670.85,8438.7
MIGUEL HIDALGO,PENSIL SUR,16-062,823.0,5812.79,16859.49,23647.38,975.0999999999999
MIGUEL HIDALGO,PERIODISTA,16-063,281.0,2319.06,16003.41,70651.84,52329.369999999995
MIGUEL HIDALGO,PLUTARCO ELIAS CALLES,16-064,422.0,1671.51,13738.39,41350.95,25941.05
MIGUEL HIDALGO,POLANCO REFORMA (POLANCO),16-065,2676.0,15833.619999999999,293670.2,438902.95999999996,129399.15
MIGUEL HIDALGO,POPO,16-066,615.0,2269.94,18694.41,24773.0,3808.66
MIGUEL HIDALGO,POPO (AMPL),16-067,157.0,403.66,6996.96,8317.27,916.6500000000001
MIGUEL HIDALGO,POPOTLA I,16-092,1722.0,14261.23,79607.23,115973.67,22105.2
MIGUEL HIDALGO,POPOTLA II,16-093,3604.0,26827.519999999997,166217.65,232847.84000000003,39802.67
MIGUEL HIDALGO,REFORMA PENSIL,16-069,1046.0,8216.060000000001,57119.0,70125.05,4789.99
MIGUEL HIDALGO,REFORMA SOCIAL,16-070,2213.0,14852.58,158865.18,210469.07,36751.35
MIGUEL HIDALGO,RINCON DEL BOSQUE,16-071,307.0,28.39,30051.09,40452.97,10373.49
MIGUEL HIDALGO,SAN DIEGO OCOYOACAC,16-072,2068.0,2077.73,75984.78,96535.43,18472.9
MIGUEL HIDALGO,SAN JOAQUIN,16-073,1055.0,2450.6400000000003,56802.03,61580.78,2328.05
MIGUEL HIDALGO,SAN LORENZO TLALTENANGO,16-074,433.0,1618.3400000000001,16618.83,37450.979999999996,19213.81
MIGUEL HIDALGO,SAN MIGUEL CHAPULTEPEC I,16-094,2093.0,14293.24,132577.21,177193.27,30322.82
MIGUEL HIDALGO,SAN MIGUEL CHAPULTEPEC II,16-095,2874.0,36288.03,165713.6,292838.08999999997,90836.45999999999
MIGUEL HIDALGO,SANTO TOMAS,16-076,251.0,893.1400000000001,12083.05,69925.07,56948.880000000005
MIGUEL HIDALGO,TACUBA,16-077,4195.0,66707.07,186684.61,366210.7,112819.01999999999
MIGUEL HIDALGO,TACUBAYA,16-078,3271.0,55464.08,114294.41,289235.62,119477.23
MIGUEL HIDALGO,TLAXPANA,16-080,2901.0,34231.34,121861.20000000001,186861.56,30769.03
MIGUEL HIDALGO,TORRE BLANCA,16-081,2049.0,21689.05,74937.07,107650.05,11023.95
MIGUEL HIDALGO,TORRE BLANCA (AMPL),16-004,795.0,8504.130000000001,36647.83,49986.53,4834.5599999999995
MIGUEL HIDALGO,TORRES TOREO,16-027,3318.0,2244.1,101346.07,118154.07999999999,14563.74
MIGUEL HIDALGO,UN HOGAR PARA NOSOTROS,16-082,282.0,2304.72,10965.23,22553.07,9283.119999999999
MIGUEL HIDALGO,VENTURA PEREZ DE ALBA,16-083,831.0,998.52,40254.69,45934.44,4681.22
MIGUEL HIDALGO,VERONICA ANZURES,16-084,1386.0,42476.380000000005,75086.53,287471.52,169908.61
MILPA ALTA,SAN AGUSTIN OHTENCO (PBLO),09-001,411.0,21.759999999999998,0.0,463.15,441.39
MILPA ALTA,SAN ANTONIO TECOMITL (PBLO),09-002,7201.0,16432.0,43832.46,70917.61,10653.15
MILPA ALTA,SAN BARTOLOME XICOMULCO (PBLO),09-003,1179.0,1838.63,7316.55,10565.34,1410.1599999999999
MILPA ALTA,SAN FRANCISCO TECOXPA (PBLO),09-004,1375.0,213.31,293.59000000000003,3275.2799999999997,2768.38
MILPA ALTA,SAN JERONIMO MIACATLAN (PBLO),09-005,995.0,265.46000000000004,449.96,1164.42,449.0
MILPA ALTA,SAN JUAN TEPENAHUAC (PBLO),09-006,487.0,0.0,7.6499999999999995,489.81,482.15999999999997
MILPA ALTA,SAN LORENZO TLACOYUCAN (PBLO),09-007,1062.0,142.81,0.0,1180.63,1037.82
MILPA ALTA,SAN PEDRO ATOCPAN (PBLO),09-009,2281.0,2481.67,3354.7699999999995,13479.1,7642.66
MILPA ALTA,SAN SALVADOR CUAUHTENCO (PBLO),09-010,3727.0,493.69,850.42,2836.16,1492.05
MILPA ALTA,SANTA ANA TLACOTENCO (PBLO),09-011,3010.0,820.3399999999999,669.15,2920.61,1431.12
MILPA ALTA,VILLA MILPA ALTA (PBLO),09-012,5079.0,6883.469999999999,12350.49,38119.770000000004,18885.81
TLAHUAC,AGRICOLA METROPOLITANA,11-001,2542.0,3106.09,34652.61,38757.96,999.26
TLAHUAC,DEL MAR NORTE,11-003,776.0,2617.62,11324.08,14728.8,787.1
TLAHUAC,DEL MAR SUR,11-004,4214.0,9334.29,58262.88,77963.70999999999,10366.55
TLAHUAC,EL ROSARIO,11-006,885.0,63.09,0.0,72.79,9.7
TLAHUAC,EL TRIANGULO,11-007,1132.0,1527.61,1728.4,3557.74,301.73
TLAHUAC,EMILIANO ZAPATA 1A,11-008,592.0,184.85000000000002,991.7900000000001,2372.01,1195.37
TLAHUAC,EMILIANO ZAPATA 2A,11-009,395.0,253.24,333.26,3372.25,2785.75
TLAHUAC,FRANCISCO VILLA,11-010,410.0,562.58,6194.400000000001,6981.33,224.35
TLAHUAC,GRANJAS CABRERA,11-011,649.0,3657.8999999999996,13550.470000000001,20740.05,3531.68
TLAHUAC,JAIME TORRES BODET,11-012,2016.0,708.3000000000001,302.05,1259.94,249.59
TLAHUAC,JARDINES DEL LLANO-U.H. VILLA TLATEMPA,11-013,768.0,404.97,11094.98,11915.62,415.66999999999996
TLAHUAC,LA CONCHITA I,11-056,3100.0,1235.3899999999999,3033.0099999999998,6677.6900000000005,2409.29
TLAHUAC,LA CONCHITA II,11-057,5180.0,1661.69,2798.86,8286.27,3825.72
TLAHUAC,LA DRAGA,11-014,2324.0,0.0,0.0,824.9,824.9
TLAHUAC,LA ESTACION,11-015,2576.0,3114.7,13599.150000000001,17918.920000000002,1205.07
TLAHUAC,LA HABANA,11-016,1266.0,501.65999999999997,827.24,1877.79,548.89
TLAHUAC,LA NOPALERA,11-019,1860.0,3514.84,21827.1,33337.619999999995,7995.68
TLAHUAC,LA TURBA,11-020,592.0,0.0,5189.97,5604.66,414.69000000000005
TLAHUAC,LAS ARBOLEDAS,11-021,3581.0,6702.13,64553.8,80191.62,8935.69
TLAHUAC,LOPEZ PORTILLO,11-022,1196.0,269.44,1571.87,2058.7200000000003,217.41
TLAHUAC,LOS OLIVOS,11-024,2551.0,5046.14,58314.3,73337.47,9977.03
TLAHUAC,MIGUEL HIDALGO,11-025,2850.0,7190.3,32811.69,46463.57,6461.58
TLAHUAC,MIGUEL HIDALGO OTE,11-026,3885.0,4189.78,18520.370000000003,25830.79,3120.6400000000003
TLAHUAC,OJO DE AGUA,11-027,862.0,975.63,136.73000000000002,4628.96,3516.6000000000004
TLAHUAC,PEA ALTA,11-029,1746.0,155.0,0.0,453.91999999999996,298.92
TLAHUAC,QUIAHUATLA,11-030,1107.0,2209.89,8159.25,13513.65,3144.5099999999998
TLAHUAC,SAN ANDRES MIXQUIC (PBLO),11-031,3193.0,373.0,282.45,5923.92,5268.47
TLAHUAC,SAN FRANCISCO TLALTENCO (PBLO),11-032,4640.0,6898.76,13934.880000000001,25594.989999999998,4761.35
TLAHUAC,SAN JOSE,11-033,2125.0,165.4,547.59,5299.01,4586.02
TLAHUAC,SAN JUAN IXTAYOPAN (PBLO),11-034,2597.0,7958.31,24025.03,34903.16,2919.82
TLAHUAC,SAN MIGUEL ZAPOTITLA,11-036,3790.0,3325.06,10224.71,16720.25,3170.48
TLAHUAC,SAN NICOLAS TETELCO (PBLO),11-037,1065.0,194.57999999999998,76.82,841.16,569.76
TLAHUAC,SAN PEDRO TLAHUAC (PBLO),11-038,4606.0,2277.0,2525.99,18759.86,13956.869999999999
TLAHUAC,SANTA CATARINA (AMPL),11-039,459.0,280.35,821.75,2155.62,1053.52
TLAHUAC,SANTA CATARINA YECAHUIZOTL (PBLO),11-040,1760.0,339.85,680.11,2916.9700000000003,1897.0100000000002
TLAHUAC,SANTA CECILIA,11-041,1635.0,909.02,349.52000000000004,9452.47,8193.93
TLAHUAC,SANTIAGO ZAPOTITLAN (PBLO),11-042,3376.0,923.99,3823.65,19648.59,14900.949999999999
TLAHUAC,SELENE (AMPL),11-043,1503.0,409.78000000000003,472.96,3753.49,2870.75
TLAHUAC,SELENE 1a SECC,11-044,2528.0,176.36,517.14,1979.2599999999998,1285.76
TLAHUAC,SELENE 2da SECC,11-045,2412.0,251.97,479.51,1619.5300000000002,888.05
TLAHUAC,TEZONTITLA-ZOMPANTITLA,11-049,244.0,619.24,836.82,1456.06,0.0
TLAHUAC,TIERRA BLANCA,11-050,844.0,0.0,59.099999999999994,59.099999999999994,0.0
TLAHUAC,TIERRA Y LIBERTAD,11-051,492.0,351.5,1292.97,1644.4699999999998,0.0
TLAHUAC,UNIDADES HABITACIONALES DE SANTA ANA PONIENTE I,11-055,4072.0,1891.56,44432.58,49815.37,3491.21
TLAHUAC,UNIDADES HABITACIONALES DE SANTA ANA PONIENTE II,11-058,3923.0,128.35999999999999,3698.96,8971.8,5144.48
TLAHUAC,VILLA CENTROAMERICANA (U HAB),11-052,2244.0,0.0,47326.57,57936.729999999996,10610.16
TLAHUAC,VILLAS DE LOS TRABAJADORES (GDF) (U HAB),11-053,1236.0,0.0,56372.39,56638.8,266.44
TLALPAN,2 DE OCTUBRE,12-205,1594.0,0.0,0.0,77.34,77.34
TLALPAN,AMPLIACION MIGUEL HIDALGO 2A SECC,12-002,5282.0,0.0,140.4,4509.63,4369.23
TLALPAN,AMPLIACION MIGUEL HIDALGO 3A SECC,12-003,4674.0,131.44,0.0,1235.42,1103.98
TLALPAN,AMPLIACION MIGUEL HIDALGO 4A SECC,12-004,3035.0,0.0,0.0,304.75,304.75
TLALPAN,AMSA,12-005,193.0,48.17999999999999,324.19,21967.21,21594.84
TLALPAN,ARBOLEDAS DEL SUR,12-007,1492.0,5922.74,50394.34,65498.119999999995,9181.039999999999
TLALPAN,ARENAL GUADALUPE TLALPAN,12-008,620.0,1341.96,12200.82,24566.92,11024.14
TLALPAN,ARENAL PUERTA TEPEPAN,12-009,259.0,1156.36,6754.4800000000005,45992.810000000005,38081.97
TLALPAN,BELISARIO DOMINGUEZ,12-215,259.0,3652.9,7983.32,228562.63,216926.40999999997
TLALPAN,BELVEDERE,12-013,1020.0,0.0,0.0,632.51,632.51
TLALPAN,BOSQUES DEL PEDREGAL,12-016,1587.0,0.0,0.0,7.24,7.24
TLALPAN,CALVARIO CAMISETAS,12-017,195.0,1655.23,7056.28,12775.58,4064.07
TLALPAN,CANTERA PUENTE DE PIEDRA,12-018,1337.0,1765.41,25734.89,29001.75,1501.45
TLALPAN,CHICHICASPATL,12-019,725.0,0.0,0.0,0.0,0.0
TLALPAN,CLUB DE GOLF MEXICO-SAN BUENAVENTURA,12-023,900.0,0.0,23775.45,46068.1,22292.65
TLALPAN,COAPA 2A SECCION-RAMOS MILLAN,12-024,1090.0,1012.3000000000001,42873.78,57325.159999999996,13439.08
TLALPAN,COAPA-VILLA CUEMANCO,12-093,626.0,1487.28,21535.18,25571.38,2548.92
TLALPAN,COLINAS DEL BOSQUE-LAS TORTOLAS,12-025,1864.0,0.0,31116.620000000003,31385.93,269.32
TLALPAN,CONDOMINIO DEL BOSQUE (FRACC)-BOSQUE DE TLALPAN,12-026,243.0,0.0,0.0,1507.59,1507.59
TLALPAN,CONJUNTO HABITACIONAL PEDREGAL DEL LAGO,12-218,492.0,23.5,47710.7,52629.100000000006,4894.87
TLALPAN,CONJUNTO URBANO CUEMANCO (U HAB),12-027,676.0,0.0,11594.9,13640.57,2045.65
TLALPAN,CRUZ DEL FAROL,12-029,845.0,0.0,0.0,163.98,163.98
TLALPAN,CUCHILLA DE PADIERNA,12-030,975.0,0.0,0.0,48.5,48.5
TLALPAN,CULTURA MAYA,12-032,1116.0,44.66,0.0,450.24,405.58
TLALPAN,DOLORES TLALI,12-034,360.0,0.0,0.0,0.0,0.0
TLALPAN,EJIDOS DE SAN PEDRO MARTIR I (NORTE),12-035,1923.0,0.0,0.0,663.9,663.9
TLALPAN,EJIDOS DE SAN PEDRO MARTIR II (SUR),12-219,2200.0,0.0,0.0,884.1899999999999,884.1899999999999
TLALPAN,EL DIVISADERO,12-037,267.0,0.0,0.0,0.0,0.0
TLALPAN,EX HACIENDA SAN JUAN DE DIOS,12-042,1358.0,10449.82,47756.14,86314.49,28108.53
TLALPAN,FLORESTA-PRADO-VERGEL COAPA,12-043,1048.0,1083.16,29430.09,43620.91,13107.66
TLALPAN,FOVISSSTE SAN PEDRO MARTIR ( U HAB),12-045,317.0,0.0,0.0,0.0,0.0
TLALPAN,FUENTES BROTANTES MIGUEL HIDALGO (U HAB),12-047,2444.0,0.0,122530.01999999999,128032.03,5501.969999999999
TLALPAN,FUENTES DEL PEDREGAL,12-049,1393.0,0.0,53588.62,133109.83000000002,79521.22
TLALPAN,FUENTES Y PEDREGAL DE TEPEPAN,12-048,1641.0,0.0,82.77,82.77,0.0
TLALPAN,GRANJAS COAPA,12-050,1776.0,3828.73,116431.15,141108.75999999998,20848.92
TLALPAN,GRANJAS COAPA ORIENTE,12-051,368.0,0.0,18757.41,41301.58,22544.17
TLALPAN,HACIENDA SAN JUAN-RINCON DE SAN JUAN-CHIMALI,12-053,1265.0,704.55,29374.96,46915.8,16836.29
TLALPAN,HEROES DE PADIERNA I,12-209,2395.0,635.12,3463.1400000000003,8099.33,4001.07
TLALPAN,HEROES DE PADIERNA II,12-210,2444.0,0.0,0.0,2030.05,2030.05
TLALPAN,HUESO PERIFERICO-ISSSFAM NO. 7 (U HABS),12-057,1039.0,0.0,57608.14,62810.68000000001,5202.54
TLALPAN,IGNACIO CHAVEZ (U HAB),12-059,516.0,0.0,29644.86,30524.52,879.66
TLALPAN,ISIDRO  FABELA (AMPL),12-061,359.0,1997.95,4595.15,6843.110000000001,250.01
TLALPAN,ISIDRO FABELA I (PONIENTE),12-060,1525.0,6570.74,33515.03,45381.82,5296.05
TLALPAN,ISIDRO FABELA II (ORIENTE),12-220,1984.0,15177.74,71823.70999999999,91781.08,4779.63
TLALPAN,ISSSFAM No. 1 (U HAB)-VILLA TLALPAN,12-062,818.0,0.0,14246.75,15516.600000000002,1269.85
TLALPAN,JARDINES COAPA-BELISARIO DOMINGUEZ,12-064,576.0,801.95,9119.23,12126.93,2205.75
TLALPAN,JARDINES DEL AJUSCO,12-066,1218.0,0.0,163.09,1011.6700000000001,848.58
TLALPAN,JARDINES EN LA MONTAA,12-067,1387.0,0.0,73271.56,228307.47000000003,155036.0
TLALPAN,LA  LONJA,12-069,995.0,3223.6,23407.04,28630.199999999997,1999.56
TLALPAN,LA FAMA,12-070,469.0,2939.34,27168.61,64540.979999999996,34433.020000000004
TLALPAN,LA JOYA,12-072,851.0,4457.83,47048.13,55252.740000000005,3746.7799999999997
TLALPAN,LA MAGDALENA PETLACALCO (PBLO),12-074,1922.0,0.0,0.0,118.67999999999998,118.67999999999998
TLALPAN,LOMAS DE  PADIERNA I,12-211,2956.0,0.0,0.0,2178.66,2178.66
TLALPAN,LOMAS DE  PADIERNA II,12-212,2554.0,0.0,196.87,41507.16,41310.29
TLALPAN,LOMAS DE CUILOTEPEC,12-080,510.0,0.0,0.0,0.0,0.0
TLALPAN,LOMAS DE PADIERNA (AMPL),12-211,2956.0,0.0,0.0,48312.84,48312.84
TLALPAN,LOMAS HIDALGO,12-086,653.0,0.0,0.0,212.4,212.4
TLALPAN,LOS  ENCINOS,12-087,610.0,0.0,0.0,374.94,374.94
TLALPAN,LOS VOLCANES,12-089,1343.0,0.0,1558.27,2315.0699999999997,756.8
TLALPAN,MA ESTHER ZUNO DE ECHEVERRIA-TLALPUENTE,12-092,774.0,0.0,0.0,229.79,229.79
TLALPAN,"MESA LOS HORNOS, TEXCALTENCO",12-094,2849.0,440.71,2480.29,3558.85,637.85
TLALPAN,MIGUEL HIDALGO,12-095,4245.0,3359.08,27835.51,40525.49,9330.9
TLALPAN,MIRADOR 1A SECC,12-096,539.0,0.0,0.0,40.55,40.55
TLALPAN,MIRADOR DEL VALLE,12-099,215.0,0.0,0.0,4.23,4.23
TLALPAN,MIRADOR I,12-100,556.0,0.0,0.0,0.0,0.0
TLALPAN,MOVIMIENTO ORGANIZADO DE TLALPAN-EL MIRADOR (RNCDA),12-102,200.0,0.0,0.0,0.0,0.0
TLALPAN,NARCISO MENDOZA VILLA COAPA SUPERMANZANA 8 (U HAB),12-217,586.0,1325.46,30069.15,37898.97,6504.360000000001
TLALPAN,NARCISO MENDOZA-VILLA COAPA SUPER MANZANA 1 (U HAB),12-103,1261.0,93.96000000000001,83445.67,84730.65,1190.97
TLALPAN,NARCISO MENDOZA-VILLA COAPA SUPER MANZANA 2 (U HAB),12-104,1249.0,258.32,80085.53,81882.23000000001,1538.4099999999999
TLALPAN,NARCISO MENDOZA-VILLA COAPA SUPER MANZANA 3 (U HAB),12-105,1347.0,144.94,81418.0,83611.51,2048.58
TLALPAN,NARCISO MENDOZA-VILLA COAPA SUPER MANZANA 6 (U HAB),12-106,1049.0,1062.3899999999999,76843.72,100072.87,22166.75
TLALPAN,NARCISO MENDOZA-VILLA COAPA SUPER MANZANA 7 (U HAB),12-107,1095.0,115.69999999999999,76589.16,83282.3,6577.43
TLALPAN,NIO JESUS (BARR),12-124,0.0,3463.63,53299.04,107256.51999999999,50493.85
TLALPAN,NUEVA ORIENTAL COAPA-EX HACIENDA COAPA,12-109,1239.0,1215.98,63669.32000000001,82549.73999999999,17664.440000000002
TLALPAN,NUEVO RENACIMIENTO DE AXALCO,12-110,218.0,0.0,0.0,187.76,187.76
TLALPAN,PARAJE 38,12-113,875.0,0.0,0.0,27.740000000000002,27.740000000000002
TLALPAN,PARQUES DEL PEDREGAL,12-114,659.0,0.0,38552.26,82294.92,43742.69
TLALPAN,PARRES EL GUARDA (PBLO),12-115,804.0,0.0,0.0,12.73,12.73
TLALPAN,PEDREGAL DE LAS AGUILAS,12-116,589.0,1734.9199999999998,7935.67,12451.45,2780.86
TLALPAN,PEDREGAL DE SN NICOLAS 1A SECC,12-117,3127.0,0.0,11.49,726.4200000000001,714.93
TLALPAN,PEDREGAL DE SN NICOLAS 2A SECC,12-118,2295.0,0.0,0.0,796.16,796.16
TLALPAN,PEDREGAL DE SN NICOLAS 3A SECC,12-119,2978.0,0.0,0.0,502.97,502.97
TLALPAN,PEDREGAL DE SN NICOLAS 4A SECC I,12-213,2972.0,0.0,0.0,48.88,48.88
TLALPAN,PEDREGAL DE SN NICOLAS 4A SECC II,12-214,2975.0,0.0,0.0,1250.9,1250.9
TLALPAN,PEDREGAL DE STA URSULA XITLA,12-121,1447.0,0.0,0.0,428.5,428.5
TLALPAN,PLAN DE AYALA,12-125,385.0,0.0,0.0,89.42999999999999,89.42999999999999
TLALPAN,POPULAR STA TERESA,12-127,2209.0,0.0,0.0,968.4100000000001,968.4100000000001
TLALPAN,PRADO COAPA 2A SECCION,12-130,650.0,1275.32,19651.64,27248.82,6321.86
TLALPAN,PRADO COAPA 3A SECCION-POTRERO ACOXPA,12-131,795.0,5208.38,24668.22,36800.51,6923.91
TLALPAN,PUEBLO QUIETO,12-133,182.0,279.44,6973.469999999999,8032.860000000001,779.95
TLALPAN,RANCHO LOS COLORINES (FRACC),12-136,225.0,0.0,13967.05,31416.01,17448.96
TLALPAN,REAL DEL SUR-VILLAS DEL SUR-RESIDENCIAL ACOXPA,12-137,494.0,282.98,7702.01,42716.590000000004,34731.6
TLALPAN,RINCON LAS HADAS-VILLA ROYALE-FUENTES Y ARCONADA COAPA,12-142,580.0,360.88,2450.9,2968.13,156.35000000000002
TLALPAN,RINCONADA (U HAB),12-143,330.0,0.0,21573.84,22360.77,786.94
TLALPAN,ROMULO SANCHEZ-SAN FERNANDO (BARR)-PEA POBRE,12-146,297.0,1381.24,3568.3599999999997,43506.65,38557.05
TLALPAN,SAN ANDRES TOTOLTEPEC (PBLO),12-147,7923.0,0.0,0.0,2872.89,2872.89
TLALPAN,SAN BARTOLO EL CHICO,12-148,445.0,1118.99,21427.82,34510.130000000005,11963.32
TLALPAN,SAN LORENZO HUIPULCO,12-153,2278.0,12806.51,127417.88,213680.71000000002,73456.32
TLALPAN,SAN MIGUEL  XICALCO (PBLO),12-154,3425.0,0.0,0.0,398.86,398.86
TLALPAN,SAN MIGUEL AJUSCO (PBLO),12-155,3866.0,0.0,0.0,372.99,372.99
TLALPAN,SAN MIGUEL TOPILEJO (PBLO),12-157,5430.0,0.0,0.0,2396.2,2396.2
TLALPAN,SAN PEDRO APOSTOL (BARR),12-159,145.0,1503.04,2697.6,5126.860000000001,926.22
TLALPAN,SAN PEDRO MARTIR (PBLO),12-160,3960.0,101.7,68.37,6964.76,6794.6900000000005
TLALPAN,SANTA URSULA XITLA,12-161,3245.0,0.0,5924.71,47985.22,42060.51
TLALPAN,SANTISIMA TRINIDAD,12-162,385.0,0.0,0.0,0.0,0.0
TLALPAN,SANTO TOMAS AJUSCO (PBLO),12-163,4166.0,0.0,0.0,1236.92,1236.92
TLALPAN,SAUZALES CEBADALES (U HAB),12-164,768.0,0.0,83740.70999999999,85109.67,1369.0
TLALPAN,SECCION XVI,12-165,386.0,4573.04,13650.35,102862.0,84638.57
TLALPAN,SN JUAN TEPEXIMILPA,12-151,705.0,0.0,0.0,5.84,5.84
TLALPAN,TENORIOS INFONAVIT 1 Y 2 (U HAB),12-168,588.0,0.0,26683.36,27174.91,491.55
TLALPAN,TEPETONGO,12-171,517.0,0.0,0.0,135.59,135.59
TLALPAN,TETENCO (PJE),12-172,176.0,0.0,0.0,5561.87,5561.87
TLALPAN,TLALCOLIGIA,12-175,2148.0,4533.1,22264.3,35300.73,8503.33
TLALPAN,TLALMILLE,12-176,944.0,0.0,0.0,108.2,108.2
TLALPAN,TLALPAN CENTRO,12-177,2693.0,33117.43,237325.91,432403.17000000004,161959.83000000002
TLALPAN,TORIELLO GUERRA,12-180,2450.0,12562.33,140196.45,266648.06,113889.28
TLALPAN,TORRES DE PADIERNA,12-181,635.0,0.0,0.0,263.39,263.39
TLALPAN,TRES FUENTES (U HAB),12-182,445.0,0.0,31652.309999999998,32129.29,476.96
TLALPAN,UNIDADES HABITACIONALES DE TENORIOS,12-044,477.0,0.0,33796.07,33864.38,68.32
TLALPAN,VALLE DE TEPEPAN,12-183,803.0,0.0,124.89,977.69,852.8
TLALPAN,VALLE ESCONDIDO,12-184,635.0,219.26,36444.79,79268.83,42604.78
TLALPAN,VALLE VERDE,12-185,220.0,0.0,0.0,0.0,0.0
TLALPAN,VERGEL DE COYOACAN-VERGEL DEL SUR,12-188,713.0,0.0,9101.94,77958.16,68856.22
TLALPAN,VILLA COAPA (RDCIAL),12-191,701.0,3034.13,35257.21,46704.479999999996,8413.14
TLALPAN,VILLA DEL PUENTE FOVISSSTE  (U HAB),12-193,217.0,0.0,6916.110000000001,10024.92,3108.81
TLALPAN,VILLA LAZARO CARDENAS,12-194,1255.0,9811.74,61910.59,82473.82,10751.49
TLALPAN,VILLA OLIMPICA LIBERADOR MIGUEL HIDALGO (U HAB),12-195,800.0,0.0,20683.64,58539.89,37856.29
TLALPAN,VISTAS DEL PEDREGAL,12-198,675.0,0.0,0.0,0.0,0.0
TLALPAN,VIVEROS DE COACTETLAN,12-199,1042.0,0.0,0.0,0.0,0.0
TLALPAN,XAXALIPAC,12-201,428.0,0.0,0.0,0.0,0.0
TLALPAN,ZAPOTE-LUIS DONALDO COLOSIO (U HABS),12-204,512.0,45.25,6052.17,6560.47,463.05
VENUSTIANO CARRANZA,10 DE MAYO,17-065,547.0,2280.64,39893.07,46761.97,4588.26
VENUSTIANO CARRANZA,20 DE NOVIEMBRE,17-066,3591.0,18540.760000000002,76115.22,99825.6,5169.62
VENUSTIANO CARRANZA,20 DE NOVIEMBRE (AMPL),17-067,241.0,1654.02,9836.13,30859.98,19369.83
VENUSTIANO CARRANZA,24 DE ABRIL,17-068,66.0,700.32,2340.8500000000004,7710.540000000001,4669.37
VENUSTIANO CARRANZA,5TO TRAMO DE 20 DE NOVIEMBRE,17-069,2277.0,16156.32,63562.93,90172.82,10453.57
VENUSTIANO CARRANZA,7 DE JULIO,17-070,295.0,99.53999999999999,8381.970000000001,28784.510000000002,20303.0
VENUSTIANO CARRANZA,7 DE JULIO (AMPL),17-071,612.0,147.66,39025.95,42364.369999999995,3190.73
VENUSTIANO CARRANZA,AARON SAENZ,17-001,129.0,1008.8299999999999,5512.049999999999,6666.74,145.86
VENUSTIANO CARRANZA,ADOLFO LOPEZ MATEOS,17-002,1852.0,13155.33,63642.03,88415.04000000001,11617.68
VENUSTIANO CARRANZA,AERONAUTICA MILITAR,17-003,931.0,24052.72,33347.091,76635.5,19235.69
VENUSTIANO CARRANZA,ALVARO OBREGON,17-004,854.0,7656.27,31656.97,40542.22,1228.98
VENUSTIANO CARRANZA,AQUILES SERDAN,17-005,2551.0,14376.55,76332.9,97425.19,6715.74
VENUSTIANO CARRANZA,ARTES GRAFICAS,17-006,3185.0,3364.71,126299.37,138746.39,9082.26
VENUSTIANO CARRANZA,AVIACION CIVIL,17-007,1871.0,20351.46,77180.85,105063.48,7531.17
VENUSTIANO CARRANZA,AVIACION CIVIL (AMPL),17-008,668.0,2953.04,11643.89,15013.14,416.21000000000004
VENUSTIANO CARRANZA,AZTECA,17-009,502.0,949.5,10881.83,12201.74,370.41
VENUSTIANO CARRANZA,CANDELARIA DELOS PATOS (U HAB),17-011,599.0,62.22,8515.85,9795.52,1217.45
VENUSTIANO CARRANZA,CARACOL,17-012,1519.0,10878.630000000001,53017.729999999996,70102.81,6206.450000000001
VENUSTIANO CARRANZA,CENTRO I,17-072,2169.0,8008.73,109450.04,145214.93,27756.16
VENUSTIANO CARRANZA,CENTRO II,17-073,1070.0,29410.940000000002,53586.57000000001,135601.77000000002,52604.26
VENUSTIANO CARRANZA,CUATRO ARBOLES,17-015,719.0,8923.67,26791.66,37723.59,2008.2599999999998
VENUSTIANO CARRANZA,CUCHILLA PANTITLAN,17-016,2470.0,9483.98,91225.94,108323.53,7613.6
VENUSTIANO CARRANZA,DAMIAN CARMONA,17-017,851.0,1299.63,4702.39,6006.53,4.51
VENUSTIANO CARRANZA,EL ARENAL 1A SECCION,17-018,1565.0,12931.92,46068.35,60885.79,1885.52
VENUSTIANO CARRANZA,EL ARENAL 2A SECCION,17-019,150.0,1523.2600000000002,3111.82,4934.63,299.55
VENUSTIANO CARRANZA,EL ARENAL 3A SECCION,17-020,553.0,1896.14,4112.23,6256.99,248.62
VENUSTIANO CARRANZA,EL ARENAL 4A SECCION,17-021,2867.0,8964.16,47982.979999999996,68983.43,12036.29
VENUSTIANO CARRANZA,EL PARQUE,17-023,880.0,1373.25,11689.86,95970.44,82907.33
VENUSTIANO CARRANZA,EMILIO CARRANZA,17-025,1368.0,19255.35,69277.62,108705.88,20172.91
VENUSTIANO CARRANZA,FEDERAL,17-026,3538.0,33003.770000000004,126893.72,194304.96,34407.47
VENUSTIANO CARRANZA,FELIPE ANGELES,17-027,835.0,9427.99,17663.03,47585.54,20494.510000000002
VENUSTIANO CARRANZA,FIVIPORT (U HAB),17-028,1670.0,0.0,39484.56,42803.32,3318.79
VENUSTIANO CARRANZA,IGNACIO ZARAGOZA I,17-074,3492.0,23123.43,88185.2,132945.49,21636.86
VENUSTIANO CARRANZA,IGNACIO ZARAGOZA II,17-075,2078.0,18931.89,66477.93,90574.88,5165.06
VENUSTIANO CARRANZA,INDUSTRIAL PUERTO AEREO (FRACC),17-030,41.0,428.86,1645.5299999999997,45925.34,43850.95
VENUSTIANO CARRANZA,JAMAICA,17-031,1551.0,5110.88,88500.19,126832.22,33221.39
VENUSTIANO CARRANZA,JANITZIO,17-032,722.0,10415.03,26850.18,39955.81,2690.6
VENUSTIANO CARRANZA,JARDIN BALBUENA I,17-076,4129.0,15183.32,124824.85,165421.06,25412.879999999997
VENUSTIANO CARRANZA,JARDIN BALBUENA II,17-077,1567.0,4497.01,53900.119999999995,93599.06999999999,35201.94
VENUSTIANO CARRANZA,JARDIN BALBUENA III,17-078,4561.0,15946.2,136941.23,180803.28,27915.85
VENUSTIANO CARRANZA,KENNEDY (U HAB),17-034,2796.0,0.0,531.54,2846.18,2314.64
VENUSTIANO CARRANZA,LORENZO BOTURINI,17-035,2840.0,15588.689999999999,109957.65,160614.901,35068.49
VENUSTIANO CARRANZA,MAGDALENA  MIXHUCA,17-036,1409.0,15233.21,84960.38,128468.70000000001,28275.11
VENUSTIANO CARRANZA,MAGDALENA  MIXHUCA (PBLO),17-037,1761.0,17554.52,66768.43,105824.28,21501.33
VENUSTIANO CARRANZA,MERCED BALBUENA,17-038,1286.0,9462.17,81154.78,117426.07,26809.13
VENUSTIANO CARRANZA,MICHOACANA,17-039,301.0,1740.94,4520.91,20320.08,14058.23
VENUSTIANO CARRANZA,MICHOACANA (AMPL),17-040,704.0,6819.9400000000005,26146.22,35282.78,2316.62
VENUSTIANO CARRANZA,MIGUEL HIDALGO,17-041,95.0,852.3199999999999,3678.65,4839.07,308.1
VENUSTIANO CARRANZA,MOCTEZUMA 1A SECCION,17-042,3545.0,48002.36,138186.71,200197.81,14008.74
VENUSTIANO CARRANZA,MOCTEZUMA 2A SECCION I,17-079,4008.0,38573.28,210647.55,309791.65,60570.78999999999
VENUSTIANO CARRANZA,MOCTEZUMA 2A SECCION II,17-080,3234.0,34597.74,148500.25,197266.8,14168.81
VENUSTIANO CARRANZA,MOCTEZUMA 2A SECCION III,17-081,3969.0,35095.729999999996,157228.84,208542.59000000003,16218.02
VENUSTIANO CARRANZA,MOCTEZUMA 2A SECCION IV,17-082,3180.0,31294.42,117121.08,167739.24,19323.739999999998
VENUSTIANO CARRANZA,MORELOS I,17-083,5195.0,19027.0,320432.85,358026.57,18566.63
VENUSTIANO CARRANZA,MORELOS II,17-084,5633.0,16939.79,300674.3,356947.7,39333.57
VENUSTIANO CARRANZA,NICOLAS BRAVO,17-045,1445.0,7236.25,45597.22,55288.89,2455.42
VENUSTIANO CARRANZA,PENITENCIARIA (AMPL),17-046,2126.0,8748.029999999999,124507.53,142930.9,9675.35
VENUSTIANO CARRANZA,PENSADOR MEXICANO I,17-085,1447.0,19239.54,66618.59,97822.5,11964.369999999999
VENUSTIANO CARRANZA,PENSADOR MEXICANO II,17-086,2016.0,25535.49,59842.229999999996,94374.68,8996.96
VENUSTIANO CARRANZA,POPULAR RASTRO,17-050,2035.0,5531.01,92894.06,102092.03,3666.9399999999996
VENUSTIANO CARRANZA,PRIMERO DE MAYO,17-051,716.0,613.91,9312.48,11494.28,1567.89
VENUSTIANO CARRANZA,PROGRESISTA,17-052,178.0,0.0,2092.0299999999997,3265.55,1173.52
VENUSTIANO CARRANZA,PUEBLA,17-053,1997.0,18591.71,63861.47,95122.2,12669.02
VENUSTIANO CARRANZA,REVOLUCION,17-054,1877.0,10374.54,63845.28,75687.41,1467.58
VENUSTIANO CARRANZA,ROMERO RUBIO,17-055,3478.0,36120.36,152988.85,212730.43,23621.21
VENUSTIANO CARRANZA,SANTA CRUZ AVIACION,17-056,712.0,3028.12,38229.69,51796.07000000001,10538.26
VENUSTIANO CARRANZA,SEVILLA,17-057,550.0,4082.18,24495.25,33654.28,5076.85
VENUSTIANO CARRANZA,SIMON  BOLIVAR,17-058,1838.0,8249.05,43258.95,78507.38,26999.38
VENUSTIANO CARRANZA,TRES MOSQUETEROS,17-059,67.0,0.0,889.11,1148.0900000000001,258.98
VENUSTIANO CARRANZA,VALENTIN GOMEZ FARIAS,17-060,1612.0,19787.079999999998,70251.04000000001,98343.38,8305.26
VENUSTIANO CARRANZA,VALLE GOMEZ,17-061,3039.0,10381.32,125603.04000000001,148200.0,12215.64
VENUSTIANO CARRANZA,VENUSTIANO CARRANZA,17-062,900.0,5764.05,25755.98,35814.43,4294.4
VENUSTIANO CARRANZA,VENUSTIANO CARRANZA (AMPL),17-063,550.0,1202.6599999999999,9614.53,10903.65,86.46
XOCHIMILCO,BARRIO 18,13-003,1849.0,0.0,1187.95,1854.87,666.9200000000001
XOCHIMILCO,BELEM (BARR),13-004,386.0,6028.47,8405.2,15722.57,1288.9
XOCHIMILCO,BOSQUE RESIDENCIAL DEL SUR (FRACC),13-005,1179.0,216.1,23941.65,24584.2,426.45
XOCHIMILCO,CALTONGO (BARR),13-007,2258.0,15.040000000000001,686.2,724.36,23.119999999999997
XOCHIMILCO,CANAL ONCE (U HAB),13-078,269.0,504.71000000000004,14277.399999999998,14840.74,58.629999999999995
XOCHIMILCO,CERRO GRANDE,13-008,649.0,892.36,3413.3900000000003,4310.5,4.75
XOCHIMILCO,CRISTO REY,13-009,574.0,316.92,0.0,1375.04,1058.12
XOCHIMILCO,EL CARMEN,13-011,1971.0,0.0,0.0,175.35000000000002,175.35000000000002
XOCHIMILCO,EL ROSARIO (BARR),13-012,192.0,7035.68,3828.3999999999996,33499.04,22634.96
XOCHIMILCO,GUADALUPE,13-013,855.0,92.77000000000001,1220.75,1514.37,200.85000000000002
XOCHIMILCO,HUICHAPAN,13-014,317.0,5637.3,6285.54,26266.71,14343.869999999999
XOCHIMILCO,INFONAVIT PROLONGACION DIVISION DEL NORTE (U HAB),13-080,443.0,0.0,21348.940000000002,21399.81,50.87
XOCHIMILCO,JARDINES DEL SUR,13-015,1635.0,1164.22,39213.729999999996,58934.75,18556.8
XOCHIMILCO,LA ASUNCION (BARR),13-017,1429.0,4351.98,15350.810000000001,22572.47,2869.6800000000003
XOCHIMILCO,LA CEBADA,13-019,444.0,2332.29,9938.42,14255.92,1985.21
XOCHIMILCO,LA CONCEPCION TLACOAPA (BARR),13-020,795.0,1022.4200000000001,10972.79,13431.91,1436.6999999999998
XOCHIMILCO,LA CONCHA,13-021,1092.0,2353.33,47062.48,60792.5,11376.7
XOCHIMILCO,LA GUADALUPITA (BARR),13-022,153.0,2940.31,6081.780000000001,10629.59,1607.5
XOCHIMILCO,LA NORIA,13-081,418.0,481.34000000000003,37118.89,47193.89,9593.66
XOCHIMILCO,LA NORIA TEPEPAN,13-023,1112.0,2759.58,38211.47,54492.97,13521.92
XOCHIMILCO,LORETO PEA POBRE (U HAB),13-079,348.0,0.0,17896.04,18378.260000000002,482.22
XOCHIMILCO,LOS CERRILLOS II,13-026,1664.0,299.02,1969.9499999999998,2296.05,27.080000000000002
XOCHIMILCO,LOS CERRILLOS III,13-027,1561.0,0.0,1326.92,1326.92,0.0
XOCHIMILCO,NATIVITAS,13-028,574.0,70.08,0.0,112.38,42.3
XOCHIMILCO,NATIVITAS (U HAB),13-029,739.0,0.0,48025.47,48781.77,756.28
XOCHIMILCO,NATIVITAS LA JOYA (AMPL),13-030,4354.0,33.82,0.0,517.85,484.03000000000003
XOCHIMILCO,PASEOS DEL SUR,13-032,528.0,2100.97,28491.14,33245.23,2653.12
XOCHIMILCO,POTRERO DE SAN BERNARDINO,13-033,735.0,2800.27,29071.059999999998,61779.259999999995,29907.93
XOCHIMILCO,RINCONADA DEL SUR (U HAB),13-034,577.0,0.0,37225.63,37259.51,33.82
XOCHIMILCO,SAN ANDRES AHUAYUCAN (PBLO),13-035,2981.0,2336.24,8022.6,11908.8,1549.96
XOCHIMILCO,SAN ANTONIO (BARR),13-036,445.0,5385.83,6640.26,16123.69,4097.6
XOCHIMILCO,SAN BARTOLO EL CHICO,13-037,120.0,144.54,1590.98,6685.55,4950.03
XOCHIMILCO,SAN CRISTOBAL (BARR),13-038,622.0,802.02,3935.76,5089.889999999999,352.11
XOCHIMILCO,SAN DIEGO (BARR),13-039,386.0,1621.3399999999997,6228.1900000000005,7880.97,31.439999999999998
XOCHIMILCO,SAN ESTEBAN (BARR),13-040,568.0,3637.71,15033.36,19235.27,564.2
XOCHIMILCO,SAN FRANCISCO TLALNEPANTLA (PBLO),13-042,1775.0,113.5,165.23,1554.23,1275.5
XOCHIMILCO,SAN GREGORIO ATLAPULCO (PBLO),13-043,7426.0,15066.02,38662.66,60831.28,7102.599999999999
XOCHIMILCO,SAN JOSE ZACATEPEC,13-046,789.0,109.25999999999999,1798.31,1909.77,2.2
XOCHIMILCO,SAN JUAN (BARR),13-047,447.0,1250.25,3922.3199999999997,5554.02,381.45
XOCHIMILCO,SAN JUAN TEPEPAN,13-048,1043.0,1376.04,21163.379999999997,27333.86,4794.4400000000005
XOCHIMILCO,SAN LORENZO,13-006,275.0,1551.69,10805.25,25540.48,13183.54
XOCHIMILCO,SAN LORENZO (BARR),13-049,1140.0,759.64,6255.09,7072.66,57.93
XOCHIMILCO,SAN LORENZO ATEMOAYA (PBLO),13-050,2620.0,2602.94,27331.28,32204.57,2270.35
XOCHIMILCO,SAN LORENZO LA CEBADA I,13-075,2931.0,4749.73,25757.75,31629.15,1121.67
XOCHIMILCO,SAN LORENZO LA CEBADA II,13-076,2058.0,10459.06,37356.34,51179.83,3364.4299999999994
XOCHIMILCO,SAN LUCAS XOCHIMANCA (PBLO),13-052,3326.0,4672.37,24988.72,33399.68,3738.5899999999997
XOCHIMILCO,SAN LUIS TLAXIALTEMALCO (PBLO),13-053,3794.0,4270.21,9546.81,17417.39,3600.37
XOCHIMILCO,SAN MARCOS (AMPL),13-054,4508.0,4032.16,18709.55,77077.87,54336.149999999994
XOCHIMILCO,SAN MARCOS (BARR),13-055,996.0,5227.14,16140.61,32134.76,10767.01
XOCHIMILCO,SAN MATEO XALPA (PBLO),13-056,102654.0,7931.23,18615.77,77883.3,51336.3
XOCHIMILCO,SAN PEDRO (BARR),13-057,814.0,12237.74,21123.41,55204.93,21843.78
XOCHIMILCO,SANTA CECILIA TEPETLAPA (PBLO),13-058,2881.0,2625.3199999999997,12845.079999999998,17542.440000000002,2072.04
XOCHIMILCO,SANTA CRUCITA (BARR),13-059,84.0,3187.12,3270.71,14590.470000000001,8132.639999999999
XOCHIMILCO,SANTA CRUZ ACALPIXCA (PBLO),13-060,6124.0,5266.38,13271.79,22809.18,4271.01
XOCHIMILCO,SANTA CRUZ CHAVARRIETA,13-061,480.0,523.41,3646.13,4292.52,122.98
XOCHIMILCO,SANTA CRUZ XOCHITEPEC (PBLO),13-062,3870.0,7290.61,51963.69,65486.34,6232.04
XOCHIMILCO,SANTA INES,13-063,375.0,153.01999999999998,1656.8400000000001,1961.87,152.01
XOCHIMILCO,SANTA MARIA NATIVITAS (PBLO),13-064,4515.0,3925.06,18511.67,26080.800000000003,3644.0699999999997
XOCHIMILCO,SANTA MARIA TEPEPAN (PBLO),13-065,4561.0,12801.130000000001,106109.63,170849.03999999998,51938.28
XOCHIMILCO,SANTIAGO TEPALCATLALPAN (PBLO),13-066,4072.0,11399.79,40060.61,55998.53,4538.13
XOCHIMILCO,SANTIAGO TULYEHUALCO (PBLO),13-067,5978.0,21028.94,60536.67999999999,98127.39000000001,16561.77
XOCHIMILCO,TEPEPAN (AMPL),13-069,1796.0,5620.83,34797.17,43317.83,2899.83
XOCHIMILCO,TESMIC (RDCIAL),13-070,287.0,185.5,8411.41,8683.89,86.97999999999999
XOCHIMILCO,TIERRA NUEVA,13-071,526.0,2626.75,15606.939999999999,21871.87,3638.1800000000003
XOCHIMILCO,VILLA XOCHIMILCO (U HAB),13-083,284.0,0.0,12515.169999999998,13915.11,1399.94
XOCHIMILCO,XALTOCAN (BARR),13-073,3000.0,22843.79,52216.509999999995,118341.44,43281.08
