fecha_referencia,anio,bimestre,alcaldia,colonia,cve_col,Sum_TotHog,consumo_total_mixto,consumo_total_dom,consumo_total,consumo_total_no_dom
2019-02-28,2019,1,ALVARO OBREGON,19 DE MAYO,10-241,337,215.14000000000001,4482.25,4703.88,6.49
2019-02-28,2019,1,ALVARO OBREGON,1RA VICTORIA,10-242,592,264.96,3788.64,4059.5,5.9
2019-02-28,2019,1,ALVARO OBREGON,1RA VICTORIA SECCION BOSQUES,10-243,631,1903.9399999999998,4797.22,7190.280000000001,489.11999999999995
2019-02-28,2019,1,ALVARO OBREGON,2DA  JALALPA TEPITO (AMPL),10-246,1281,2065.76,5823.17,8029.99,141.06
2019-02-28,2019,1,ALVARO OBREGON,2DA EL PIRUL (AMPL),10-245,239,290.49,2108.74,2448.3,49.07
2019-02-28,2019,1,ALVARO OBREGON,ABRAHAM GONZALEZ,10-001,75,0.0,108.02,108.02,0.0
2019-02-28,2019,1,ALVARO OBREGON,ACUEDUCTO,10-002,889,285.68,1967.41,4433.18,2180.09
2019-02-28,2019,1,ALVARO OBREGON,AGUILAS 3ER PARQUE,10-005,893,251.65,3342.75,3934.2400000000002,339.84
2019-02-28,2019,1,ALVARO OBREGON,AGUILAS PILARES,10-006,672,567.64,19217.68,21289.79,1504.47
2019-02-28,2019,1,ALVARO OBREGON,ALCANTARILLA,10-007,475,0.0,0.0,316.87,316.87
2019-02-28,2019,1,ALVARO OBREGON,ALFALFAR,10-008,519,422.47,5540.17,8114.95,2152.31
2019-02-28,2019,1,ALVARO OBREGON,ALFONSO XIII,10-009,3340,8093.49,45013.88,60899.39,7792.0199999999995
2019-02-28,2019,1,ALVARO OBREGON,ALPES,10-010,1590,2249.94,39765.05,57481.2,15466.259999999998
2019-02-28,2019,1,ALVARO OBREGON,ALPES (AMPL),10-011,920,134.53,4706.5,5235.42,394.39
2019-02-28,2019,1,ALVARO OBREGON,ARBOLEDAS POLITOCO,10-015,145,37.38,488.05,601.33,75.9
2019-02-28,2019,1,ALVARO OBREGON,ARCOS DE CENTENARIO,10-016,54,95.6,488.71,617.92,33.61
2019-02-28,2019,1,ALVARO OBREGON,ARTURO MARTINEZ,10-018,441,498.38,3537.19,4127.860000000001,92.28999999999999
2019-02-28,2019,1,ALVARO OBREGON,ARVIDE,10-019,155,0.0,556.35,5491.47,4935.12
2019-02-28,2019,1,ALVARO OBREGON,ATLAMAYA,10-021,463,37.18,19461.010000000002,22289.62,2791.43
2019-02-28,2019,1,ALVARO OBREGON,AVE REAL,10-022,279,21.18,568.98,1154.34,564.18
2019-02-28,2019,1,ALVARO OBREGON,AXOTLA,10-024,846,2878.13,19902.46,36080.909999999996,13300.349999999999
2019-02-28,2019,1,ALVARO OBREGON,BALCONES DE CEHUAYO,10-025,376,342.36,133.93,501.65999999999997,25.369999999999997
2019-02-28,2019,1,ALVARO OBREGON,BARRIO NORTE,10-026,3558,1509.69,15027.050000000001,16756.38,219.64
2019-02-28,2019,1,ALVARO OBREGON,BEJERO,10-028,513,268.56,3045.58,3327.12,12.98
2019-02-28,2019,1,ALVARO OBREGON,BELEN DE LAS FLORES,10-029,633,218.97,325.42,4940.48,4396.09
2019-02-28,2019,1,ALVARO OBREGON,BELEN DE LAS FLORES (U HAB),10-231,1229,0.0,40200.3,41176.4,976.11
2019-02-28,2019,1,ALVARO OBREGON,BELEN DE LAS FLORES SECCION RELLENO,10-030,193,200.26,4254.17,4471.54,17.11
2019-02-28,2019,1,ALVARO OBREGON,BELEN DE LAS FLORES_,10-249,157,0.0,0.0,4.72,4.72
2019-02-28,2019,1,ALVARO OBREGON,BELLA VISTA,10-031,2932,8451.27,41913.19,75773.78,25409.32
2019-02-28,2019,1,ALVARO OBREGON,BONANZA,10-032,497,525.77,3385.79,4108.06,196.5
2019-02-28,2019,1,ALVARO OBREGON,BOSQUES DE TARANGO,10-033,1706,134.51,3089.76,7049.84,3825.57
2019-02-28,2019,1,ALVARO OBREGON,CALZADA JALALPA,10-034,1327,0.0,85.55,86.73,1.18
2019-02-28,2019,1,ALVARO OBREGON,CANUTILLO 3RA SECCION,10-038,1106,214.94,19629.100000000002,20468.79,624.7900000000001
2019-02-28,2019,1,ALVARO OBREGON,CAROLA,10-040,129,0.0,3675.56,5122.2,1446.64
2019-02-28,2019,1,ALVARO OBREGON,CHIMALISTAC,10-042,340,1223.91,8948.55,21173.55,11001.09
2019-02-28,2019,1,ALVARO OBREGON,COLINAS DE TARANGO,10-043,194,0.0,656.07,1069.19,413.12
2019-02-28,2019,1,ALVARO OBREGON,COLINAS DEL SUR,10-044,3789,416.18,12297.54,15077.800000000001,2364.08
2019-02-28,2019,1,ALVARO OBREGON,CORPUS CHRISTY,10-047,2402,1644.77,10127.45,13120.95,1348.73
2019-02-28,2019,1,ALVARO OBREGON,CORPUS CURISTY AMPL XOCOMECATLA,10-048,895,0.0,8409.2,8521.89,112.69
2019-02-28,2019,1,ALVARO OBREGON,COVE,10-049,1249,4429.32,20575.06,28534.84,3530.46
2019-02-28,2019,1,ALVARO OBREGON,CRISTO REY,10-050,242,1925.1,4618.1900000000005,8074.75,1531.46
2019-02-28,2019,1,ALVARO OBREGON,DESARROLLO URBANO,10-052,1383,0.0,796.2,798.15,1.95
2019-02-28,2019,1,ALVARO OBREGON,EL BOSQUE,10-056,149,146.62,782.05,957.56,28.89
2019-02-28,2019,1,ALVARO OBREGON,EL BOSQUE 2DA SECCION (AMPL),10-057,72,215.86,847.61,1063.47,0.0
2019-02-28,2019,1,ALVARO OBREGON,EL CAPULIN,10-059,338,98.52,1530.88,1902.5700000000002,273.17
2019-02-28,2019,1,ALVARO OBREGON,EL CAPULIN (AMPL),10-060,170,81.22,437.53,542.06,23.31
2019-02-28,2019,1,ALVARO OBREGON,EL CUERNITO,10-187,584,0.0,0.0,1473.23,1473.23
2019-02-28,2019,1,ALVARO OBREGON,EL PARAISO,10-063,1350,545.16,13142.289999999999,15512.42,1824.97
2019-02-28,2019,1,ALVARO OBREGON,EL PIRU (FRACC),10-064,428,0.0,0.0,0.0,0.0
2019-02-28,2019,1,ALVARO OBREGON,EL PIRUL,10-065,577,716.65,4360.16,6069.96,993.1500000000001
2019-02-28,2019,1,ALVARO OBREGON,EL POCITO,10-066,265,425.81,742.8,1183.36,14.75
2019-02-28,2019,1,ALVARO OBREGON,EL RODEO,10-067,74,77.24,173.79,251.03,0.0
2019-02-28,2019,1,ALVARO OBREGON,EMANCIPACION DEL PUEBLO,10-069,235,93.81,4695.66,4889.96,100.49
2019-02-28,2019,1,ALVARO OBREGON,ESTADO DE HIDALGO,10-071,404,505.5,3522.64,27542.81,23514.67
2019-02-28,2019,1,ALVARO OBREGON,ESTADO DE HIDALGO_,10-247,612,954.06,1554.1,3288.66,780.5
2019-02-28,2019,1,ALVARO OBREGON,FLOR DE MARIA,10-072,329,417.43,8494.4,10414.990000000002,1503.16
2019-02-28,2019,1,ALVARO OBREGON,FLORIDA,10-073,1959,2147.43,60276.99,83629.69,21205.27
2019-02-28,2019,1,ALVARO OBREGON,FRANCISCO VILLA,10-074,699,747.07,2218.73,4648.27,1682.47
2019-02-28,2019,1,ALVARO OBREGON,GARCIMARRERO,10-076,700,154.56,942.6899999999999,1101.3799999999999,4.13
2019-02-28,2019,1,ALVARO OBREGON,GARCIMARRERO NORTE,10-077,1188,967.32,18170.73,21783.04,2645.0499999999997
2019-02-28,2019,1,ALVARO OBREGON,GARCIMARRERO REACOMODO,10-078,225,725.54,1190.4,2097.25,181.31
2019-02-28,2019,1,ALVARO OBREGON,GOLONDRINAS,10-079,980,251.64,1161.83,1648.88,235.41
2019-02-28,2019,1,ALVARO OBREGON,GOLONDRINAS 1RA SECCION,10-080,618,0.0,515.81,890.1999999999999,374.39
2019-02-28,2019,1,ALVARO OBREGON,GRAL A ROSALES,10-082,69,0.0,422.29,482.65,60.36
2019-02-28,2019,1,ALVARO OBREGON,GRAL C  A  MADRAZO,10-083,240,64.32,359.01,425.4,2.07
2019-02-28,2019,1,ALVARO OBREGON,GUADALUPE INN,10-084,1687,6409.4,43354.19,108764.2,59000.65
2019-02-28,2019,1,ALVARO OBREGON,HACIENDA DE GUADALUPE CHIMALISTAC,10-004,448,114.39,12063.83,22329.53,10151.310000000001
2019-02-28,2019,1,ALVARO OBREGON,HERON PROAL,10-085,807,348.64,3025.9700000000003,3550.4300000000003,175.82
2019-02-28,2019,1,ALVARO OBREGON,HOGAR Y REDENCION,10-086,829,1031.8,4350.34,5507.58,125.44
2019-02-28,2019,1,ALVARO OBREGON,JALALPA,10-088,1511,0.0,0.0,550.47,550.47
2019-02-28,2019,1,ALVARO OBREGON,JALALPA (AMPL),10-014,445,162.82999999999998,1184.01,1572.16,225.32
2019-02-28,2019,1,ALVARO OBREGON,JALALPA EL GRANDE,10-089,2783,413.40999999999997,6183.45,10685.13,4088.27
2019-02-28,2019,1,ALVARO OBREGON,JALALPA TEPITO,10-090,998,1656.52,9728.7,11472.41,87.19
2019-02-28,2019,1,ALVARO OBREGON,JARDINES DEL PEDREGAL,10-091,4191,878.3199999999999,158107.15,192273.43,33287.97
2019-02-28,2019,1,ALVARO OBREGON,JOSE MARIA PINO SUAREZ,10-092,1780,2882.34,15489.7,20833.92,2461.88
2019-02-28,2019,1,ALVARO OBREGON,JURISTAS,10-093,206,140.93,1732.2,1961.63,88.5
2019-02-28,2019,1,ALVARO OBREGON,LA ANGOSTURA,10-094,394,0.0,0.0,642.51,642.51
2019-02-28,2019,1,ALVARO OBREGON,LA CAADA,10-096,968,0.0,0.0,291.78,291.78
2019-02-28,2019,1,ALVARO OBREGON,LA CASCADA,10-097,578,78.94,6862.7,6979.99,38.35
2019-02-28,2019,1,ALVARO OBREGON,LA CEBADA (AMPL),10-098,326,0.0,1026.7,1029.65,2.95
2019-02-28,2019,1,ALVARO OBREGON,LA CONCHITA,10-100,921,680.5,3017.78,4253.62,555.34
2019-02-28,2019,1,ALVARO OBREGON,LA HERRADURA,10-101,157,341.19,903.88,1248.7,3.63
2019-02-28,2019,1,ALVARO OBREGON,LA JOYA,10-103,584,61.92,505.63,1347.17,779.62
2019-02-28,2019,1,ALVARO OBREGON,LA LOMA,10-104,1611,0.0,25974.5,26645.4,670.88
2019-02-28,2019,1,ALVARO OBREGON,LA MARTINICA,10-105,716,0.0,1828.16,2568.02,739.86
2019-02-28,2019,1,ALVARO OBREGON,LA MEXICANA,10-106,1865,1153.2,3640.2799999999997,5093.679999999999,300.2
2019-02-28,2019,1,ALVARO OBREGON,LA MEXICANA (AMPL),10-013,467,481.26,3760.37,4642.4400000000005,400.81
2019-02-28,2019,1,ALVARO OBREGON,LA OTRA BANDA,10-108,284,2430.54,7700.86,14509.58,4378.139999999999
2019-02-28,2019,1,ALVARO OBREGON,LA PALMITA,10-109,386,69.3,1714.9,1839.07,54.870000000000005
2019-02-28,2019,1,ALVARO OBREGON,LA PERA XOCHINAHUAC (U HAB),10-110,291,0.0,3803.2,3803.2,0.0
2019-02-28,2019,1,ALVARO OBREGON,LA PRESA,10-111,278,320.62,1414.5500000000002,1765.8500000000001,30.68
2019-02-28,2019,1,ALVARO OBREGON,LAS AGUILAS,10-114,2252,1080.1599999999999,52645.41,60260.86,6535.29
2019-02-28,2019,1,ALVARO OBREGON,LAS AGUILAS (AMPL),10-115,2633,5264.56,30515.31,39724.87,3945.0
2019-02-28,2019,1,ALVARO OBREGON,LAS CUEVITAS,10-118,1116,517.02,2430.59,8065.650000000001,5118.04
2019-02-28,2019,1,ALVARO OBREGON,LAS PALMAS,10-119,494,481.88,3637.42,4437.83,318.53
2019-02-28,2019,1,ALVARO OBREGON,LIBERALES DE 1857,10-121,1359,306.8,5773.47,6382.94,302.66999999999996
2019-02-28,2019,1,ALVARO OBREGON,LLANO REDONDO,10-122,296,0.0,717.8199999999999,736.11,18.29
2019-02-28,2019,1,ALVARO OBREGON,LOMAS DE AXOMIATLA,10-123,510,128.04,6053.21,8407.98,2226.73
2019-02-28,2019,1,ALVARO OBREGON,LOMAS DE BECERRA,10-124,2311,0.0,324.92999999999995,326.7,1.77
2019-02-28,2019,1,ALVARO OBREGON,LOMAS DE BECERRA (U HAB),10-125,672,0.0,16345.3,19830.4,3485.03
2019-02-28,2019,1,ALVARO OBREGON,LOMAS DE BECERRA ARVIDE (U HAB),10-126,870,0.0,14495.4,14920.0,424.65
2019-02-28,2019,1,ALVARO OBREGON,LOMAS DE CAPULA,10-127,1351,287.34,1653.8500000000001,2058.62,117.42999999999999
2019-02-28,2019,1,ALVARO OBREGON,LOMAS DE CHAMONTOYA,10-130,1747,0.0,0.0,268.45,268.45
2019-02-28,2019,1,ALVARO OBREGON,LOMAS DE GUADALUPE,10-131,390,16.52,12984.720000000001,13930.98,929.74
2019-02-28,2019,1,ALVARO OBREGON,LOMAS DE LA ERA,10-132,3774,0.0,0.0,481.11,481.11
2019-02-28,2019,1,ALVARO OBREGON,LOMAS DE LAS AGUILAS,10-133,914,0.0,3003.57,3239.59,236.01999999999998
2019-02-28,2019,1,ALVARO OBREGON,LOMAS DE LOS ANGELES TETELPAN,10-134,1181,1081.6399999999999,6882.81,8091.45,127.0
2019-02-28,2019,1,ALVARO OBREGON,LOMAS DE LOS CEDROS,10-135,1345,0.0,0.0,0.0,0.0
2019-02-28,2019,1,ALVARO OBREGON,LOMAS DE NUEVO MEXICO,10-136,418,348.11,966.5,1600.14,285.53
2019-02-28,2019,1,ALVARO OBREGON,LOMAS DE PLATEROS (U HAB) I,10-250,3313,0.0,66411.22,69516.91,3105.6
2019-02-28,2019,1,ALVARO OBREGON,LOMAS DE PLATEROS (U HAB) II,10-251,2484,0.0,53271.94,58718.86,5446.9400000000005
2019-02-28,2019,1,ALVARO OBREGON,LOMAS DE PUERTA GRANDE,10-138,952,456.21,2329.1800000000003,3266.21,480.82000000000005
2019-02-28,2019,1,ALVARO OBREGON,LOMAS DE SAN ANGEL INN,10-139,908,80.39,14034.43,26431.010000000002,12316.19
2019-02-28,2019,1,ALVARO OBREGON,LOMAS DE SANTA FE,10-140,85,0.0,1877.43,2174.81,297.38
2019-02-28,2019,1,ALVARO OBREGON,LOMAS DE SANTA FE II,10-248,1122,0.0,27119.75,158718.45,131598.72
2019-02-28,2019,1,ALVARO OBREGON,LOMAS DE SANTO DOMINGO,10-141,187,0.0,851.75,857.06,5.31
2019-02-28,2019,1,ALVARO OBREGON,LOMAS DE SANTO DOMINGO (AMPL),10-142,284,96.56,1747.47,2381.52,537.49
2019-02-28,2019,1,ALVARO OBREGON,LOMAS DE TARANGO,10-143,944,28.74,7262.01,9954.33,2663.58
2019-02-28,2019,1,ALVARO OBREGON,LOMAS DE TETELPAN,10-144,1552,69.64,6919.24,7189.889999999999,201.01
2019-02-28,2019,1,ALVARO OBREGON,LORETO,10-145,286,0.0,272.11,285.09,12.98
2019-02-28,2019,1,ALVARO OBREGON,MARGARITA M DE JUAREZ,10-148,240,832.83,1685.29,3221.04,702.92
2019-02-28,2019,1,ALVARO OBREGON,MARIA G DE GARCIA RUIZ,10-149,739,1171.79,5986.969999999999,7596.33,437.57
2019-02-28,2019,1,ALVARO OBREGON,MARTIRES DE TACUBAYA,10-150,195,1023.3699999999999,2634.0,3889.21,231.84
2019-02-28,2019,1,ALVARO OBREGON,MERCED GOMEZ,10-151,2239,10505.42,48601.68,70963.38,11856.27
2019-02-28,2019,1,ALVARO OBREGON,METROPOLITANO (U HAB),10-152,611,0.0,8440.42,8671.7,231.28
2019-02-28,2019,1,ALVARO OBREGON,MIGUEL GAONA ARMENTA,10-153,534,0.0,0.0,0.0,0.0
2019-02-28,2019,1,ALVARO OBREGON,MIGUEL HIDALGO,10-154,614,151.05,4985.84,5840.42,703.53
2019-02-28,2019,1,ALVARO OBREGON,MINAS DE CRISTO,10-156,861,962.89,7155.01,12568.07,4450.17
2019-02-28,2019,1,ALVARO OBREGON,MOLINO DE ROSAS,10-157,2186,3551.63,23797.71,33092.05,5742.71
2019-02-28,2019,1,ALVARO OBREGON,MOLINO DE ROSAS (AMPL),10-158,320,263.09000000000003,2522.74,3016.47,230.64000000000001
2019-02-28,2019,1,ALVARO OBREGON,MOLINO DE SANTO DOMINGO,10-159,1420,2318.1600000000003,13474.51,17170.739999999998,1378.07
2019-02-28,2019,1,ALVARO OBREGON,MOLINO DE SANTO DOMINGO (U HAB),10-160,426,25.38,881.8,958.63,51.449999999999996
2019-02-28,2019,1,ALVARO OBREGON,OCHO DE AGOSTO,10-161,619,0.0,2269.04,5412.45,3143.41
2019-02-28,2019,1,ALVARO OBREGON,OCOTILLOS,10-162,164,0.0,1762.69,1942.03,179.34
2019-02-28,2019,1,ALVARO OBREGON,OLIVAR DE LOS PADRES,10-163,4952,5809.65,93320.22,125538.55,26408.61
2019-02-28,2019,1,ALVARO OBREGON,OLIVAR DEL CONDE 1RA SECCION I,10-252,1999,3327.85,12517.390000000001,16482.989999999998,637.75
2019-02-28,2019,1,ALVARO OBREGON,OLIVAR DEL CONDE 1RA SECCION II,10-253,2100,2128.49,11716.91,14404.5,559.1
2019-02-28,2019,1,ALVARO OBREGON,OLIVAR DEL CONDE 2DA SECCION I,10-254,2287,4455.889999999999,16454.92,24010.41,3099.6
2019-02-28,2019,1,ALVARO OBREGON,OLIVAR DEL CONDE 2DA SECCION II,10-255,2197,2530.46,15262.1,18997.35,1204.79
2019-02-28,2019,1,ALVARO OBREGON,PALMAS,10-166,889,183.35,4528.84,4770.58,58.39
2019-02-28,2019,1,ALVARO OBREGON,PASEO DE LAS LOMAS-SAN GABRIEL,10-170,1248,0.0,18716.63,22667.45,3950.82
2019-02-28,2019,1,ALVARO OBREGON,PILOTO (ADOLFO LOPEZ MATEOS),10-171,1464,2674.8,8636.28,13051.82,1740.74
2019-02-28,2019,1,ALVARO OBREGON,PILOTO (ADOLFO LOPEZ MATEOS) (AMPL),10-172,2510,1453.6,7276.9400000000005,9399.97,669.4300000000001
2019-02-28,2019,1,ALVARO OBREGON,POLVORA,10-174,473,295.74,3566.8,6989.1900000000005,3126.6499999999996
2019-02-28,2019,1,ALVARO OBREGON,PRADOS LA PROVIDENCIA,10-176,531,203.32999999999998,672.6,1069.81,193.88
2019-02-28,2019,1,ALVARO OBREGON,PRESIDENTES,10-177,1522,2235.7,10371.53,13502.51,895.28
2019-02-28,2019,1,ALVARO OBREGON,PRESIDENTES 1RA (AMPL),10-178,789,317.83,3085.0,3686.0699999999997,283.24
2019-02-28,2019,1,ALVARO OBREGON,PRESIDENTES 2DA (AMPL),10-179,1412,337.08000000000004,937.24,1276.63,2.31
2019-02-28,2019,1,ALVARO OBREGON,PRIVADA CENTENARIO,10-180,348,96.18,675.5,954.57,182.89
2019-02-28,2019,1,ALVARO OBREGON,PROF JOSE ARTURO LOPEZ,10-181,643,127.44,444.22,605.89,34.23
2019-02-28,2019,1,ALVARO OBREGON,PROGRESO TIZAPAN,10-182,2846,13588.869999999999,51881.82,72278.08,6807.4
2019-02-28,2019,1,ALVARO OBREGON,PUEBLO NUEVO,10-183,87,378.33,2102.5699999999997,2485.52,4.62
2019-02-28,2019,1,ALVARO OBREGON,PUENTE COLORADO,10-184,787,1293.96,3339.0,6679.26,2046.3
2019-02-28,2019,1,ALVARO OBREGON,PUENTE COLORADO (AMPL),10-185,829,831.04,4125.58,4996.74,40.12
2019-02-28,2019,1,ALVARO OBREGON,PUNTA DE CEHUAYO,10-186,621,0.0,305.13,362.95,57.82
2019-02-28,2019,1,ALVARO OBREGON,REACOMODO EL CUERNITO,10-187,584,650.44,10219.83,13476.54,2606.27
2019-02-28,2019,1,ALVARO OBREGON,REACOMODO PINO SUAREZ,10-188,163,108.56,597.49,711.36,5.31
2019-02-28,2019,1,ALVARO OBREGON,REAL DEL MONTE,10-189,320,0.0,0.0,3734.11,3734.11
2019-02-28,2019,1,ALVARO OBREGON,SAN ANGEL,10-192,706,5220.83,32645.120000000003,102867.63,65001.68
2019-02-28,2019,1,ALVARO OBREGON,SAN ANGEL INN,10-193,548,21.24,19342.16,29953.16,10589.76
2019-02-28,2019,1,ALVARO OBREGON,SAN BARTOLO AMEYALCO (PBLO),10-194,6579,0.0,0.0,1048.79,1048.79
2019-02-28,2019,1,ALVARO OBREGON,SAN CLEMENTE,10-195,2815,341.71000000000004,16952.670000000002,18810.37,1515.99
2019-02-28,2019,1,ALVARO OBREGON,SAN PEDRO DE LOS PINOS,10-197,31,66.68,5337.52,21552.96,16148.76
2019-02-28,2019,1,ALVARO OBREGON,SANTA FE,10-198,2168,3130.64,13776.22,27438.06,10531.2
2019-02-28,2019,1,ALVARO OBREGON,SANTA FE (U HAB),10-199,2004,0.0,6519.18,8494.53,1975.35
2019-02-28,2019,1,ALVARO OBREGON,SANTA FE KM 8.5,10-256,102,212.39999999999998,282.58000000000004,775.13,280.15000000000003
2019-02-28,2019,1,ALVARO OBREGON,SANTA LUCIA,10-200,1907,989.14,7245.28,8716.11,481.69
2019-02-28,2019,1,ALVARO OBREGON,SANTA MARIA NONOALCO,10-203,1481,1113.52,33055.119999999995,35507.75,1339.09
2019-02-28,2019,1,ALVARO OBREGON,SANTA ROSA XOCHIAC (PBLO),10-204,4476,0.0,0.0,8.85,8.85
2019-02-28,2019,1,ALVARO OBREGON,TARANGO (U HAB),10-206,641,0.0,12541.6,20939.6,8398.06
2019-02-28,2019,1,ALVARO OBREGON,TECOLALCO,10-208,302,0.0,148.47,148.47,0.0
2019-02-28,2019,1,ALVARO OBREGON,TEPEACA,10-210,357,46.62,121.91,170.96,2.43
2019-02-28,2019,1,ALVARO OBREGON,TEPEACA (AMPL),10-211,326,0.0,446.68,454.35,7.67
2019-02-28,2019,1,ALVARO OBREGON,TEPOPOTLA,10-212,133,0.0,1200.5900000000001,1207.95,7.36
2019-02-28,2019,1,ALVARO OBREGON,TETELPAN,10-213,2229,811.05,11699.97,12764.42,253.4
2019-02-28,2019,1,ALVARO OBREGON,TETELPAN (PBLO),10-214,1297,380.61,14522.55,16620.72,1717.56
2019-02-28,2019,1,ALVARO OBREGON,TIZAMPAMPANO,10-216,103,26.55,6026.039999999999,6148.04,95.45
2019-02-28,2019,1,ALVARO OBREGON,TIZAPAN_TIZAPAN SAN ANGEL,10-217,3230,4069.0,64615.78,115489.6,46804.75
2019-02-28,2019,1,ALVARO OBREGON,TLACOPAC,10-218,798,2449.77,29959.34,44474.840000000004,12065.73
2019-02-28,2019,1,ALVARO OBREGON,TLACUITLAPA,10-222,647,109.72999999999999,1049.87,1223.47,63.87
2019-02-28,2019,1,ALVARO OBREGON,TLACUITLAPA 2DO REACOMODO (AMPL),10-223,998,160.76999999999998,2533.5699999999997,2811.75,117.41
2019-02-28,2019,1,ALVARO OBREGON,TLAPECHICO,10-224,784,377.87,2009.46,2606.87,219.54
2019-02-28,2019,1,ALVARO OBREGON,TOLTECA,10-226,417,297.42,1736.75,11318.8,9284.63
2019-02-28,2019,1,ALVARO OBREGON,TORRES DE MIXCOAC (U HAB),10-227,650,0.0,15012.4,15267.3,254.88
2019-02-28,2019,1,ALVARO OBREGON,TORRES DE POTRERO,10-228,3490,0.0,0.0,1087.41,1087.41
2019-02-28,2019,1,ALVARO OBREGON,TORRES SAN ANTONIO (U HAB),10-229,3304,0.0,66914.7,70024.1,3109.16
2019-02-28,2019,1,ALVARO OBREGON,TORRES SAN PEDRO (U HAB),10-230,1270,0.0,29532.5,32712.5,3180.08
2019-02-28,2019,1,ALVARO OBREGON,UNION POPULAR EMILIANO ZAPATA (U HAB),10-234,757,0.0,20963.8,21693.6,729.72
2019-02-28,2019,1,ALVARO OBREGON,VALENTIN GOMEZ FARIAS,10-235,373,189.48,442.26,730.43,98.69
2019-02-28,2019,1,ALVARO OBREGON,VILLA PROGRESISTA,10-236,608,984.01,6890.679999999999,7955.52,80.83000000000001
2019-02-28,2019,1,ALVARO OBREGON,VILLA VERDUN,10-238,1134,0.0,7506.01,7909.57,403.56
2019-02-28,2019,1,ALVARO OBREGON,ZENON DELGADO,10-239,529,349.87,2429.33,2839.9700000000003,60.77
2019-02-28,2019,1,ALVARO OBREGON,ZOTOLTITLA,10-240,180,0.0,229.35,229.35,0.0
2019-02-28,2019,1,AZCAPOTZALCO,AGUILERA,02-001,608,5136.13,7834.23,13654.92,684.56
2019-02-28,2019,1,AZCAPOTZALCO,ALDANA,02-002,1114,2759.87,12886.84,16455.55,808.84
2019-02-28,2019,1,AZCAPOTZALCO,AMPLIACION PETROLERA,02-059,964,1336.2,12122.900000000001,14966.289999999999,1507.19
2019-02-28,2019,1,AZCAPOTZALCO,ANGEL ZIMBRON,02-005,823,4623.72,16035.1,25162.62,4503.8
2019-02-28,2019,1,AZCAPOTZALCO,ARENAL,02-006,1351,3402.4900000000002,19350.53,30001.37,7248.35
2019-02-28,2019,1,AZCAPOTZALCO,CENTRO DE AZCAPOTZALCO,02-007,1143,8933.18,14314.439999999999,43068.41,19820.78
2019-02-28,2019,1,AZCAPOTZALCO,CLAVERIA,02-008,3264,13227.49,57102.73,88129.22,17799.0
2019-02-28,2019,1,AZCAPOTZALCO,COLTONGO,02-009,991,2032.83,9348.46,21866.95,10485.66
2019-02-28,2019,1,AZCAPOTZALCO,COSMOPOLITA,02-010,747,1571.68,6702.9,8512.83,238.25
2019-02-28,2019,1,AZCAPOTZALCO,COSMOPOLITA (AMPL),02-011,303,109.28,1314.24,1707.1799999999998,283.65999999999997
2019-02-28,2019,1,AZCAPOTZALCO,CUITLHUAC 1 Y 2 (U HAB),02-013,779,0.0,18190.6,19357.5,1166.92
2019-02-28,2019,1,AZCAPOTZALCO,CUITLHUAC 3 Y 4 (U HAB),02-014,1529,91.42,34054.5,38588.5,4442.7
2019-02-28,2019,1,AZCAPOTZALCO,DEL GAS,02-015,2540,2927.67,32142.300000000003,37821.229999999996,2751.36
2019-02-28,2019,1,AZCAPOTZALCO,DEL GAS (AMPL),02-016,2330,1188.02,23007.57004,29073.15,4877.62
2019-02-28,2019,1,AZCAPOTZALCO,DEL MAESTRO,02-017,213,1402.0,3744.23,5515.08,368.85
2019-02-28,2019,1,AZCAPOTZALCO,DEL RECREO,02-018,3210,5531.33,46965.94,57096.49,4599.22
2019-02-28,2019,1,AZCAPOTZALCO,DEMET (U HAB),02-019,1463,424.05,23158.2,23884.1,301.84
2019-02-28,2019,1,AZCAPOTZALCO,EL JAGUEY-ESTACION PANTACO,02-021,561,0.0,19798.51,29580.57,9782.08
2019-02-28,2019,1,AZCAPOTZALCO,EL ROSARIO A (U HAB),02-023,1677,51.92,98824.3,104776.40999999999,5900.3099999999995
2019-02-28,2019,1,AZCAPOTZALCO,EL ROSARIO B (U HAB),02-024,3109,0.0,65730.52,81594.31,15863.84
2019-02-28,2019,1,AZCAPOTZALCO,EL ROSARIO C (U HAB),02-025,2656,0.0,0.0,2112.79,2112.79
2019-02-28,2019,1,AZCAPOTZALCO,EUZKADI,02-026,1194,3048.33,14764.59,18757.45,944.53
2019-02-28,2019,1,AZCAPOTZALCO,EX-HACIENDA EL ROSARIO,02-027,635,770.09,10303.46,12330.23,1256.68
2019-02-28,2019,1,AZCAPOTZALCO,FERRERIA,02-028,1054,1416.5,5883.85,7966.549999999999,666.1999999999999
2019-02-28,2019,1,AZCAPOTZALCO,FRANCISCO VILLA (U HAB),02-030,1102,535.76,11944.880000000001,16917.61,4436.969999999999
2019-02-28,2019,1,AZCAPOTZALCO,FUENTES DE AZCAPOTZALCO-PARQUES DE AZCAPOTZALCO (U HAB),02-031,574,107.26,11424.5,13751.3,2219.52
2019-02-28,2019,1,AZCAPOTZALCO,HOGAR Y SEGURIDAD/NUEVA SANTA MARIA,02-032,1108,2705.59,18276.8,22789.71,1807.3200000000002
2019-02-28,2019,1,AZCAPOTZALCO,HOGARES FERROCARRILEROS (U HAB),02-033,452,0.0,9767.28,9871.28,104.0
2019-02-28,2019,1,AZCAPOTZALCO,HUAUTLA DE LAS SALINAS (BARR),02-034,49,459.96,599.86,1891.53,831.71
2019-02-28,2019,1,AZCAPOTZALCO,IGNACIO ALLENDE,02-035,453,1418.9099999999999,3915.92,8716.130000000001,3381.3
2019-02-28,2019,1,AZCAPOTZALCO,INDUSTRIAL VALLEJO (U HAB),02-036,109,554.71,4659.05,141364.17,136150.41
2019-02-28,2019,1,AZCAPOTZALCO,JARDIN AZPEITIA,02-038,737,2405.47,14660.29,19846.309999999998,2780.55
2019-02-28,2019,1,AZCAPOTZALCO,LA PRECIOSA,02-040,1072,3370.54,18238.010000000002,22825.16,1216.61
2019-02-28,2019,1,AZCAPOTZALCO,LA RAZA,02-041,716,4144.75,9180.7,65638.29,52312.84
2019-02-28,2019,1,AZCAPOTZALCO,LAS SALINAS,02-042,253,1377.15,2037.57,26378.21,22963.449999999997
2019-02-28,2019,1,AZCAPOTZALCO,LIBERACION,02-043,786,2503.49,8142.15,11493.94,848.3
2019-02-28,2019,1,AZCAPOTZALCO,LIBERTAD,02-044,478,653.58,9530.52,11249.32,1065.23
2019-02-28,2019,1,AZCAPOTZALCO,LOS REYES (BARR),02-045,1161,3711.53,20189.77,24733.27,831.98
2019-02-28,2019,1,AZCAPOTZALCO,MIGUEL HIDALGO (U HAB),02-047,765,0.0,3894.94,3948.63,53.69
2019-02-28,2019,1,AZCAPOTZALCO,MONTE ALTO,02-048,291,860.26,2277.94,3491.17,352.96999999999997
2019-02-28,2019,1,AZCAPOTZALCO,NEXTENGO (BARR),02-049,725,1721.97,14931.04,19406.09,2753.08
2019-02-28,2019,1,AZCAPOTZALCO,NUEVA EL ROSARIO,02-050,66,239.2,1156.35,14783.92,13388.37
2019-02-28,2019,1,AZCAPOTZALCO,NUEVA ESPAA,02-051,529,485.12,6067.639999999999,6625.8099999999995,73.05
2019-02-28,2019,1,AZCAPOTZALCO,NUEVA SANTA MARIA,02-052,3300,13858.39,56161.83,81528.24,11508.02
2019-02-28,2019,1,AZCAPOTZALCO,NUEVO SAN RAFAEL (BARR),02-053,645,651.6999999999999,2429.6800000000003,3134.24,52.86
2019-02-28,2019,1,AZCAPOTZALCO,OBRERO POPULAR,02-054,1707,9439.19,34496.020000000004,50411.4,6476.2
2019-02-28,2019,1,AZCAPOTZALCO,PANTACO (U HAB),02-055,336,0.0,5069.11,5677.69,608.57
2019-02-28,2019,1,AZCAPOTZALCO,PASTEROS,02-056,2284,6693.41,25548.61,34097.02,1855.01
2019-02-28,2019,1,AZCAPOTZALCO,PATRIMONIO FAMILIAR,02-057,270,202.18,1569.67,1879.25,107.4
2019-02-28,2019,1,AZCAPOTZALCO,PEMEX PRADOS DEL ROSARIO (U HAB),02-058,1008,0.0,4268.69,4289.34,20.65
2019-02-28,2019,1,AZCAPOTZALCO,PETROLERA,02-059,964,1839.52,14367.03,19199.9,2993.35
2019-02-28,2019,1,AZCAPOTZALCO,PLENITUD,02-060,1179,1878.22,10888.8,18838.899999999998,6071.880000000001
2019-02-28,2019,1,AZCAPOTZALCO,PORVENIR,02-061,887,3374.69,14685.07,18426.09,366.33
2019-02-28,2019,1,AZCAPOTZALCO,POTRERO DEL LLANO,02-062,313,481.11,1934.12,3645.24,1230.01
2019-02-28,2019,1,AZCAPOTZALCO,PRADOS DEL ROSARIO,02-063,651,1184.04,6913.32,9150.53,1053.17
2019-02-28,2019,1,AZCAPOTZALCO,PRESIDENTE MADERO (U HAB),02-064,1390,0.0,32897.0,33104.22,207.15
2019-02-28,2019,1,AZCAPOTZALCO,PRO HOGAR I,02-113,1678,10390.31,25400.73,42162.76,6371.72
2019-02-28,2019,1,AZCAPOTZALCO,PRO HOGAR II,02-114,2206,11054.99,27287.36,40917.78,2575.43
2019-02-28,2019,1,AZCAPOTZALCO,PROVIDENCIA,02-066,2311,8793.88,19236.74,33998.18,5967.56
2019-02-28,2019,1,AZCAPOTZALCO,REYNOSA TAMAULIPAS,02-067,2131,4527.6,21755.61,27156.47,873.26
2019-02-28,2019,1,AZCAPOTZALCO,SAN  MIGUEL AMANTLA (PBLO),02-069,2139,5235.47,21234.93,30181.69,3711.29
2019-02-28,2019,1,AZCAPOTZALCO,SAN ALVARO,02-070,2546,7945.54,38076.36,47692.020000000004,1670.11
2019-02-28,2019,1,AZCAPOTZALCO,SAN ANDRES (BARR),02-071,1932,3188.2999999999997,24092.82,35016.729999999996,7735.63
2019-02-28,2019,1,AZCAPOTZALCO,SAN ANDRES (PBLO),02-072,1742,4331.25,19314.44,25561.3,1915.62
2019-02-28,2019,1,AZCAPOTZALCO,SAN ANDRES DE LAS SALINAS (PBLO),02-073,71,395.88,992.4000000000001,2241.25,852.97
2019-02-28,2019,1,AZCAPOTZALCO,SAN ANTONIO (FRACC),02-074,1183,1510.5700000000002,8852.63,17212.38,6849.18
2019-02-28,2019,1,AZCAPOTZALCO,SAN BARTOLO CAHUALTONGO (PBLO),02-075,919,1195.77,16361.269999999999,18398.67,841.68
2019-02-28,2019,1,AZCAPOTZALCO,SAN BERNABE (BARR),02-076,198,987.0899999999999,4442.63,7999.299999999999,2569.58
2019-02-28,2019,1,AZCAPOTZALCO,SAN FRANCISCO TETECALA (PBLO),02-077,1202,1940.1399999999999,17580.52,23283.54,3762.88
2019-02-28,2019,1,AZCAPOTZALCO,SAN FRANCISCO XOCOTITLA,02-078,572,688.25,4464.3,9364.36,4211.8099999999995
2019-02-28,2019,1,AZCAPOTZALCO,SAN JUAN TLIHUACA (PBLO),02-079,3442,4877.47,42685.09,52014.39,4451.8
2019-02-28,2019,1,AZCAPOTZALCO,SAN MARCOS (BARR),02-080,1129,2257.31,16080.130000000001,19570.739999999998,1233.3
2019-02-28,2019,1,AZCAPOTZALCO,SAN MARTIN XOCHINAHUAC (PBLO),02-081,2932,5147.78,35990.52,62643.700000000004,21505.49
2019-02-28,2019,1,AZCAPOTZALCO,SAN MATEO,02-082,1054,2031.48,13246.53,16212.289999999999,934.29
2019-02-28,2019,1,AZCAPOTZALCO,SAN PABLO 396-CONJ HAB SAN PABLO (U HAB),02-083,979,138.32,31781.3,31935.2,15.58
2019-02-28,2019,1,AZCAPOTZALCO,SAN PABLO XALPA (U HAB),02-084,1309,0.0,32036.5,32558.6,522.17
2019-02-28,2019,1,AZCAPOTZALCO,SAN PEDRO XALPA (AMPL) I,02-111,3298,13345.539999999999,25911.24,41096.79,1840.01
2019-02-28,2019,1,AZCAPOTZALCO,SAN PEDRO XALPA (AMPL) II,02-112,2516,10424.34,20904.14,32242.15,913.67
2019-02-28,2019,1,AZCAPOTZALCO,SAN PEDRO XALPA (PBLO),02-085,3470,2895.29,70956.48000000001,77473.95000000001,3622.0800000000004
2019-02-28,2019,1,AZCAPOTZALCO,SAN RAFAEL,02-086,726,1695.97,5378.73,7913.280000000001,838.58
2019-02-28,2019,1,AZCAPOTZALCO,SAN SALVADOR XOCHIMANCA,02-087,285,1062.62,2844.13,12836.41,8929.66
2019-02-28,2019,1,AZCAPOTZALCO,SAN SEBASTIAN,02-088,1480,759.0999999999999,21336.11,24159.879999999997,2064.67
2019-02-28,2019,1,AZCAPOTZALCO,SANTA APOLONIA (BARR),02-089,1311,3609.3,13359.800000000001,17358.32,389.24
2019-02-28,2019,1,AZCAPOTZALCO,SANTA BARBARA (PBLO),02-090,1893,4454.66,18898.59,43332.18,19978.89
2019-02-28,2019,1,AZCAPOTZALCO,SANTA CATARINA (PBLO),02-091,1325,2611.95,16392.85,21582.97,2578.1499999999996
2019-02-28,2019,1,AZCAPOTZALCO,SANTA CRUZ ACAYUCAN (PBLO),02-092,507,1548.8999999999999,4982.16,7564.04,1032.98
2019-02-28,2019,1,AZCAPOTZALCO,SANTA CRUZ DE LAS SALINAS,02-093,93,362.36,1079.85,3072.58,1630.3700000000001
2019-02-28,2019,1,AZCAPOTZALCO,SANTA INES,02-094,1124,1086.38,14881.07,18184.800000000003,2217.35
2019-02-28,2019,1,AZCAPOTZALCO,SANTA LUCIA (BARR),02-095,767,1183.48,9170.41,26505.38,16151.48
2019-02-28,2019,1,AZCAPOTZALCO,SANTA MARIA MALINALCO (PBLO),02-096,2205,5445.53,29387.28,36229.27,1396.46
2019-02-28,2019,1,AZCAPOTZALCO,SANTIAGO AHUIZOTLA (PBLO),02-097,3383,6610.030000000001,36413.88,49368.92,6345.009999999999
2019-02-28,2019,1,AZCAPOTZALCO,SANTO DOMINGO (PBLO),02-098,1586,7586.96,31540.71,42231.58,3103.88
2019-02-28,2019,1,AZCAPOTZALCO,SANTO TOMAS,02-099,988,2520.65,11721.5,34384.32,20142.16
2019-02-28,2019,1,AZCAPOTZALCO,SECTOR NAVAL,02-100,140,412.28000000000003,2534.5,3604.63,657.85
2019-02-28,2019,1,AZCAPOTZALCO,SINDICATO MEXICANO DE ELECTRICISTAS,02-101,1296,2538.46,22919.34,28391.88,2934.08
2019-02-28,2019,1,AZCAPOTZALCO,TEZOZOMOC,02-102,2482,4863.76,22992.17,29767.07,1911.1399999999999
2019-02-28,2019,1,AZCAPOTZALCO,TIERRA NUEVA,02-103,915,3771.7000000000003,9615.64,14494.33,1106.99
2019-02-28,2019,1,AZCAPOTZALCO,TLATILCO,02-104,1262,2243.52,13318.54,18775.53,3213.47
2019-02-28,2019,1,AZCAPOTZALCO,TLATILCO (U HAB),02-105,703,6.08,12787.99,12915.55,121.51
2019-02-28,2019,1,AZCAPOTZALCO,TRABAJADORES DEL HIERRO,02-106,932,2169.24,15120.82,17707.24,417.18
2019-02-28,2019,1,AZCAPOTZALCO,UN HOGAR PARA CADA TRABAJADOR,02-107,509,3044.77,8487.07,12349.93,818.09
2019-02-28,2019,1,AZCAPOTZALCO,VICTORIA DE LAS DEMOCRACIAS,02-108,1179,2561.05,8990.97,15811.73,4259.71
2019-02-28,2019,1,AZCAPOTZALCO,XOCHINAHUAC (U HAB),02-110,2175,0.0,50666.2,50818.8,152.63
2019-02-28,2019,1,BENITO JUAREZ,ACACIAS,14-001,2708,560.78,47985.43,53945.119999999995,5398.9
2019-02-28,2019,1,BENITO JUAREZ,ACTIPAN,14-002,1835,1485.87,29987.41,49479.67,18006.39
2019-02-28,2019,1,BENITO JUAREZ,ALAMOS I,14-051,4617,11302.59,79973.22,108327.22,17051.41
2019-02-28,2019,1,BENITO JUAREZ,ALAMOS II,14-052,4194,9208.92,75582.1,93203.91,8412.92
2019-02-28,2019,1,BENITO JUAREZ,ALBERT,14-004,1505,1393.47,25963.05,29830.35,2473.84
2019-02-28,2019,1,BENITO JUAREZ,AMERICAS UNIDAS-DEL LAGO,14-005,1810,2247.47,25832.25,31855.75,3776.02
2019-02-28,2019,1,BENITO JUAREZ,ATENOR SALAS,14-007,811,1108.74,10139.96,12021.74,773.04
2019-02-28,2019,1,BENITO JUAREZ,CENTRO URBANO PRESIDENTE ALEMAN (U HAB),14-008,938,0.0,16365.0,16953.1,588.13
2019-02-28,2019,1,BENITO JUAREZ,CIUDAD DE LOS DEPORTES,14-009,2320,5498.04,36788.51,56637.2,14350.65
2019-02-28,2019,1,BENITO JUAREZ,CREDITO CONSTRUCTOR,14-010,337,743.0,7405.639999999999,18337.42,10188.779999999999
2019-02-28,2019,1,BENITO JUAREZ,DEL VALLE I,14-053,4598,8166.55,93142.81,145217.37,43908.03
2019-02-28,2019,1,BENITO JUAREZ,DEL VALLE II,14-054,5019,12436.62,104203.06999999999,147469.49,30829.75
2019-02-28,2019,1,BENITO JUAREZ,DEL VALLE III,14-055,4096,9063.87,96458.42,133846.08,28323.78
2019-02-28,2019,1,BENITO JUAREZ,DEL VALLE IV,14-056,3723,5091.33,82992.06,109210.3,21126.91
2019-02-28,2019,1,BENITO JUAREZ,DEL VALLE V,14-057,3504,3683.0299999999997,75803.01,96776.61,17290.57
2019-02-28,2019,1,BENITO JUAREZ,DEL VALLE VI,14-058,3310,4304.37,71552.87,91650.31,15793.03
2019-02-28,2019,1,BENITO JUAREZ,DEL VALLE VII,14-059,4661,3688.56,87829.99,111752.29,20233.66
2019-02-28,2019,1,BENITO JUAREZ,ERMITA,14-013,529,315.34000000000003,7509.83,9318.33,1493.16
2019-02-28,2019,1,BENITO JUAREZ,EXTREMADURA INSURGENTES,14-014,807,1371.92,13683.04,19362.04,4307.08
2019-02-28,2019,1,BENITO JUAREZ,GENERAL PEDRO MARIA ANAYA,14-015,2567,1533.75,44837.14,70865.64,24494.75
2019-02-28,2019,1,BENITO JUAREZ,INDEPENDENCIA,14-016,4234,8568.31,56326.01,70356.37,5462.05
2019-02-28,2019,1,BENITO JUAREZ,INSURGENTES MIXCOAC,14-017,2545,4992.0,51893.21,84490.77,27605.57
2019-02-28,2019,1,BENITO JUAREZ,INSURGENTES SAN BORJA,14-018,243,739.26,9799.11,17903.57,7365.2
2019-02-28,2019,1,BENITO JUAREZ,IZTACCIHUATL,14-019,977,3586.38,18156.97,23608.57,1865.22
2019-02-28,2019,1,BENITO JUAREZ,JOSEFA ORTIZ DE DOMINGUEZ,14-020,579,1522.56,10957.47,14491.529999999999,2011.5
2019-02-28,2019,1,BENITO JUAREZ,LETRAN VALLE,14-021,4378,8166.96,81582.46,97591.73,7842.33
2019-02-28,2019,1,BENITO JUAREZ,MARIA DEL CARMEN,14-022,1318,2489.32,20293.87,25125.8,2342.62
2019-02-28,2019,1,BENITO JUAREZ,MERCED GOMEZ,14-023,1062,1995.92,10212.03,15373.119999999999,3165.17
2019-02-28,2019,1,BENITO JUAREZ,MIGUEL ALEMAN,14-024,335,2375.7200000000003,5944.17,11417.859999999999,3097.97
2019-02-28,2019,1,BENITO JUAREZ,MIRAVALLE,14-025,824,1865.0500000000002,11839.37,17569.43,3865.01
2019-02-28,2019,1,BENITO JUAREZ,MIXCOAC,14-026,1913,5487.23,30073.4,57300.82,21740.19
2019-02-28,2019,1,BENITO JUAREZ,MODERNA,14-027,3695,8825.98,65618.64,80522.95999999999,6078.34
2019-02-28,2019,1,BENITO JUAREZ,NAPOLES,14-028,7501,11579.14,142836.35,233252.5,78837.02
2019-02-28,2019,1,BENITO JUAREZ,NAPOLES (AMPL),14-006,1911,1722.27,38475.19,56743.81,16546.35
2019-02-28,2019,1,BENITO JUAREZ,NARVARTE I,14-060,5147,14818.75,90323.95,130968.48,25825.789999999997
2019-02-28,2019,1,BENITO JUAREZ,NARVARTE II,14-061,3614,10449.35,62795.909999999996,81491.4,8246.12
2019-02-28,2019,1,BENITO JUAREZ,NARVARTE III,14-062,3363,8435.65,52181.19,72092.8,11475.95
2019-02-28,2019,1,BENITO JUAREZ,NARVARTE IV,14-063,4484,10577.82,89794.969,112958.67,12585.88
2019-02-28,2019,1,BENITO JUAREZ,NARVARTE V,14-064,3800,7079.74,74563.84,91419.77,9776.2
2019-02-28,2019,1,BENITO JUAREZ,NARVARTE VI,14-065,3123,6823.1,56539.58,69617.38,6254.68
2019-02-28,2019,1,BENITO JUAREZ,NATIVITAS,14-030,3444,15464.43,59882.020000000004,82598.98,7252.53
2019-02-28,2019,1,BENITO JUAREZ,NIOS HEROES DE CHAPULTEPEC,14-031,5002,6832.54,58150.45,69909.37,4926.38
2019-02-28,2019,1,BENITO JUAREZ,NOCHE BUENA,14-032,1346,1522.04,23632.09,36752.35,11598.220000000001
2019-02-28,2019,1,BENITO JUAREZ,NONOALCO,14-033,4309,7644.849999999999,64149.1,84021.96,12228.02
2019-02-28,2019,1,BENITO JUAREZ,OCHO DE AGOSTO,14-034,1367,1710.8,22997.309999999998,26947.8,2239.73
2019-02-28,2019,1,BENITO JUAREZ,PERIODISTA FRANCISCO ZARCO,14-035,319,393.28,2704.54,3753.19,655.37
2019-02-28,2019,1,BENITO JUAREZ,PIEDAD NARVARTE,14-036,2064,3098.92,36385.479999999996,62998.61,23514.22
2019-02-28,2019,1,BENITO JUAREZ,PORTALES I,14-066,3871,11501.0,60885.82,92351.33,19964.510000000002
2019-02-28,2019,1,BENITO JUAREZ,PORTALES II,14-067,5322,9840.25,86147.69,104590.87,8602.92
2019-02-28,2019,1,BENITO JUAREZ,PORTALES III,14-068,4472,8941.06,71843.31999999999,92191.33,11406.95
2019-02-28,2019,1,BENITO JUAREZ,PORTALES IV,14-069,2468,4797.37,31291.97,39641.35,3552.0099999999998
2019-02-28,2019,1,BENITO JUAREZ,PORTALES ORIENTE,14-038,2545,6556.5,39059.520000000004,48963.22,3347.2
2019-02-28,2019,1,BENITO JUAREZ,POSTAL,14-039,1383,3568.56,24127.15,30161.39,2465.66
2019-02-28,2019,1,BENITO JUAREZ,RESIDENCIAL EMPERADORES,14-040,555,565.84,10819.29,17224.69,5839.56
2019-02-28,2019,1,BENITO JUAREZ,SAN JOSE INSURGENTES,14-041,2978,6287.5,60143.76,106196.85,39765.590000000004
2019-02-28,2019,1,BENITO JUAREZ,SAN JUAN,14-042,1382,1376.8899999999999,29029.94,39952.17,9545.34
2019-02-28,2019,1,BENITO JUAREZ,SAN PEDRO DE LOS  PINOS,14-043,5872,10042.91,109425.09,166493.37,47025.37
2019-02-28,2019,1,BENITO JUAREZ,SAN SIMON TICUMAC,14-044,4377,13945.63,76835.022,105319.6,14538.951
2019-02-28,2019,1,BENITO JUAREZ,STA CRUZ ATOYAC,14-045,4106,4744.65,85941.37,144840.12,54154.04
2019-02-28,2019,1,BENITO JUAREZ,TLACOQUEMECATL DEL VALLE,14-046,2987,3544.38,64341.77,87971.93000000001,20085.78
2019-02-28,2019,1,BENITO JUAREZ,VERTIZ NARVARTE,14-047,2859,6875.51,48818.74,63404.55,7710.29
2019-02-28,2019,1,BENITO JUAREZ,VILLA DE CORTES,14-048,887,4006.44,16058.45,22271.55,2206.66
2019-02-28,2019,1,BENITO JUAREZ,XOCO,14-049,2169,1715.76,61763.84,94747.94,31268.15
2019-02-28,2019,1,BENITO JUAREZ,ZACAHUITZCO,14-050,1074,2526.49,18843.670000000002,23158.23,1788.0800000000002
2019-02-28,2019,1,COYOACAN,ADOLFO RUIZ CORTINES I,03-126,2129,0.0,0.0,1204.49,1204.49
2019-02-28,2019,1,COYOACAN,ADOLFO RUIZ CORTINES II,03-127,2191,0.0,0.0,1189.53,1189.53
2019-02-28,2019,1,COYOACAN,AJUSCO HUAYAMILPAS,03-003,724,0.0,0.0,1079.42,1079.42
2019-02-28,2019,1,COYOACAN,AJUSCO I,03-128,3549,225.4,0.0,7032.650000000001,6807.25
2019-02-28,2019,1,COYOACAN,AJUSCO II,03-129,3389,30.1,0.0,2280.1,2250.0
2019-02-28,2019,1,COYOACAN,AJUSCO III,03-130,2415,0.0,1.1,3196.71,3195.61
2019-02-28,2019,1,COYOACAN,ALIANZA POPULAR REVOLUCIONARIA NORTE (U HAB),03-131,1131,0.0,0.0,27072.52,27072.52
2019-02-28,2019,1,COYOACAN,ALIANZA POPULAR REVOLUCIONARIA ORIENTE (U HAB),03-148,1720,0.0,5140.38,7480.94,2340.56
2019-02-28,2019,1,COYOACAN,ALIANZA POPULAR REVOLUCIONARIA PONIENTE (U HAB),03-132,1709,0.0,6026.01,6531.52,505.51
2019-02-28,2019,1,COYOACAN,ALTILLO (COND ALTILLO UNIVERSIDAD),03-005,915,0.0,18246.83,18586.9,340.11
2019-02-28,2019,1,COYOACAN,AMPLIACION CANDELARIA,03-006,1409,1377.15,10343.41,13968.26,2247.7
2019-02-28,2019,1,COYOACAN,AMPLIACION SAN FRANCISCO CULHUACAN (EJ),03-102,1092,1787.81,10143.34,16427.43,4496.28
2019-02-28,2019,1,COYOACAN,ATLANTIDA,03-007,375,653.61,5013.54,9710.97,4043.82
2019-02-28,2019,1,COYOACAN,AVANTE,03-008,3069,1596.56,28813.61,37940.31,7530.14
2019-02-28,2019,1,COYOACAN,BOSQUES DE TETLAMEYA,03-009,290,80.82,5951.07,21772.23,15740.34
2019-02-28,2019,1,COYOACAN,CAFETALES I (RDCIAL),03-010,492,708.07,9297.91,12276.22,2270.2400000000002
2019-02-28,2019,1,COYOACAN,CAFETALES II (RDCIAL),03-011,469,29.66,2817.15,3322.45,475.64
2019-02-28,2019,1,COYOACAN,CAMPESTRE CHURUBUSCO,03-012,4000,7138.31,55638.07,84558.02,21781.64
2019-02-28,2019,1,COYOACAN,CAMPESTRE COYOACAN (FRACC),03-013,785,397.43,11831.53,12817.1,588.14
2019-02-28,2019,1,COYOACAN,CANTIL DEL PEDREGAL,03-016,174,107.44,5127.07,5685.9400000000005,451.43
2019-02-28,2019,1,COYOACAN,CARMEN SERDAN,03-017,2218,1584.22,4863.44,6923.5599999999995,475.9
2019-02-28,2019,1,COYOACAN,CENTRO URBANO (U HAB),03-155,152,0.0,2957.42,3309.15,351.73
2019-02-28,2019,1,COYOACAN,CENTRO URBANO TLALPAN (U HAB),03-018,215,0.0,13431.7,13431.7,0.0
2019-02-28,2019,1,COYOACAN,CHIMALISTAC,03-019,236,0.0,4290.33,9226.94,4936.61
2019-02-28,2019,1,COYOACAN,CIUDAD JARDIN,03-020,951,543.73,7665.96,12271.69,4062.0
2019-02-28,2019,1,COYOACAN,CIUDAD UNIVERSITARIA,03-021,144,0.0,1067.75,6033.14,4965.39
2019-02-28,2019,1,COYOACAN,COPILCO EL ALTO,03-022,1090,807.16,4148.66,5535.92,580.1
2019-02-28,2019,1,COYOACAN,COPILCO EL BAJO,03-023,1561,1122.73,31171.659999999996,36621.29,4326.95
2019-02-28,2019,1,COYOACAN,COPILCO UNIVERSIDAD,03-024,1148,2277.33,14655.44,24575.89,7643.12
2019-02-28,2019,1,COYOACAN,COUNTRY CLUB,03-025,1055,738.8,17799.12,35501.24,16963.25
2019-02-28,2019,1,COYOACAN,CTM IX CULHUACAN 32-33 (U HAB),03-156,1232,502.06000000000006,14920.15,15711.05,288.84
2019-02-28,2019,1,COYOACAN,CTM IX CULHUACAN ZONA 29-30 (U HAB),03-027,1182,428.35999999999996,5103.02,6337.09,805.71
2019-02-28,2019,1,COYOACAN,CTM IXA CULHUACAN (U HAB),03-028,978,0.0,7663.2,8597.970000000001,934.76
2019-02-28,2019,1,COYOACAN,CTM V CULHUACAN (U HAB),03-029,1986,894.9000000000001,4905.83,16721.88,10921.150000000001
2019-02-28,2019,1,COYOACAN,CTM VI CULHUACAN (U HAB),03-030,4653,971.14,20090.31,24854.32,3792.87
2019-02-28,2019,1,COYOACAN,CTM VII CULHUACAN (U HAB),03-031,2424,993.87,31546.64,42202.1,9661.59
2019-02-28,2019,1,COYOACAN,CTM VIIA CULHUACAN (U HAB),03-032,362,153.88,397.13,596.49,45.48
2019-02-28,2019,1,COYOACAN,CTM VIII CULHUACAN (U HAB),03-033,3451,696.95,20588.79,23215.02,1929.2800000000002
2019-02-28,2019,1,COYOACAN,CTM X CULHUACAN (U HAB),03-034,1647,374.52,20757.84,22236.670000000002,1104.31
2019-02-28,2019,1,COYOACAN,CUADRANTE DE SAN FRANCISCO,03-035,1089,794.94,10471.07,15403.0,4136.99
2019-02-28,2019,1,COYOACAN,DE LA CANDELARIA (PBLO),03-036,2360,2253.86,25879.02,33384.49,5251.61
2019-02-28,2019,1,COYOACAN,DEL CARMEN,03-037,3610,9427.25,85997.02,148620.6,53196.369999999995
2019-02-28,2019,1,COYOACAN,DEL NIO JESUS (BARR),03-038,781,244.3,5093.11,5909.1,571.6899999999999
2019-02-28,2019,1,COYOACAN,EDUCACION,03-039,2464,2657.34,21210.53,25762.12,1894.25
2019-02-28,2019,1,COYOACAN,EL CARACOL,03-041,986,565.39,11003.92,31341.019999999997,19771.62
2019-02-28,2019,1,COYOACAN,EL CENTINELA,03-042,621,507.33,4407.73,6280.85,1365.79
2019-02-28,2019,1,COYOACAN,EL MIRADOR,03-043,1195,70.97,23966.93,26905.79,2867.99
2019-02-28,2019,1,COYOACAN,EL PARQUE DE COYOACAN (FRACC),03-044,460,0.0,1157.44,1162.16,4.72
2019-02-28,2019,1,COYOACAN,EL RELOJ,03-045,1069,448.44,5109.0599999999995,16387.420000000002,10829.960000000001
2019-02-28,2019,1,COYOACAN,EL ROSEDAL I,03-046,622,485.97,12932.35,17267.739999999998,3849.42
2019-02-28,2019,1,COYOACAN,EL ROSEDAL II,03-149,885,253.68,19975.58,21404.49,1175.33
2019-02-28,2019,1,COYOACAN,EL VERGEL DE COYOACAN ( INFONAVIT EL HUESO) (U HAB),03-047,222,0.0,4357.84,5957.330000000001,1599.49
2019-02-28,2019,1,COYOACAN,EMILIANO ZAPATA,03-048,431,1363.33,4689.84,6431.05,377.88
2019-02-28,2019,1,COYOACAN,EMILIANO ZAPATA (U HAB),03-049,1658,861.64,5319.66,6822.62,641.3199999999999
2019-02-28,2019,1,COYOACAN,ESPARTACO,03-050,1452,3384.73,19126.100000000002,28466.57,5955.74
2019-02-28,2019,1,COYOACAN,EX EJIDO SAN FRANCISCO CULHUACAN I,03-040,181,417.75,3158.5,4196.71,620.46
2019-02-28,2019,1,COYOACAN,EX EJIDO SAN FRANCISCO CULHUACAN II,03-157,358,403.5,5098.78,7003.6900000000005,1501.41
2019-02-28,2019,1,COYOACAN,EX EJIDO SAN FRANCISCO CULHUACAN III,03-158,389,1792.82,5964.42,9401.32,1644.08
2019-02-28,2019,1,COYOACAN,EX HACIENDA COAPA,03-051,603,472.06,12637.73,46636.22,33526.46
2019-02-28,2019,1,COYOACAN,HACIENDAS DE COYOACAN (FRACC),03-052,563,1800.59,9736.67,14048.869999999999,2511.61
2019-02-28,2019,1,COYOACAN,HERMOSILLO,03-053,544,728.78,7810.39,20998.739999999998,12459.57
2019-02-28,2019,1,COYOACAN,IMAN,03-054,451,364.04,2396.08,2826.28,66.16
2019-02-28,2019,1,COYOACAN,IMAN 580 (U HAB),03-055,934,0.0,0.0,0.0,0.0
2019-02-28,2019,1,COYOACAN,INFONAVIT CULHUACAN ZONA 1 (U HAB),03-056,298,0.0,230.31,230.31,0.0
2019-02-28,2019,1,COYOACAN,INFONAVIT CULHUACAN ZONA 2 (U HAB),03-057,520,0.0,0.0,325.81,325.81
2019-02-28,2019,1,COYOACAN,INFONAVIT CULHUACAN ZONA 3 (U HAB),03-058,585,123.35,3950.54,4648.55,574.66
2019-02-28,2019,1,COYOACAN,INSURGENTES CUICUILCO,03-059,1581,0.0,37890.74,54489.83,16599.18
2019-02-28,2019,1,COYOACAN,INTEGRACION LATINOAMERICANA (U HAB),03-060,1394,0.0,30591.3,32366.12,1774.75
2019-02-28,2019,1,COYOACAN,JARDINES DE COYOACAN (FRACC),03-061,583,872.72,10973.64,14013.38,2167.02
2019-02-28,2019,1,COYOACAN,JARDINES DEL PEDREGAL,03-062,373,33.03,3840.26,45644.51000000001,41771.22
2019-02-28,2019,1,COYOACAN,JOYAS DEL PEDREGAL (FRACC),03-063,498,0.0,9035.0,9179.83,144.83
2019-02-28,2019,1,COYOACAN,LA CANTERA (U HAB),03-064,566,312.33,12146.8,12848.210000000001,389.07
2019-02-28,2019,1,COYOACAN,LA CONCEPCION (BARR),03-065,475,1766.4299999999998,11789.619999999999,22191.14,8635.1
2019-02-28,2019,1,COYOACAN,LA MAGDALENA CULHUACAN (BARR),03-066,3228,5885.91,35951.659999999996,43966.45,2128.89
2019-02-28,2019,1,COYOACAN,LAS CAMPANAS,03-069,267,71.97,4854.66,10616.0,5689.37
2019-02-28,2019,1,COYOACAN,LOS CEDROS (FRACC),03-071,314,211.03,5328.32,6092.84,553.49
2019-02-28,2019,1,COYOACAN,LOS CIPRESES,03-072,604,315.18999999999994,9991.1,21680.34,11374.05
2019-02-28,2019,1,COYOACAN,LOS GIRASOLES I,03-073,302,0.0,4291.87,9277.029999999999,4985.16
2019-02-28,2019,1,COYOACAN,LOS GIRASOLES II,03-074,501,0.0,6001.620000000001,6678.389999999999,676.77
2019-02-28,2019,1,COYOACAN,LOS GIRASOLES III,03-075,1200,0.0,5906.99,20329.38,14422.39
2019-02-28,2019,1,COYOACAN,LOS OLIVOS (FRACC),03-076,349,67.25999999999999,3639.45,4257.81,551.0999999999999
2019-02-28,2019,1,COYOACAN,LOS OLIVOS (U HAB),03-077,185,0.0,3927.5,5658.030000000001,1730.53
2019-02-28,2019,1,COYOACAN,LOS REYES (PBLO),03-078,5586,4514.98,50118.27,71162.8,16529.52
2019-02-28,2019,1,COYOACAN,LOS SAUCES (FRACC),03-080,372,71.42,2391.19,2573.99,111.38
2019-02-28,2019,1,COYOACAN,MEDIA LUNA,03-081,171,366.45,1074.83,1725.82,284.54
2019-02-28,2019,1,COYOACAN,MONTE DE PIEDAD,03-151,715,168.36,3020.14,5923.76,2735.26
2019-02-28,2019,1,COYOACAN,NUEVA DIAZ ORDAZ,03-082,612,0.0,0.0,187.03,187.03
2019-02-28,2019,1,COYOACAN,OLIMPICA,03-083,425,5.32,3765.51,4635.49,864.6600000000001
2019-02-28,2019,1,COYOACAN,OXTOPULCO UNIVERSIDAD,03-084,866,356.0,17821.55,22067.04,3889.4900000000002
2019-02-28,2019,1,COYOACAN,PARQUE SAN ANDRES,03-085,2084,3469.18,37228.84,58454.29,17756.27
2019-02-28,2019,1,COYOACAN,PASEOS DE TAXQUEA I,03-133,2820,0.0,12672.03,12746.12,74.05999999999999
2019-02-28,2019,1,COYOACAN,PASEOS DE TAXQUEA II,03-134,2134,964.17,13894.71,17988.72,3129.79
2019-02-28,2019,1,COYOACAN,PEDREGAL DE SAN ANGEL (AMPL),03-088,468,0.0,8456.22,11403.93,2947.71
2019-02-28,2019,1,COYOACAN,PEDREGAL DE SAN FRANCISCO (FRACC),03-089,408,57.84,6102.64,6233.35,72.87
2019-02-28,2019,1,COYOACAN,PEDREGAL DE SANTA URSULA I,03-135,2884,0.0,391.26,5781.92,5390.66
2019-02-28,2019,1,COYOACAN,PEDREGAL DE SANTA URSULA II,03-136,2946,50.730000000000004,1.82,350.92,298.37
2019-02-28,2019,1,COYOACAN,PEDREGAL DE SANTA URSULA III,03-137,2574,23.61,0.0,2336.77,2313.16
2019-02-28,2019,1,COYOACAN,PEDREGAL DE SANTA URSULA IV,03-138,3216,0.0,5.31,1046.49,1041.18
2019-02-28,2019,1,COYOACAN,PEDREGAL DE STO DOMINGO I,03-139,2516,27.74,0.0,836.42,808.68
2019-02-28,2019,1,COYOACAN,PEDREGAL DE STO DOMINGO II,03-140,3270,18.3,30.09,2252.09,2203.7000000000003
2019-02-28,2019,1,COYOACAN,PEDREGAL DE STO DOMINGO III,03-141,2549,107.96,137.55,2461.24,2215.73
2019-02-28,2019,1,COYOACAN,PEDREGAL DE STO DOMINGO IV,03-142,2841,0.0,0.0,74.17999999999999,74.17999999999999
2019-02-28,2019,1,COYOACAN,PEDREGAL DE STO DOMINGO IX,03-147,2175,59.0,1.95,2014.6299999999999,1953.6799999999998
2019-02-28,2019,1,COYOACAN,PEDREGAL DE STO DOMINGO V,03-143,2991,0.0,0.0,333.82,333.82
2019-02-28,2019,1,COYOACAN,PEDREGAL DE STO DOMINGO VI,03-144,3630,0.0,0.0,505.3,505.3
2019-02-28,2019,1,COYOACAN,PEDREGAL DE STO DOMINGO VII,03-145,3442,0.0,0.0,2346.62,2346.62
2019-02-28,2019,1,COYOACAN,PEDREGAL DE STO DOMINGO VIII,03-146,2032,0.0,4.72,152.76,148.04000000000002
2019-02-28,2019,1,COYOACAN,PEDREGAL DEL MAUREL,03-091,840,0.0,36727.6,37618.5,891.13
2019-02-28,2019,1,COYOACAN,PETROLERA TAXQUEA,03-092,387,253.62,5920.98,8364.78,2190.18
2019-02-28,2019,1,COYOACAN,PILOTO CULHUACAN (U HAB),03-093,919,385.31,13076.470000000001,14160.73,698.95
2019-02-28,2019,1,COYOACAN,PRADO CHURUBUSCO,03-094,3504,3585.27,57882.2,69744.12999999999,8276.67
2019-02-28,2019,1,COYOACAN,PRADOS DE COYOACAN,03-095,856,892.83,6357.8,9628.279999999999,2377.65
2019-02-28,2019,1,COYOACAN,PRESIDENTES EJIDALES PRIMERA SECCION,03-096,1038,388.04,8099.23,8609.29,122.02000000000001
2019-02-28,2019,1,COYOACAN,PRESIDENTES EJIDALES SEGUNDA SECCION,03-152,1177,1275.52,14203.72,28218.57,12739.33
2019-02-28,2019,1,COYOACAN,RANCHO EL ROSARIO,03-097,156,30.68,846.12,2918.26,2041.46
2019-02-28,2019,1,COYOACAN,ROMERO DE TERREROS,03-098,856,1600.77,15534.47,30159.63,13024.39
2019-02-28,2019,1,COYOACAN,ROMERO DE TERREROS (FRACC),03-099,816,168.76,10740.09,36204.369999999995,25295.51
2019-02-28,2019,1,COYOACAN,SAN DIEGO CHURUBUSCO,03-100,517,1554.04,12191.34,24895.440000000002,11150.03
2019-02-28,2019,1,COYOACAN,SAN FRANCISCO CULHUACAN (PBLO),03-101,3721,6234.6,42401.76,51378.590000000004,2742.2200000000003
2019-02-28,2019,1,COYOACAN,SAN LUCAS (BARR),03-103,1478,1356.8999999999999,27399.53,34383.63,5627.2
2019-02-28,2019,1,COYOACAN,SAN MATEO (BARR),03-104,1154,2341.85,16626.45,25978.99,7010.69
2019-02-28,2019,1,COYOACAN,SAN PABLO TEPETLAPA (PBLO),03-105,2349,1342.28,11437.69,14142.55,1362.58
2019-02-28,2019,1,COYOACAN,SANTA CATARINA (BARR),03-106,986,1787.49,27812.94,41797.79,12197.36
2019-02-28,2019,1,COYOACAN,SANTA CECILIA,03-107,862,197.99,9363.359999999999,9792.869999999999,231.52
2019-02-28,2019,1,COYOACAN,SANTA URSULA COAPA (PBLO),03-109,3349,3169.64,51035.880000000005,61950.79,7745.280000000001
2019-02-28,2019,1,COYOACAN,STUNAM CULHUACAN (U HAB),03-112,1119,0.0,22066.6,22631.47,564.8
2019-02-28,2019,1,COYOACAN,VIEJO EJIDO SANTA URSULA COAPA,03-113,2529,2644.86,16337.560000000001,26280.23,7297.81
2019-02-28,2019,1,COYOACAN,VILLA COYOACAN,03-114,917,6406.07,19187.739999999998,42197.35,16603.54
2019-02-28,2019,1,COYOACAN,VILLA PANAMERICANA 1ERA. SECCIN (U HAB),03-115,1103,32.46,5681.77,8947.25,3233.0200000000004
2019-02-28,2019,1,COYOACAN,VILLA PANAMERICANA 2DA. SECCIN (U HAB),03-116,568,0.0,3929.29,5105.75,1176.46
2019-02-28,2019,1,COYOACAN,VILLA PANAMERICANA 3ERA. SECCIN (U HAB),03-117,810,59.0,3659.21,6034.05,2315.84
2019-02-28,2019,1,COYOACAN,VILLA PANAMERICANA 5TA. SECCIN (U HAB),03-119,850,0.0,23950.97,24117.7,166.75
2019-02-28,2019,1,COYOACAN,VILLA PANAMERICANA 7MA. SECCIN (U HAB),03-121,633,0.0,553.97,2589.1,2035.13
2019-02-28,2019,1,COYOACAN,VILLA QUIETUD (FRACC),03-122,891,343.62,5917.18,14827.16,8566.36
2019-02-28,2019,1,COYOACAN,VISTAS DEL MAUREL (U HAB),03-124,573,0.0,16952.8,18006.2,1053.39
2019-02-28,2019,1,COYOACAN,XOTEPINGO,03-125,537,860.52,7634.93,10738.79,2243.34
2019-02-28,2019,1,CUAJIMALPA DE MORELOS,ABDIAS GARCIA SOTO,04-001,694,212.98,4697.03,5165.26,255.25
2019-02-28,2019,1,CUAJIMALPA DE MORELOS,ADOLFO LOPEZ MATEOS,04-002,236,74.11,4147.81,4396.78,174.86
2019-02-28,2019,1,CUAJIMALPA DE MORELOS,AGUA BENDITA,04-003,924,0.0,0.0,3253.62,3253.62
2019-02-28,2019,1,CUAJIMALPA DE MORELOS,AHUATENCO,04-004,1074,622.84,8304.37,9589.15,661.94
2019-02-28,2019,1,CUAJIMALPA DE MORELOS,AMADO NERVO,04-005,100,0.0,635.02,1010.27,375.25
2019-02-28,2019,1,CUAJIMALPA DE MORELOS,BOSQUES DE LAS LOMAS,04-006,4021,1219.0700000000002,65475.79,85552.01,18857.18
2019-02-28,2019,1,CUAJIMALPA DE MORELOS,CORREDOR SANTA FE,04-012,5432,5808.0,89540.69,161741.07,66392.19
2019-02-28,2019,1,CUAJIMALPA DE MORELOS,EL CONTADERO,04-015,2316,714.3199999999999,28650.3,33244.88,3880.2599999999998
2019-02-28,2019,1,CUAJIMALPA DE MORELOS,EL MOLINITO,04-016,89,77.97999999999999,737.95,1087.92,271.99
2019-02-28,2019,1,CUAJIMALPA DE MORELOS,EL MOLINO,04-017,446,1305.62,9470.89,11970.98,1194.47
2019-02-28,2019,1,CUAJIMALPA DE MORELOS,EL TIANGUILLO,04-018,558,0.0,0.0,0.0,0.0
2019-02-28,2019,1,CUAJIMALPA DE MORELOS,EL YAQUI,04-019,591,115.3,9206.19,9744.58,423.09
2019-02-28,2019,1,CUAJIMALPA DE MORELOS,JARDINES DE LA PALMA (HUIZACHITO),04-021,1035,289.1,4265.33,6887.15,2332.72
2019-02-28,2019,1,CUAJIMALPA DE MORELOS,JESUS DEL MONTE,04-022,858,690.2,8093.62,11494.96,2711.14
2019-02-28,2019,1,CUAJIMALPA DE MORELOS,LA PILA,04-023,1222,0.0,0.0,2.32,2.32
2019-02-28,2019,1,CUAJIMALPA DE MORELOS,LA VENTA,04-025,0,1.44,537.65,862.4100000000001,323.32
2019-02-28,2019,1,CUAJIMALPA DE MORELOS,LAS TINAJAS,04-028,578,273.38,34009.73,52961.24,18678.14
2019-02-28,2019,1,CUAJIMALPA DE MORELOS,LOMA DEL PADRE,04-030,1155,0.0,0.0,0.0,0.0
2019-02-28,2019,1,CUAJIMALPA DE MORELOS,LOMAS DE MEMETLA,04-031,1564,360.48,9875.68,11822.2,1586.04
2019-02-28,2019,1,CUAJIMALPA DE MORELOS,LOMAS DE VISTA HERMOSA,04-032,2317,143.35,95481.61,127701.58,32076.61
2019-02-28,2019,1,CUAJIMALPA DE MORELOS,LOMAS DEL CHAMIZAL,04-033,1395,3133.63,41274.28,47643.12,3235.21
2019-02-28,2019,1,CUAJIMALPA DE MORELOS,MANZANASTITLA,04-034,1347,0.0,2444.59,2460.72,16.13
2019-02-28,2019,1,CUAJIMALPA DE MORELOS,MEMETLA,04-035,189,70.22,1138.0,1255.1,46.879999999999995
2019-02-28,2019,1,CUAJIMALPA DE MORELOS,NAVIDAD (GRANJAS DE NAVIDAD),04-036,2754,4753.9,18817.18,27881.1,4310.02
2019-02-28,2019,1,CUAJIMALPA DE MORELOS,PALO ALTO (GRANJAS),04-038,619,1033.32,6587.22,41988.04,34367.5
2019-02-28,2019,1,CUAJIMALPA DE MORELOS,PORTAL DEL SOL,04-055,944,0.0,65847.25,75390.17,9543.15
2019-02-28,2019,1,CUAJIMALPA DE MORELOS,SAN JOSE DE LOS CEDROS I,04-058,1811,3812.05,18436.24,23853.92,1605.63
2019-02-28,2019,1,CUAJIMALPA DE MORELOS,SAN JOSE DE LOS CEDROS II,04-059,2114,5584.63,26421.260000000002,44902.07,12896.18
2019-02-28,2019,1,CUAJIMALPA DE MORELOS,SAN LORENZO ACOPILCO (PBLO),04-045,2512,0.0,0.0,25.37,25.37
2019-02-28,2019,1,CUAJIMALPA DE MORELOS,SAN MATEO TLALTENANGO (PBLO),04-046,5824,0.0,0.0,159.67,159.67
2019-02-28,2019,1,CUAJIMALPA DE MORELOS,SAN PABLO CHIMALPA (PBLO),04-047,2285,0.0,0.0,439.23,439.23
2019-02-28,2019,1,CUAJIMALPA DE MORELOS,SAN PEDRO CUAJIMALPA (PBLO),04-056,5902,12134.67,59425.38,81660.26,10100.22
2019-02-28,2019,1,CUAJIMALPA DE MORELOS,TEPETONGO,04-050,1080,1529.37,5695.12,7272.22,47.730000000000004
2019-02-28,2019,1,CUAJIMALPA DE MORELOS,ZENTLAPATL,04-052,1055,0.0,0.0,341.6,341.6
2019-02-28,2019,1,CUAUHTEMOC,ALGARIN,15-001,2338,13279.82,30081.69,55665.35,12303.84
2019-02-28,2019,1,CUAUHTEMOC,ASTURIAS,15-002,1566,3242.6,21155.78,27212.760000000002,2814.38
2019-02-28,2019,1,CUAUHTEMOC,ASTURIAS (AMPL),15-003,1941,4234.51,27865.920000000002,40308.95,8208.52
2019-02-28,2019,1,CUAUHTEMOC,ATLAMPA,15-004,4074,1415.24,75809.4,94856.76,17632.14
2019-02-28,2019,1,CUAUHTEMOC,BUENAVISTA I,15-035,2700,3453.23,51960.22,64722.76,9309.3
2019-02-28,2019,1,CUAUHTEMOC,BUENAVISTA II,15-036,3107,7828.24,51945.0,98271.43,38498.19
2019-02-28,2019,1,CUAUHTEMOC,CENTRO I,15-037,2159,7075.17,52484.579999999994,83757.06,24197.3
2019-02-28,2019,1,CUAUHTEMOC,CENTRO II,15-038,2360,10713.75,47620.88,68102.73,9768.08
2019-02-28,2019,1,CUAUHTEMOC,CENTRO III,15-039,1517,10577.81,31217.68,69784.24,27988.75
2019-02-28,2019,1,CUAUHTEMOC,CENTRO IV,15-040,2472,43083.95,32616.03,271248.52,195548.53
2019-02-28,2019,1,CUAUHTEMOC,CENTRO V,15-041,863,8123.04,15289.71,42800.51,19387.760000000002
2019-02-28,2019,1,CUAUHTEMOC,CENTRO VI,15-042,2623,16505.79,41430.05,119112.53,61176.7
2019-02-28,2019,1,CUAUHTEMOC,CENTRO VII,15-043,2233,30170.79,24833.5,85744.62,30740.33
2019-02-28,2019,1,CUAUHTEMOC,CENTRO VIII,15-044,103831,29679.36,64191.33,213956.85,120086.06
2019-02-28,2019,1,CUAUHTEMOC,CONDESA,15-008,3946,13265.12,73179.77,116493.84,30048.97
2019-02-28,2019,1,CUAUHTEMOC,CUAUHTEMOC,15-009,5730,21026.16,102035.13,240940.72999999998,117879.44
2019-02-28,2019,1,CUAUHTEMOC,DOCTORES I,15-045,3467,6091.53,67635.15,112730.21,39003.49
2019-02-28,2019,1,CUAUHTEMOC,DOCTORES II,15-046,4995,6135.47,70368.47,105775.59,29271.69
2019-02-28,2019,1,CUAUHTEMOC,DOCTORES III,15-047,2914,5856.97,57419.76,81543.66,18266.920000000002
2019-02-28,2019,1,CUAUHTEMOC,DOCTORES IV,15-048,3132,12238.81,52606.57,249410.31999999998,184564.94
2019-02-28,2019,1,CUAUHTEMOC,DOCTORES V,15-049,3153,8718.89,61537.909999999996,75330.4,5073.6
2019-02-28,2019,1,CUAUHTEMOC,ESPERANZA,15-011,1792,2161.45,29102.100000000002,35674.89,4411.29
2019-02-28,2019,1,CUAUHTEMOC,EX HIPODROMO DE PERALVILLO,15-012,3489,7733.31,38947.71,55014.12,8333.1
2019-02-28,2019,1,CUAUHTEMOC,FELIPE PESCADOR,15-013,902,1381.3799999999999,7379.0,10684.14,1923.76
2019-02-28,2019,1,CUAUHTEMOC,GUERRERO I,15-050,4183,8897.59,81718.82,96814.73,6198.33
2019-02-28,2019,1,CUAUHTEMOC,GUERRERO II,15-051,4330,8190.17,75704.08,91972.57,8078.28
2019-02-28,2019,1,CUAUHTEMOC,GUERRERO III,15-052,4144,11188.75,71722.38,99688.85,16777.68
2019-02-28,2019,1,CUAUHTEMOC,GUERRERO IV,15-053,2967,4031.56,53750.67,75150.91,17368.66
2019-02-28,2019,1,CUAUHTEMOC,HIPODROMO CONDESA,15-016,1513,7000.15,31318.35,63825.96,25507.46
2019-02-28,2019,1,CUAUHTEMOC,HIPODROMO I,15-054,2621,17690.559999999998,58774.94,98764.02,22298.52
2019-02-28,2019,1,CUAUHTEMOC,HIPODROMO II,15-055,3171,11386.34,62712.49,107634.56999999999,33535.73
2019-02-28,2019,1,CUAUHTEMOC,JUAREZ,15-017,4133,32546.329999999998,84305.14,334204.65,217353.1
2019-02-28,2019,1,CUAUHTEMOC,MORELOS I,15-056,3548,6188.93,68553.8,83438.44,8695.69
2019-02-28,2019,1,CUAUHTEMOC,MORELOS II,15-057,3763,2951.9399999999996,77076.41,87202.59,7174.29
2019-02-28,2019,1,CUAUHTEMOC,MORELOS III,15-058,3400,6216.09,81933.34,95197.73,7048.28
2019-02-28,2019,1,CUAUHTEMOC,OBRERA I,15-062,3704,17036.68,57418.94,97519.6,23063.99
2019-02-28,2019,1,CUAUHTEMOC,OBRERA II,15-063,3137,14160.91,51947.37,77699.27,11591.01
2019-02-28,2019,1,CUAUHTEMOC,OBRERA III,15-064,3022,10234.16,53774.3,68569.67,4561.2
2019-02-28,2019,1,CUAUHTEMOC,OBRERA IV,15-065,2445,17269.02,44390.49,67831.16,6171.65
2019-02-28,2019,1,CUAUHTEMOC,PAULINO NAVARRO,15-022,1484,3969.92,24294.47,30211.25,1946.86
2019-02-28,2019,1,CUAUHTEMOC,PERALVILLO I,15-066,3510,12696.62,56927.51,74729.37,5105.24
2019-02-28,2019,1,CUAUHTEMOC,PERALVILLO II,15-067,3276,14222.64,56572.770000000004,76322.11,5526.7
2019-02-28,2019,1,CUAUHTEMOC,ROMA NORTE I,15-068,2920,23465.88,56406.959,147106.79,67233.96
2019-02-28,2019,1,CUAUHTEMOC,ROMA NORTE II,15-069,3045,17922.03,58391.6,128587.42,52273.8
2019-02-28,2019,1,CUAUHTEMOC,ROMA NORTE III,15-070,5324,29335.5,87748.34,169704.19,52620.35
2019-02-28,2019,1,CUAUHTEMOC,ROMA SUR I,15-071,3353,13527.119999999999,56062.55,98409.33,28819.65
2019-02-28,2019,1,CUAUHTEMOC,ROMA SUR II,15-072,4520,15351.36,73354.1,110409.09,21703.631
2019-02-28,2019,1,CUAUHTEMOC,SAN RAFAEL I,15-073,2723,12248.58,46666.17,85699.48,26784.739999999998
2019-02-28,2019,1,CUAUHTEMOC,SAN RAFAEL II,15-074,6202,19130.94,87979.93000000001,132054.68,24943.8
2019-02-28,2019,1,CUAUHTEMOC,SAN SIMON TOLNAHUAC,15-027,4033,7028.88,66438.06999999999,78559.28,5092.37
2019-02-28,2019,1,CUAUHTEMOC,SANTA MARIA (U HAB),15-028,912,0.0,17661.88,17661.88,0.0
2019-02-28,2019,1,CUAUHTEMOC,SANTA MARIA INSURGENTES,15-029,524,2066.3199999999997,8043.33,31841.1,21731.45
2019-02-28,2019,1,CUAUHTEMOC,SANTA MARIA LA RIBERA I,15-075,5633,18108.670000000002,96276.95999999999,125071.8,10686.21
2019-02-28,2019,1,CUAUHTEMOC,SANTA MARIA LA RIBERA II,15-076,4199,13299.36,84314.09,111631.45999999999,14017.97
2019-02-28,2019,1,CUAUHTEMOC,SANTA MARIA LA RIBERA IV,15-078,5534,22487.52,93430.72,139353.88,23435.58
2019-02-28,2019,1,CUAUHTEMOC,TABACALERA,15-031,1393,11183.86,27662.69,118209.1,79362.46
2019-02-28,2019,1,CUAUHTEMOC,TRANSITO,15-032,3662,5957.26,67489.51,101367.98,27921.16
2019-02-28,2019,1,CUAUHTEMOC,VALLE GOMEZ,15-033,2454,2262.71,39396.549999999996,44497.1,2837.8900000000003
2019-02-28,2019,1,CUAUHTEMOC,VISTA ALEGRE,15-034,1008,6903.91,14888.91,23897.28,2104.46
2019-02-28,2019,1,GUSTAVO A. MADERO,15 DE AGOSTO,05-206,1079,2369.61,9983.529999999999,14862.05,2508.91
2019-02-28,2019,1,GUSTAVO A. MADERO,25 DE JULIO,05-208,958,2501.8,7991.45,15144.17,4650.92
2019-02-28,2019,1,GUSTAVO A. MADERO,51 LEGISLATURA,05-210,170,0.0,238.81,238.81,0.0
2019-02-28,2019,1,GUSTAVO A. MADERO,6 DE JUNIO,05-211,710,0.0,0.0,15.26,15.26
2019-02-28,2019,1,GUSTAVO A. MADERO,7 DE NOVIEMBRE,05-212,1104,1400.11,12892.96,18179.780000000002,3886.71
2019-02-28,2019,1,GUSTAVO A. MADERO,ACUEDUCTO DE GUADALUPE (RDCIAL),05-001,1863,1230.56,20372.25,23985.57,2382.7599999999998
2019-02-28,2019,1,GUSTAVO A. MADERO,ACUEDUCTO DE GUADALUPE (U HAB),05-002,3879,0.0,64142.57,64872.76,730.24
2019-02-28,2019,1,GUSTAVO A. MADERO,AHUEHUETES,05-003,1086,0.0,135.10999999999999,143.27,8.16
2019-02-28,2019,1,GUSTAVO A. MADERO,ARAGON INGUARAN,05-005,892,3756.5,16574.45,21021.46,690.51
2019-02-28,2019,1,GUSTAVO A. MADERO,ARAGON LA VILLA (ARAGON),05-006,1315,6315.57,15993.039999999999,31743.06,9434.45
2019-02-28,2019,1,GUSTAVO A. MADERO,ARBOLEDAS DE CUAUTEPEC,05-007,2081,0.0,89.66,365.97,276.31
2019-02-28,2019,1,GUSTAVO A. MADERO,ARROYO GUADALUPE (U HAB),05-009,622,0.0,4273.07,7907.42,3634.3500000000004
2019-02-28,2019,1,GUSTAVO A. MADERO,BELISARIO DOMINGUEZ,05-010,347,1544.9,4332.6,6831.82,954.3199999999999
2019-02-28,2019,1,GUSTAVO A. MADERO,BENITO JUAREZ,05-011,1801,1575.04,2017.47,4691.7,1099.1899999999998
2019-02-28,2019,1,GUSTAVO A. MADERO,BENITO JUAREZ (AMPL),05-012,751,55.4,985.68,1653.38,612.3000000000001
2019-02-28,2019,1,GUSTAVO A. MADERO,BONDOJITO,05-013,1685,1632.24,17216.42,28536.05,9687.39
2019-02-28,2019,1,GUSTAVO A. MADERO,C T M ARAGON (U),05-014,1830,833.08,5009.96,6588.61,745.57
2019-02-28,2019,1,GUSTAVO A. MADERO,C T M ARAGON AMPLIACION (U),05-015,102,49.0,203.54,263.34,10.8
2019-02-28,2019,1,GUSTAVO A. MADERO,CAMINO A SAN JUAN DE ARAGON (PBLO),05-016,1242,555.3499999999999,7960.96,15166.99,6650.71
2019-02-28,2019,1,GUSTAVO A. MADERO,CAMPESTRE ARAGON I,05-215,3264,5010.41,21040.24,28156.28,2105.63
2019-02-28,2019,1,GUSTAVO A. MADERO,CAMPESTRE ARAGON II,05-216,3453,10770.81,43475.26,55235.29,989.22
2019-02-28,2019,1,GUSTAVO A. MADERO,CAPULTITLAN,05-018,1182,2887.33,22396.270000000004,28588.460000000003,3304.77
2019-02-28,2019,1,GUSTAVO A. MADERO,CASAS ALEMAN (AMPL) I,05-217,3188,9148.97,34196.25,47204.229999999996,3859.0099999999998
2019-02-28,2019,1,GUSTAVO A. MADERO,CASAS ALEMAN (AMPL) II,05-218,3146,7755.12,33711.94,48201.56,6734.5
2019-02-28,2019,1,GUSTAVO A. MADERO,CASTILLO CHICO,05-020,1183,65.36,1702.1200000000001,1875.6899999999998,108.21000000000001
2019-02-28,2019,1,GUSTAVO A. MADERO,CASTILLO GRANDE,05-021,1108,56.64,1526.73,1590.4499999999998,7.08
2019-02-28,2019,1,GUSTAVO A. MADERO,CERRO PRIETO,05-023,1164,2387.54,9925.61,13688.98,1375.83
2019-02-28,2019,1,GUSTAVO A. MADERO,CHALMA DE GUADALUPE I,05-219,3208,0.0,0.0,140.58,140.58
2019-02-28,2019,1,GUSTAVO A. MADERO,CHALMA DE GUADALUPE II,05-220,2885,0.0,0.0,2597.04,2597.04
2019-02-28,2019,1,GUSTAVO A. MADERO,CHURUBUSCO TEPEYAC,05-025,529,521.0,5550.09,6156.42,85.33000000000001
2019-02-28,2019,1,GUSTAVO A. MADERO,COCOYOTES,05-026,1329,36.79,160.46,198.95,1.7
2019-02-28,2019,1,GUSTAVO A. MADERO,COCOYOTES (AMPL),05-027,361,0.0,286.5,325.11,38.61
2019-02-28,2019,1,GUSTAVO A. MADERO,COMPOSITORES MEXICANOS,05-028,3254,1021.8499999999999,3148.22,4741.86,571.79
2019-02-28,2019,1,GUSTAVO A. MADERO,CONSTITUCION DE LA REPUBLICA,05-029,3720,1868.6399999999999,14299.68,23745.79,7577.47
2019-02-28,2019,1,GUSTAVO A. MADERO,CTM ATZACOALCO (U HAB),05-031,2557,1412.3,13143.49,15607.02,1051.23
2019-02-28,2019,1,GUSTAVO A. MADERO,CTM EL RISCO (U HAB),05-032,2597,453.46000000000004,6391.81,8580.9,1735.63
2019-02-28,2019,1,GUSTAVO A. MADERO,CUAUTEPEC DE MADERO,05-033,2336,5938.83,12983.14,21099.91,2177.94
2019-02-28,2019,1,GUSTAVO A. MADERO,CUAUTEPEC EL ALTO (PBLO),05-034,1630,144.4,0.0,1308.5800000000002,1164.18
2019-02-28,2019,1,GUSTAVO A. MADERO,CUCHILLA DEL TESORO,05-035,3144,12008.48,33841.12,47242.34,1392.74
2019-02-28,2019,1,GUSTAVO A. MADERO,CUCHILLA LA JOYA,05-036,718,2338.4700000000003,9181.98,13257.72,1737.27
2019-02-28,2019,1,GUSTAVO A. MADERO,DEFENSORES DE LA REPUBLICA,05-037,1250,4624.389999999999,13752.14,19948.760000000002,1572.23
2019-02-28,2019,1,GUSTAVO A. MADERO,DEL BOSQUE,05-038,1484,1664.13,10957.210000000001,13099.050000000001,477.71
2019-02-28,2019,1,GUSTAVO A. MADERO,DEL OBRERO,05-039,1173,2147.62,7349.49,9944.27,447.15999999999997
2019-02-28,2019,1,GUSTAVO A. MADERO,DM NACIONAL,05-040,2924,0.0,50297.4,57531.6,7234.07
2019-02-28,2019,1,GUSTAVO A. MADERO,EDUARDO MOLINA I (U HAB),05-041,420,0.0,7859.97,8941.07,1081.08
2019-02-28,2019,1,GUSTAVO A. MADERO,EJIDOS SAN JUAN DE ARAGON 1A SECCION (U HAB),05-043,814,1120.1100000000001,2315.67,4118.23,682.45
2019-02-28,2019,1,GUSTAVO A. MADERO,EJIDOS SAN JUAN DE ARAGON 2A SECCION (U HAB),05-044,238,279.04,545.11,2561.7,1737.55
2019-02-28,2019,1,GUSTAVO A. MADERO,EL ARBOLILLO,05-045,304,65.09,836.63,905.12,3.4
2019-02-28,2019,1,GUSTAVO A. MADERO,EL ARBOLILLO 1 (U HAB),05-046,2308,0.0,41702.380000000005,42256.079999999994,553.84
2019-02-28,2019,1,GUSTAVO A. MADERO,EL ARBOLILLO 2 (U HAB),05-047,1467,200.0,34091.3,36768.0,2476.62
2019-02-28,2019,1,GUSTAVO A. MADERO,EL ARBOLILLO 3 (U HAB),05-048,757,0.0,15573.4,15621.5,48.08
2019-02-28,2019,1,GUSTAVO A. MADERO,EL CARMEN,05-049,2028,889.57,3845.77,4944.650000000001,209.31
2019-02-28,2019,1,GUSTAVO A. MADERO,EL COYOL (U HAB),05-050,655,0.0,1139.3400000000001,2425.6,1286.26
2019-02-28,2019,1,GUSTAVO A. MADERO,EL OLIVO,05-051,514,657.1800000000001,1810.1200000000001,2771.67,304.37
2019-02-28,2019,1,GUSTAVO A. MADERO,EMILIANO ZAPATA,05-052,1360,1546.67,18217.41,20213.21,449.13
2019-02-28,2019,1,GUSTAVO A. MADERO,EMILIANO ZAPATA (AMPL),05-053,377,1263.18,4505.57,5954.52,185.76999999999998
2019-02-28,2019,1,GUSTAVO A. MADERO,ESTANZUELA,05-054,1012,994.3,5743.1,6938.790000000001,201.39
2019-02-28,2019,1,GUSTAVO A. MADERO,ESTRELLA,05-055,2828,7278.25,34129.87,47361.56,5953.4400000000005
2019-02-28,2019,1,GUSTAVO A. MADERO,EX-ESCUELA DE TIRO,05-056,552,121.42,2128.0600000000004,2358.1,108.62
2019-02-28,2019,1,GUSTAVO A. MADERO,FAJA DE ORO,05-058,513,2268.24,8709.91,12959.59,1981.44
2019-02-28,2019,1,GUSTAVO A. MADERO,FERNANDO CASAS ALEMAN,05-059,415,2432.75,4808.25,7334.31,93.31
2019-02-28,2019,1,GUSTAVO A. MADERO,FERROCARRILERA INSURGENTES,05-060,61,0.0,340.15,340.15,0.0
2019-02-28,2019,1,GUSTAVO A. MADERO,FOVISSSTE CUCHILLA (U HAB),05-061,171,62.98,10854.6,10950.1,32.47
2019-02-28,2019,1,GUSTAVO A. MADERO,FOVISSTE ARAGON (U HAB),05-057,399,80.84,697.5400000000001,2338.92,1560.54
2019-02-28,2019,1,GUSTAVO A. MADERO,GABRIEL HERNANDEZ,05-063,3468,2634.55,8847.29,11729.0,247.16
2019-02-28,2019,1,GUSTAVO A. MADERO,GABRIEL HERNANDEZ (AMPL) I,05-221,2018,799.52,3690.8199999999997,5583.9400000000005,1093.6
2019-02-28,2019,1,GUSTAVO A. MADERO,GABRIEL HERNANDEZ (AMPL) II,05-222,2004,2366.19,9486.65,13480.57,1627.73
2019-02-28,2019,1,GUSTAVO A. MADERO,GENERAL FELIPE BERRIOZABAL,05-065,1377,0.0,0.0,71.28,71.28
2019-02-28,2019,1,GUSTAVO A. MADERO,GERTRUDIS SANCHEZ 1A SECCION,05-066,1109,2703.69,13948.64,17172.760000000002,520.43
2019-02-28,2019,1,GUSTAVO A. MADERO,GERTRUDIS SANCHEZ 2A SECCION,05-067,2235,4504.66,21161.62,29904.1,4237.82
2019-02-28,2019,1,GUSTAVO A. MADERO,GERTRUDIS SANCHEZ 3A SECCION,05-068,2204,6636.32,22324.89,31166.85,2205.64
2019-02-28,2019,1,GUSTAVO A. MADERO,GRANJAS MODERNAS-SAN JUAN DE ARAGON (AMPL),05-070,766,1376.9099999999999,9216.25,45301.53,34708.37
2019-02-28,2019,1,GUSTAVO A. MADERO,GUADALUPE INSURGENTES,05-071,1432,4786.85,25141.34,34320.28,4392.09
2019-02-28,2019,1,GUSTAVO A. MADERO,GUADALUPE PROLETARIA,05-072,2363,7078.78,21639.59,30998.64,2280.27
2019-02-28,2019,1,GUSTAVO A. MADERO,GUADALUPE PROLETARIA (AMPL),05-073,1003,613.78,4095.22,4801.21,92.21
2019-02-28,2019,1,GUSTAVO A. MADERO,GUADALUPE TEPEYAC,05-074,2688,9933.69,33813.17,53963.67,10216.81
2019-02-28,2019,1,GUSTAVO A. MADERO,GUADALUPE VICTORIA,05-075,383,3328.0299999999997,1441.18,5370.22,601.01
2019-02-28,2019,1,GUSTAVO A. MADERO,GUADALUPE VICTORIA II,05-076,1181,5159.26,16000.95,25589.59,4429.38
2019-02-28,2019,1,GUSTAVO A. MADERO,HEROE DE NACOZARI,05-077,772,2854.76,10812.050000000001,14305.210000000001,638.4
2019-02-28,2019,1,GUSTAVO A. MADERO,HEROES DE CHAPULTEPEC,05-078,395,1322.49,4960.57,6751.93,468.87
2019-02-28,2019,1,GUSTAVO A. MADERO,INDECO (U HAB),05-080,522,12.98,639.84,675.78,22.96
2019-02-28,2019,1,GUSTAVO A. MADERO,INDUSTRIAL I,05-223,2970,10586.63,41474.8,59423.74,7362.31
2019-02-28,2019,1,GUSTAVO A. MADERO,INDUSTRIAL II,05-224,2978,6675.0599999999995,35258.81,44584.53,2650.66
2019-02-28,2019,1,GUSTAVO A. MADERO,JORGE NEGRETE,05-086,2493,4075.63,23498.93,28803.09,1228.56
2019-02-28,2019,1,GUSTAVO A. MADERO,JOYAS VALLEJO (U HAB),05-214,3059,0.0,94021.7,94078.2,56.48
2019-02-28,2019,1,GUSTAVO A. MADERO,JUAN DE DIOS BATIZ (U HAB),05-090,568,0.0,10267.880000000001,10310.5,42.629999999999995
2019-02-28,2019,1,GUSTAVO A. MADERO,JUAN GONZALEZ ROMERO,05-091,2495,4997.22,15342.710000000001,23917.79,3577.86
2019-02-28,2019,1,GUSTAVO A. MADERO,JUVENTINO ROSAS,05-092,357,18.28,0.0,63.01,44.730000000000004
2019-02-28,2019,1,GUSTAVO A. MADERO,LA CANDELARIA TICOMAN (BARR),05-093,2496,0.0,0.0,255.6,255.6
2019-02-28,2019,1,GUSTAVO A. MADERO,LA CASILDA,05-094,2123,0.0,0.0,178.12,178.12
2019-02-28,2019,1,GUSTAVO A. MADERO,LA CRUZ (BARR),05-095,790,0.0,362.04,437.94,75.9
2019-02-28,2019,1,GUSTAVO A. MADERO,LA ESMERALDA (U HAB),05-097,562,0.0,0.0,29.66,29.66
2019-02-28,2019,1,GUSTAVO A. MADERO,LA ESMERALDA I,05-096,941,0.0,18350.6,18645.7,294.96
2019-02-28,2019,1,GUSTAVO A. MADERO,LA ESMERALDA II,05-253,427,646.4399999999999,2930.71,4014.93,437.78
2019-02-28,2019,1,GUSTAVO A. MADERO,LA ESMERALDA III,05-254,896,0.0,13247.6,13263.2,15.61
2019-02-28,2019,1,GUSTAVO A. MADERO,LA FORESTAL,05-098,1714,1554.55,874.4300000000001,3421.9500000000003,992.97
2019-02-28,2019,1,GUSTAVO A. MADERO,LA FORESTAL 1,05-099,130,0.0,0.0,40.09,40.09
2019-02-28,2019,1,GUSTAVO A. MADERO,LA JOYA,05-102,1970,4452.62,20915.940000000002,26076.33,707.77
2019-02-28,2019,1,GUSTAVO A. MADERO,LA JOYITA,05-103,557,1042.9,5017.37,6381.21,320.94
2019-02-28,2019,1,GUSTAVO A. MADERO,LA LAGUNA TICOMAN (BARR),05-104,2513,4468.44,19656.07,36780.87,12656.36
2019-02-28,2019,1,GUSTAVO A. MADERO,LA MALINCHE,05-105,1262,5416.9,21325.46,27908.74,1166.38
2019-02-28,2019,1,GUSTAVO A. MADERO,LA PASTORA,05-106,2733,0.0,0.0,2502.89,2502.89
2019-02-28,2019,1,GUSTAVO A. MADERO,LA PATERA-CONDOMODULOS (U HAB),05-107,1640,0.0,33311.990000000005,40376.96,7064.969999999999
2019-02-28,2019,1,GUSTAVO A. MADERO,LA PRADERA,05-108,2427,34.78,51.86,2539.44,2452.8
2019-02-28,2019,1,GUSTAVO A. MADERO,LA PRADERA I (U HAB),05-109,1057,0.0,0.0,172.28,172.28
2019-02-28,2019,1,GUSTAVO A. MADERO,LA PRADERA II (U HAB),05-110,501,0.0,0.0,87.11,87.11
2019-02-28,2019,1,GUSTAVO A. MADERO,LA PURISIMA TICOMAN (BARR),05-111,2064,2926.42,22492.61,38012.649999999994,12593.59
2019-02-28,2019,1,GUSTAVO A. MADERO,LINDAVISTA I,05-225,3273,10147.210000000001,67549.32,116815.14,39118.61
2019-02-28,2019,1,GUSTAVO A. MADERO,LINDAVISTA II,05-226,3064,9102.880000000001,75737.98,159341.08,74500.22
2019-02-28,2019,1,GUSTAVO A. MADERO,LINDAVISTA VALLEJO (U HAB),05-113,3745,0.0,73851.0,75782.37,1931.48
2019-02-28,2019,1,GUSTAVO A. MADERO,LOMA DE LA PALMA,05-114,103630,617.8100000000001,3807.95,108878.94,104453.18
2019-02-28,2019,1,GUSTAVO A. MADERO,LOMAS DE CUAUTEPEC,05-115,3087,396.58,1733.3899999999999,2305.43,175.46
2019-02-28,2019,1,GUSTAVO A. MADERO,MAGDALENA DE LAS SALINAS,05-119,989,1897.17,7758.39,134207.62,124552.13
2019-02-28,2019,1,GUSTAVO A. MADERO,MALACATES,05-120,1941,0.0,0.0,25.96,25.96
2019-02-28,2019,1,GUSTAVO A. MADERO,MALACATES (AMPL),05-121,1937,0.0,0.0,0.0,0.0
2019-02-28,2019,1,GUSTAVO A. MADERO,MARTIN CARRERA I,05-227,2768,7757.56,40891.07,52651.89,4003.27
2019-02-28,2019,1,GUSTAVO A. MADERO,MARTIN CARRERA II,05-228,2448,7970.79,26820.52,36225.82,1434.51
2019-02-28,2019,1,GUSTAVO A. MADERO,MARTIRES DE RIO BLANCO,05-124,1650,7205.2,23307.78,36469.44,5956.46
2019-02-28,2019,1,GUSTAVO A. MADERO,MARTIRES DE RIO BLANCO (AMPL),05-125,291,1141.0,3071.58,4440.56,227.98
2019-02-28,2019,1,GUSTAVO A. MADERO,MAXIMINO AVILA CAMACHO,05-126,579,4766.65,6286.23,12269.24,1216.3600000000001
2019-02-28,2019,1,GUSTAVO A. MADERO,NARCISO BASSOLS (U HAB),05-127,1292,0.0,26300.850000000002,27189.43,888.55
2019-02-28,2019,1,GUSTAVO A. MADERO,NUEVA ATZACOALCO II,05-230,2875,9123.48,28739.72,40223.83,2360.63
2019-02-28,2019,1,GUSTAVO A. MADERO,NUEVA ATZACOALCO III,05-231,2998,6682.9,28389.37,36025.24,952.97
2019-02-28,2019,1,GUSTAVO A. MADERO,NUEVA INDUSTRIAL VALLEJO (FRACC),05-129,1417,20.06,25818.55,48581.89,22743.28
2019-02-28,2019,1,GUSTAVO A. MADERO,NUEVA TENOCHTITLAN,05-130,2208,7249.79,28194.03,37985.64,2541.82
2019-02-28,2019,1,GUSTAVO A. MADERO,NUEVA VALLEJO,05-131,1187,5256.46,13739.5,43774.19,24778.23
2019-02-28,2019,1,GUSTAVO A. MADERO,PALMATITLA,05-132,3192,193.26,0.0,1462.1000000000001,1268.84
2019-02-28,2019,1,GUSTAVO A. MADERO,PANAMERICANA,05-133,1630,3313.85,13288.89,23908.86,7306.12
2019-02-28,2019,1,GUSTAVO A. MADERO,PANAMERICANA (AMPL),05-134,387,1149.71,4525.25,6241.71,566.75
2019-02-28,2019,1,GUSTAVO A. MADERO,PARQUE METROPOLITANO,05-135,877,0.0,0.0,51.1,51.1
2019-02-28,2019,1,GUSTAVO A. MADERO,PLANETARIO LINDAVISTA,05-137,260,339.78,4908.040000000001,5503.88,256.06
2019-02-28,2019,1,GUSTAVO A. MADERO,PLAZA ORIENTE (RDCIAL),05-138,289,0.0,3911.52,6281.94,2370.43
2019-02-28,2019,1,GUSTAVO A. MADERO,PRADOS DE CUAUTEPEC,05-139,139,0.0,0.0,96.17,96.17
2019-02-28,2019,1,GUSTAVO A. MADERO,PROGRESO NACIONAL (AMPL),05-141,1638,5373.36,25882.43,32600.04,1344.25
2019-02-28,2019,1,GUSTAVO A. MADERO,PROGRESO NACIONAL I,05-232,1859,12289.11,24636.88,38246.87,1320.88
2019-02-28,2019,1,GUSTAVO A. MADERO,PROGRESO NACIONAL II,05-233,1857,8010.55,23554.22,33427.87,1863.1
2019-02-28,2019,1,GUSTAVO A. MADERO,PROVIDENCIA (AMPL),05-143,1787,15.94,14.16,1100.73,1070.63
2019-02-28,2019,1,GUSTAVO A. MADERO,PROVIDENCIA I,05-234,2393,762.36,88.06,1557.51,707.09
2019-02-28,2019,1,GUSTAVO A. MADERO,PROVIDENCIA II,05-235,2061,503.38,157.11,1032.67,372.18
2019-02-28,2019,1,GUSTAVO A. MADERO,PROVIDENCIA III,05-236,2346,441.81,186.45,2353.48,1725.22
2019-02-28,2019,1,GUSTAVO A. MADERO,RESIDENCIAL LA ESCALERA (FRACC),05-145,723,295.09999999999997,32071.559999999998,32988.22,621.63
2019-02-28,2019,1,GUSTAVO A. MADERO,RESIDENCIAL ZACATENCO,05-146,1581,4740.95,24167.98,40894.73,11985.76
2019-02-28,2019,1,GUSTAVO A. MADERO,REVOLUCION IMSS (U HAB),05-147,152,0.0,3942.26,3942.26,0.0
2019-02-28,2019,1,GUSTAVO A. MADERO,ROSAS DEL TEPEYAC,05-148,332,260.82,1409.8300000000002,2241.37,570.72
2019-02-28,2019,1,GUSTAVO A. MADERO,SALVADOR DIAZ MIRON,05-149,2228,3506.5899999999997,13613.57,19540.5,2420.34
2019-02-28,2019,1,GUSTAVO A. MADERO,SAN ANTONIO,05-150,150,18.62,785.73,804.3499999999999,0.0
2019-02-28,2019,1,GUSTAVO A. MADERO,SAN BARTOLO ATEPEHUACAN (PBLO),05-151,2418,7824.39,26450.79,40103.62,5828.44
2019-02-28,2019,1,GUSTAVO A. MADERO,SAN FELIPE DE JESUS I,05-237,2940,2842.35,10566.08,13594.4,185.97
2019-02-28,2019,1,GUSTAVO A. MADERO,SAN FELIPE DE JESUS II,05-238,3064,10021.36,25385.61,37969.25,2562.28
2019-02-28,2019,1,GUSTAVO A. MADERO,SAN FELIPE DE JESUS III,05-239,3244,7804.52,20978.89,30195.11,1411.6999999999998
2019-02-28,2019,1,GUSTAVO A. MADERO,SAN FELIPE DE JESUS IV,05-240,3444,5979.89,13037.58,21523.76,2506.29
2019-02-28,2019,1,GUSTAVO A. MADERO,SAN JOSE DE LA ESCALERA,05-153,1201,2424.32,17767.57,22951.579999999998,2759.69
2019-02-28,2019,1,GUSTAVO A. MADERO,SAN JOSE TICOMAN,05-154,937,40.52,5740.35,6393.88,613.01
2019-02-28,2019,1,GUSTAVO A. MADERO,SAN JUAN DE ARAGON (PBLO),05-156,3015,3993.66,43226.71,60750.4,13529.98
2019-02-28,2019,1,GUSTAVO A. MADERO,SAN JUAN DE ARAGON 1A SECCION (U HAB) I,05-241,2233,1835.05,12976.86,22885.27,8073.360000000001
2019-02-28,2019,1,GUSTAVO A. MADERO,SAN JUAN DE ARAGON 1A SECCION (U HAB) II,05-242,2303,2491.95,15808.6,19425.04,1124.49
2019-02-28,2019,1,GUSTAVO A. MADERO,SAN JUAN DE ARAGON 2A SECCION (U HAB) I,05-243,1964,1772.99,8395.83,11257.9,1089.08
2019-02-28,2019,1,GUSTAVO A. MADERO,SAN JUAN DE ARAGON 2A SECCION (U HAB) II,05-244,1576,418.83,7483.2699999999995,8386.36,484.26
2019-02-28,2019,1,GUSTAVO A. MADERO,SAN JUAN DE ARAGON 3A SECCION (U HAB) I,05-159,1450,553.48,11214.06,13416.23,1648.69
2019-02-28,2019,1,GUSTAVO A. MADERO,SAN JUAN DE ARAGON 3A SECCION (U HAB) II,05-255,1373,1997.55,9051.1,12207.61,1158.96
2019-02-28,2019,1,GUSTAVO A. MADERO,SAN JUAN DE ARAGON 4A  Y 5A SECCION (U HAB) I,05-245,2072,756.1299999999999,10151.67,12248.11,1340.31
2019-02-28,2019,1,GUSTAVO A. MADERO,SAN JUAN DE ARAGON 4A  Y 5A SECCION (U HAB) II,05-246,1823,1234.75,9602.22,12641.78,1804.81
2019-02-28,2019,1,GUSTAVO A. MADERO,SAN JUAN DE ARAGON 6A SECCION (U HAB) I,05-161,1526,577.1899999999999,7605.05,9644.84,1462.6
2019-02-28,2019,1,GUSTAVO A. MADERO,SAN JUAN DE ARAGON 6A SECCION (U HAB) II,05-256,1307,844.1700000000001,9118.17,12616.65,2654.31
2019-02-28,2019,1,GUSTAVO A. MADERO,SAN JUAN DE ARAGON 7 SECC (U HAB) I,05-247,1480,159.9,103.17999999999999,547.35,284.27
2019-02-28,2019,1,GUSTAVO A. MADERO,SAN JUAN DE ARAGON 7 SECC (U HAB) II,05-248,1506,127.43,28.97,1806.49,1650.09
2019-02-28,2019,1,GUSTAVO A. MADERO,SAN JUAN III (U HAB),05-163,1028,0.0,61446.6,66153.6,4707.26
2019-02-28,2019,1,GUSTAVO A. MADERO,SAN JUAN Y GUADALUPE TICOMAN (BARR),05-164,2238,35.73,0.0,570.0,534.27
2019-02-28,2019,1,GUSTAVO A. MADERO,SAN MIGUEL CUAUTEPEC,05-165,279,20.06,0.0,131.06,111.0
2019-02-28,2019,1,GUSTAVO A. MADERO,SAN MIGUEL-LA ESCALERA (BARR),05-166,454,0.0,4676.24,4843.490000000001,167.25
2019-02-28,2019,1,GUSTAVO A. MADERO,SAN PEDRO EL CHICO,05-167,1406,2381.3,21484.46,26095.510000000002,2229.75
2019-02-28,2019,1,GUSTAVO A. MADERO,SAN PEDRO ZACATENCO (PBLO),05-168,2566,2675.35,14477.37,17879.22,726.5
2019-02-28,2019,1,GUSTAVO A. MADERO,SAN RAFAEL TICOMAN (BARR),05-169,470,345.5,1156.83,5929.1,4426.77
2019-02-28,2019,1,GUSTAVO A. MADERO,SANTA ISABEL TOLA (PBLO),05-170,4076,7266.03,29136.97,42737.06,6334.06
2019-02-28,2019,1,GUSTAVO A. MADERO,SANTA ROSA,05-171,2481,11580.13,31604.71,46667.06,3482.22
2019-02-28,2019,1,GUSTAVO A. MADERO,SANTIAGO ATEPETLAC,05-172,1243,2990.55,12194.880000000001,15535.93,350.5
2019-02-28,2019,1,GUSTAVO A. MADERO,SANTIAGO ATZACOALCO (PBLO),05-174,1592,5191.19,12343.82,20856.91,3321.9
2019-02-28,2019,1,GUSTAVO A. MADERO,SIETE MARAVILLAS,05-176,589,717.08,11122.45,15302.51,3462.98
2019-02-28,2019,1,GUSTAVO A. MADERO,SOLIDARIDAD NACIONAL,05-177,578,759.41,3050.0299999999997,6579.18,2769.7400000000002
2019-02-28,2019,1,GUSTAVO A. MADERO,TABLAS DE SAN AGUSTIN,05-179,1468,3170.02,16739.2,23489.79,3580.5699999999997
2019-02-28,2019,1,GUSTAVO A. MADERO,TEPETATAL,05-180,886,816.75,1051.64,2238.02,369.63
2019-02-28,2019,1,GUSTAVO A. MADERO,TEPEYAC INSURGENTES,05-181,2640,12318.550000000001,35251.74,67460.67,19890.379999999997
2019-02-28,2019,1,GUSTAVO A. MADERO,TLACAMACA,05-183,433,1335.73,4179.29,13248.73,7733.72
2019-02-28,2019,1,GUSTAVO A. MADERO,TLALPEXCO,05-184,3438,140.5,100.69,476.19000000000005,235.0
2019-02-28,2019,1,GUSTAVO A. MADERO,TORRES DE QUIROGA (U HAB),05-185,5785,419.56,62267.4,63341.9,654.86
2019-02-28,2019,1,GUSTAVO A. MADERO,TORRES LINDAVISTA (FRACC),05-188,1105,224.82,19907.85,26128.18,5995.509999999999
2019-02-28,2019,1,GUSTAVO A. MADERO,TRES ESTRELLAS,05-189,1400,3937.3399999999997,17702.49,23044.18,1404.35
2019-02-28,2019,1,GUSTAVO A. MADERO,VALLE DE MADERO,05-192,1090,1008.41,4196.91,5703.31,497.99
2019-02-28,2019,1,GUSTAVO A. MADERO,VALLE DEL TEPEYAC,05-193,731,993.6,10798.79,12248.87,456.48
2019-02-28,2019,1,GUSTAVO A. MADERO,VALLEJO I,05-249,3195,6241.03,50833.58,63936.62,6862.01
2019-02-28,2019,1,GUSTAVO A. MADERO,VALLEJO II,05-250,2856,8612.23,41519.200000000004,59111.7,8980.27
2019-02-28,2019,1,GUSTAVO A. MADERO,VALLEJO PONIENTE,05-195,717,1342.42,6588.72,9954.41,2023.27
2019-02-28,2019,1,GUSTAVO A. MADERO,VASCO DE QUIROGA,05-196,2708,6172.83,18478.66,27584.05,2932.56
2019-02-28,2019,1,GUSTAVO A. MADERO,VILLA DE ARAGON,05-213,174,11.25,2144.34,2249.99,94.4
2019-02-28,2019,1,GUSTAVO A. MADERO,VILLA DE ARAGON (FRACC),05-198,1322,1425.11,17819.41,20541.08,1296.56
2019-02-28,2019,1,GUSTAVO A. MADERO,VILLA GUSTAVO A MADERO,05-199,1065,3370.67,10308.960000000001,28339.98,14660.35
2019-02-28,2019,1,GUSTAVO A. MADERO,VILLA HERMOSA,05-200,352,864.53,4659.76,6056.52,532.23
2019-02-28,2019,1,GUSTAVO A. MADERO,VISTA HERMOSA,05-202,575,0.0,0.0,247.75,247.75
2019-02-28,2019,1,GUSTAVO A. MADERO,ZONA ESCOLAR I,05-251,1889,6715.2,12915.2,20800.76,1170.36
2019-02-28,2019,1,GUSTAVO A. MADERO,ZONA ESCOLAR II,05-252,2066,6319.59,12594.92,19645.1,730.59
2019-02-28,2019,1,GUSTAVO A. MADERO,ZONA ESCOLAR ORIENTE,05-205,824,470.85,3282.34,6529.45,2776.26
2019-02-28,2019,1,IZTACALCO,AGRICOLA ORIENTAL I,06-040,5267,10489.16,86007.3,112278.24,15781.97
2019-02-28,2019,1,IZTACALCO,AGRICOLA ORIENTAL II,06-041,3139,6677.08,46393.93,57921.6,4850.56
2019-02-28,2019,1,IZTACALCO,AGRICOLA ORIENTAL III,06-042,3485,9823.45,42700.72,55012.82,2488.64
2019-02-28,2019,1,IZTACALCO,AGRICOLA ORIENTAL IV,06-043,2747,9529.89,45148.89,59688.76,5009.98
2019-02-28,2019,1,IZTACALCO,AGRICOLA ORIENTAL V,06-044,3279,10594.68,51866.07,68056.51,5595.76
2019-02-28,2019,1,IZTACALCO,AGRICOLA ORIENTAL VI,06-045,3830,9727.51,66379.32,78724.14,2617.3
2019-02-28,2019,1,IZTACALCO,AGRICOLA ORIENTAL VII,06-046,2695,6674.42,40565.33,49405.01,2165.26
2019-02-28,2019,1,IZTACALCO,AGRICOLA ORIENTAL VIII,06-047,3090,7906.29,34734.45,45086.41,2445.67
2019-02-28,2019,1,IZTACALCO,AMPLIACION RAMOS MILLAN,06-002,2275,2449.19,14845.35,20147.32,2852.78
2019-02-28,2019,1,IZTACALCO,CAMPAMENTO 2 DE OCTUBRE I,06-048,2259,573.39,4873.22,6343.18,896.5699999999999
2019-02-28,2019,1,IZTACALCO,CAMPAMENTO 2 DE OCTUBRE II,06-049,2344,1747.1100000000001,7932.16,12658.880000000001,2979.61
2019-02-28,2019,1,IZTACALCO,CARLOS ZAPATA VELA,06-004,2204,1787.89,14971.2,24658.97,7899.88
2019-02-28,2019,1,IZTACALCO,CUCHILLA AGRICOLA ORIENTAL,06-006,760,2162.5,7199.75,10043.109999999999,680.86
2019-02-28,2019,1,IZTACALCO,CUCHILLA RAMOS MILLAN,06-007,1233,554.88,2225.29,4166.61,1386.44
2019-02-28,2019,1,IZTACALCO,EL RODEO,06-008,1563,4976.07,14474.83,20426.329999999998,975.43
2019-02-28,2019,1,IZTACALCO,EX EJIDOS DE LA MAGDALENA MIXIHUCA,06-009,446,1330.77,6444.93,8884.12,1108.42
2019-02-28,2019,1,IZTACALCO,FRACCIONAMIENTO COYUYA,06-005,779,2.2,16577.05,16939.31,360.04
2019-02-28,2019,1,IZTACALCO,GABRIEL RAMOS MILLAN,06-010,2033,3280.42,12755.48,19131.64,3095.7400000000002
2019-02-28,2019,1,IZTACALCO,GRANJAS MEXICO I,06-050,3003,9003.66,46432.75,121181.51000000001,65745.09
2019-02-28,2019,1,IZTACALCO,GRANJAS MEXICO II,06-051,2772,7134.13,45898.39,88784.25,35751.72
2019-02-28,2019,1,IZTACALCO,INFONAVIT IZTACALCO (U HAB) I,06-052,2576,132.78,29099.790999999997,34843.861,5611.29
2019-02-28,2019,1,IZTACALCO,INFONAVIT IZTACALCO (U HAB) II,06-053,2274,0.0,5445.25,9580.5,4135.25
2019-02-28,2019,1,IZTACALCO,INPI PICOS,06-013,758,253.54000000000002,6118.02,7649.95,1278.38
2019-02-28,2019,1,IZTACALCO,JARDINES TECMA,06-014,488,1250.18,5478.95,7042.59,313.46
2019-02-28,2019,1,IZTACALCO,JUVENTINO ROSAS I,06-054,2114,3897.19,24294.21,29641.14,1449.74
2019-02-28,2019,1,IZTACALCO,JUVENTINO ROSAS II,06-055,2013,4244.49,21345.29,28634.55,3044.77
2019-02-28,2019,1,IZTACALCO,LA ASUNCION,06-016,464,622.99,7955.549999999999,10071.61,1493.0700000000002
2019-02-28,2019,1,IZTACALCO,LA CRUZ,06-017,1136,3951.6,15634.86,25648.22,6061.76
2019-02-28,2019,1,IZTACALCO,LOS REYES,06-018,2168,2348.81,25636.21,31040.45,3055.38
2019-02-28,2019,1,IZTACALCO,MILITAR MARTE,06-019,2189,2657.62,24041.79,30810.71,4111.3
2019-02-28,2019,1,IZTACALCO,MOSCO CHINAMPA,06-020,307,271.34,1733.0900000000001,2104.14,99.71000000000001
2019-02-28,2019,1,IZTACALCO,NUEVA STA ANITA,06-021,792,3435.78,11378.36,19271.0,4456.86
2019-02-28,2019,1,IZTACALCO,PANTITLAN I,06-056,4065,7478.51,66776.36,79719.93000000001,5465.06
2019-02-28,2019,1,IZTACALCO,PANTITLAN II,06-057,3249,9018.119999999999,50451.87,63518.59,4048.55
2019-02-28,2019,1,IZTACALCO,PANTITLAN III,06-058,3327,4105.72,49836.56,59081.4,5139.17
2019-02-28,2019,1,IZTACALCO,PANTITLAN IV,06-059,5587,6548.79,99947.93,113382.48,6885.65
2019-02-28,2019,1,IZTACALCO,PANTITLAN V,06-060,6457,8880.56,107540.07,128980.46,12559.800000000001
2019-02-28,2019,1,IZTACALCO,PICOS IZTACALCO 1-A,06-023,488,0.0,28.32,478.72,450.40000000000003
2019-02-28,2019,1,IZTACALCO,PICOS IZTACALCO 1B,06-024,428,70.82,337.27,530.81,122.72
2019-02-28,2019,1,IZTACALCO,PICOS IZTACALCO 2A,06-025,497,94.44,683.92,1034.8999999999999,256.53999999999996
2019-02-28,2019,1,IZTACALCO,RAMOS MILLAN BRAMADERO I,06-061,2122,4051.04,17728.66,27060.18,5280.48
2019-02-28,2019,1,IZTACALCO,RAMOS MILLAN BRAMADERO II,06-062,2294,2564.15,17499.68,21038.94,975.11
2019-02-28,2019,1,IZTACALCO,REFORMA IZTACCIHUATL NORTE,06-027,1873,2262.39,24392.22,29652.0,2997.39
2019-02-28,2019,1,IZTACALCO,REFORMA IZTACCIHUATL SUR,06-028,1188,2888.15,19474.94,23759.27,1396.1799999999998
2019-02-28,2019,1,IZTACALCO,SAN FCO XICALTONGO,06-029,867,2350.85,10657.98,14069.69,1060.87
2019-02-28,2019,1,IZTACALCO,SAN MIGUEL,06-030,1915,3191.4700000000003,21293.18,27220.829999999998,2736.18
2019-02-28,2019,1,IZTACALCO,SAN PEDRO IZTACALCO,06-031,1649,4959.59,22578.07,30240.29,2702.63
2019-02-28,2019,1,IZTACALCO,SANTA ANITA,06-032,3350,8170.2,53423.8,73626.83,12032.880000000001
2019-02-28,2019,1,IZTACALCO,SANTA CRUZ,06-033,488,990.3100000000001,7510.95,8798.55,297.28999999999996
2019-02-28,2019,1,IZTACALCO,SANTIAGO NORTE,06-034,1220,2650.2,17253.83,21093.489999999998,1189.46
2019-02-28,2019,1,IZTACALCO,SANTIAGO SUR,06-035,2379,2272.2200000000003,20395.34,27744.83,5077.28
2019-02-28,2019,1,IZTACALCO,TLACOTAL RAMOS MILLAN,06-036,2166,1907.82,15079.18,18249.96,1262.96
2019-02-28,2019,1,IZTACALCO,TLAZINTLA,06-037,754,793.5600000000001,10253.22,11922.68,875.9
2019-02-28,2019,1,IZTACALCO,VIADUCTO PIEDAD,06-038,3729,14430.28,54865.54,76544.83,7249.01
2019-02-28,2019,1,IZTACALCO,ZAPOTLA,06-039,1143,731.49,21941.27,25224.78,2552.0
2019-02-28,2019,1,IZTAPALAPA,12 DE DICIEMBRE,07-253,815,772.87,4411.63,5504.039999999999,319.54
2019-02-28,2019,1,IZTAPALAPA,1A AMPLIACION SANTIAGO ACAHUALTEPEC,07-254,1870,496.95000000000005,5.31,1006.83,504.57
2019-02-28,2019,1,IZTAPALAPA,2A AMPLIACION SANTIAGO ACAHUALTEPEC I,07-308,2221,17.7,52.5,619.37,549.17
2019-02-28,2019,1,IZTAPALAPA,2A AMPLIACION SANTIAGO ACAHUALTEPEC II,07-309,3985,23.6,0.0,727.41,703.81
2019-02-28,2019,1,IZTAPALAPA,8A DE SAN MIGUEL (AMPL),07-256,529,663.52,1975.25,7388.839999999999,4750.07
2019-02-28,2019,1,IZTAPALAPA,ACULCO (PBLO),07-001,1616,2737.74,17107.32,20997.18,1152.1200000000001
2019-02-28,2019,1,IZTAPALAPA,ALVARO OBREGON,07-005,1289,0.0,0.0,667.87,667.87
2019-02-28,2019,1,IZTAPALAPA,ALVARO OBREGON_(FRACC),07-006,1694,0.0,14.75,5297.08,5282.33
2019-02-28,2019,1,IZTAPALAPA,ANTORCHA POPULAR I (U HAB),07-008,206,0.0,10476.5,10954.0,477.42
2019-02-28,2019,1,IZTAPALAPA,AO DE JUAREZ,07-007,937,20.66,67.85,624.5200000000001,536.01
2019-02-28,2019,1,IZTAPALAPA,APATLACO,07-009,2682,3327.84,21673.84,27354.78,2353.1
2019-02-28,2019,1,IZTAPALAPA,ARBOLEDAS,07-010,619,36.24,2.95,65.59,26.4
2019-02-28,2019,1,IZTAPALAPA,BANJIDAL,07-012,1221,2485.44,17895.690000000002,23310.649999999998,2929.5200000000004
2019-02-28,2019,1,IZTAPALAPA,BELLAVISTA (U HAB),07-014,1322,297.21999999999997,5070.72,6031.4800000000005,663.54
2019-02-28,2019,1,IZTAPALAPA,BENITO JUAREZ,07-015,363,499.63,1700.08,3221.4,1021.69
2019-02-28,2019,1,IZTAPALAPA,BUENAVISTA I,07-258,3174,0.0,0.0,243.34,243.34
2019-02-28,2019,1,IZTAPALAPA,BUENAVISTA II,07-259,3777,0.0,0.0,1.18,1.18
2019-02-28,2019,1,IZTAPALAPA,CABEZA DE JUAREZ I (U HAB),07-017,281,0.0,11234.8,11416.1,181.35
2019-02-28,2019,1,IZTAPALAPA,CACAMA,07-020,597,2219.19,23239.45,29909.1,4450.38
2019-02-28,2019,1,IZTAPALAPA,CAMPESTRE POTRERO,07-021,4015,0.0,0.0,182.9,182.9
2019-02-28,2019,1,IZTAPALAPA,CANANEA (U HAB),07-022,1367,0.0,0.0,246.03,246.03
2019-02-28,2019,1,IZTAPALAPA,CARLOS HANK GONZALEZ,07-023,3150,1576.13,9777.65,11809.58,455.8
2019-02-28,2019,1,IZTAPALAPA,CARMEN SERDAN ( U HAB),07-024,435,11.96,0.0,11.96,0.0
2019-02-28,2019,1,IZTAPALAPA,CASA BLANCA,07-025,1227,917.5799999999999,7416.66,8624.59,290.34999999999997
2019-02-28,2019,1,IZTAPALAPA,CERRO DE LA ESTRELLA I,07-260,3358,2685.82,24262.72,29752.11,2803.61
2019-02-28,2019,1,IZTAPALAPA,CERRO DE LA ESTRELLA II,07-261,2868,4482.05,27103.8,33649.98,2064.02
2019-02-28,2019,1,IZTAPALAPA,CHINAMPAC DE JUAREZ II,07-263,4440,0.0,0.0,276.12,276.12
2019-02-28,2019,1,IZTAPALAPA,CHINAMPAC DE JUAREZ III,07-320,2524,0.0,22227.8,22823.7,595.9
2019-02-28,2019,1,IZTAPALAPA,CHINAMPAS DE SANTA MA TOMATLAN,07-029,389,229.64,5399.33,5628.97,0.0
2019-02-28,2019,1,IZTAPALAPA,CITLALLI,07-030,4000,49.56,0.0,781.92,732.36
2019-02-28,2019,1,IZTAPALAPA,COLONIAL IZTAPALAPA (FRACC),07-031,1440,152.76,2938.16,3180.55,89.63
2019-02-28,2019,1,IZTAPALAPA,CONCORDIA ZARAGOZA (U HAB),07-032,999,0.0,25062.0,25062.0,0.0
2019-02-28,2019,1,IZTAPALAPA,CONSEJO AGRARISTA MEXICANO I,07-264,4172,3136.2200000000003,14367.77,17785.36,281.37
2019-02-28,2019,1,IZTAPALAPA,CONSEJO AGRARISTA MEXICANO II,07-265,3515,3116.73,22746.46,26814.75,951.5600000000001
2019-02-28,2019,1,IZTAPALAPA,CONSTITUCION DE 1917 I,07-266,2642,2349.18,10699.77,13960.039999999999,911.09
2019-02-28,2019,1,IZTAPALAPA,CONSTITUCION DE 1917 II,07-267,1598,2895.29,9914.61,16580.31,3770.4100000000003
2019-02-28,2019,1,IZTAPALAPA,CUCHILLAS DEL MORAL (U HAB),07-035,1155,0.0,16400.47,21171.07,4770.72
2019-02-28,2019,1,IZTAPALAPA,CUITLAHUAC (U HAB),07-036,646,0.0,19.08,311.63,292.55
2019-02-28,2019,1,IZTAPALAPA,CULHUACAN (PBLO),07-037,1536,1716.75,7490.56,12258.46,3051.15
2019-02-28,2019,1,IZTAPALAPA,DEGOLLADO,07-038,856,161.29000000000002,940.78,1111.1399999999999,9.07
2019-02-28,2019,1,IZTAPALAPA,DESARROLLO URBANO QUETZALCOATL  I,07-268,4061,1525.79,10514.61,12906.5,866.1
2019-02-28,2019,1,IZTAPALAPA,DESARROLLO URBANO QUETZALCOATL  II,07-269,4228,3339.4700000000003,11980.539999999999,15901.16,581.15
2019-02-28,2019,1,IZTAPALAPA,DESARROLLO URBANO QUETZALCOATL  III,07-270,5334,2173.19,12279.8,15048.23,595.24
2019-02-28,2019,1,IZTAPALAPA,DR ALFONSO ORTIZ TIRADO,07-041,1091,2591.93,9705.300000000001,21892.73,9595.5
2019-02-28,2019,1,IZTAPALAPA,EJERCITO DE AGUA PRIETA,07-042,2055,749.5699999999999,11909.39,14363.439999999999,1704.48
2019-02-28,2019,1,IZTAPALAPA,EJERCITO DE ORIENTE (U HAB) I,07-271,2033,0.0,1300.37,1837.99,537.62
2019-02-28,2019,1,IZTAPALAPA,EJERCITO DE ORIENTE (U HAB) II,07-272,2563,0.0,4375.46,6735.799999999999,2360.3399999999997
2019-02-28,2019,1,IZTAPALAPA,EJTO CONSTITUCIONALISTA,07-044,1959,0.0,23352.8,67906.31999999999,44553.5
2019-02-28,2019,1,IZTAPALAPA,"EJTO CONSTITUCIONALISTA, SUPERMANZANA I ( U HAB)",07-046,2054,0.0,0.0,366.98,366.98
2019-02-28,2019,1,IZTAPALAPA,"EJTO CONSTITUCIONALISTA, SUPERMANZANA II ( U HAB)",07-047,1591,0.0,5852.64,10913.32,5060.68
2019-02-28,2019,1,IZTAPALAPA,EJTO DE OTE II (U HAB),07-049,2100,172.14000000000001,3123.12,23514.91,20219.649999999998
2019-02-28,2019,1,IZTAPALAPA,EL EDEN,07-050,367,35.4,0.0,406.88,371.48
2019-02-28,2019,1,IZTAPALAPA,EL MANTO,07-051,3360,62.81,30.68,1535.77,1442.28
2019-02-28,2019,1,IZTAPALAPA,EL MANTO PLAN DE IGUALA,07-052,596,229.59,1092.35,1848.3400000000001,526.4
2019-02-28,2019,1,IZTAPALAPA,EL MIRADOR,07-053,1591,44.26,8776.62,8905.08,84.2
2019-02-28,2019,1,IZTAPALAPA,EL MOLINO,07-054,1854,101.74,0.0,1338.69,1236.95
2019-02-28,2019,1,IZTAPALAPA,EL MOLINO_,07-055,291,170.52,1359.14,1660.05,130.39
2019-02-28,2019,1,IZTAPALAPA,EL PRADO,07-056,791,1704.1200000000001,15900.49,18831.67,1227.06
2019-02-28,2019,1,IZTAPALAPA,EL RETOO,07-057,2499,2200.18,27793.66,31993.55,1999.71
2019-02-28,2019,1,IZTAPALAPA,EL RODEO,07-058,736,800.78,4075.7,5465.83,589.3499999999999
2019-02-28,2019,1,IZTAPALAPA,EL ROSARIO,07-059,1708,824.28,3676.17,5305.55,805.0999999999999
2019-02-28,2019,1,IZTAPALAPA,EL SANTUARIO,07-060,1784,532.15,3912.02,6034.33,1590.16
2019-02-28,2019,1,IZTAPALAPA,EL SANTUARIO (AMPL),07-061,1190,283.26,3604.66,4236.17,348.25
2019-02-28,2019,1,IZTAPALAPA,EL SIFON,07-062,3199,2823.32,27890.75,32719.059999999998,2004.99
2019-02-28,2019,1,IZTAPALAPA,EL TRIANGULO,07-063,1740,365.14,1262.8600000000001,1634.49,6.49
2019-02-28,2019,1,IZTAPALAPA,EL TRIUNFO,07-064,855,1630.23,9058.09,14361.789999999999,3673.4700000000003
2019-02-28,2019,1,IZTAPALAPA,EL TRIUNFO (AMPL),07-065,1819,658.43,13248.99,14282.62,375.2
2019-02-28,2019,1,IZTAPALAPA,EL VERGEL,07-066,1457,2231.19,14690.15,19766.33,2844.99
2019-02-28,2019,1,IZTAPALAPA,EL VERGEL TRIANGULO DE LAS AGUJAS I (U HAB),07-067,361,235.1,6519.11,6970.52,216.31
2019-02-28,2019,1,IZTAPALAPA,EMILIANO ZAPATA (AMPL),07-069,2578,0.0,0.0,160.54,160.54
2019-02-28,2019,1,IZTAPALAPA,ERMITA ZARAGOZA (U HAB) I,07-273,2704,0.0,34.22,629.8000000000001,595.58
2019-02-28,2019,1,IZTAPALAPA,ERMITA ZARAGOZA (U HAB) II,07-274,2884,0.0,0.0,4272.18,4272.18
2019-02-28,2019,1,IZTAPALAPA,ESCUADRON 201,07-071,3852,14281.85,49935.88,69398.03,5180.3
2019-02-28,2019,1,IZTAPALAPA,ESTRELLA CULHUACAN,07-073,593,738.07,2127.5499999999997,3101.85,236.23000000000002
2019-02-28,2019,1,IZTAPALAPA,ESTRELLA DEL SUR,07-074,2152,1216.07,9739.28,11390.03,434.68
2019-02-28,2019,1,IZTAPALAPA,FRANCISCO VILLA,07-076,2836,91.54,25.07,805.5600000000001,688.95
2019-02-28,2019,1,IZTAPALAPA,FUEGO NUEVO,07-077,3704,169.4,89.59,1002.25,743.26
2019-02-28,2019,1,IZTAPALAPA,FUERTE DE LORETO - LA ANTENA (U HAB),07-079,2734,0.0,5263.71,5702.67,438.96000000000004
2019-02-28,2019,1,IZTAPALAPA,GAMA GAVILAN (U HAB),07-080,366,0.0,67.26,1894.13,1826.87
2019-02-28,2019,1,IZTAPALAPA,GRANJAS ESMERALDA,07-082,775,2547.23,11451.25,40329.98,26331.5
2019-02-28,2019,1,IZTAPALAPA,GRANJAS ESTRELLA I,07-083,1744,176.42000000000002,10010.480000000001,23737.690000000002,13550.79
2019-02-28,2019,1,IZTAPALAPA,GRANJAS ESTRELLA II,07-084,382,104.7,157.97,262.67,0.0
2019-02-28,2019,1,IZTAPALAPA,GRANJAS SAN ANTONIO,07-086,1081,985.5,13686.53,43919.65,29247.62
2019-02-28,2019,1,IZTAPALAPA,GUADALUPE (BARR),07-087,625,2729.2,2296.56,6051.37,1025.61
2019-02-28,2019,1,IZTAPALAPA,GUADALUPE DEL MORAL,07-088,2711,151.85999999999999,80.35,5375.83,5143.62
2019-02-28,2019,1,IZTAPALAPA,HEROES DE CHURUBUSCO,07-091,1992,6396.94,29707.33,38856.16,2751.89
2019-02-28,2019,1,IZTAPALAPA,HUASIPUNGO (U HAB),07-092,163,0.0,1080.92,1115.14,34.22
2019-02-28,2019,1,IZTAPALAPA,IGNACIO ZARAGOZA (U HAB),07-094,464,0.0,12271.0,13332.7,1061.7
2019-02-28,2019,1,IZTAPALAPA,INSURGENTES,07-095,1613,221.87,212.82000000000002,910.03,475.34
2019-02-28,2019,1,IZTAPALAPA,IXTLAHUACAN,07-096,4840,27.74,1.46,929.76,900.56
2019-02-28,2019,1,IZTAPALAPA,JACARANDAS,07-097,2367,104.44000000000001,112.45,2671.79,2454.9
2019-02-28,2019,1,IZTAPALAPA,JARDINES DE CHURUBUSCO,07-098,502,181.89,2682.64,2990.33,125.80000000000001
2019-02-28,2019,1,IZTAPALAPA,JARDINES DE SAN LORENZO,07-099,1946,0.0,403.19,616.49,213.29999999999998
2019-02-28,2019,1,IZTAPALAPA,JOSE LOPEZ PORTILLO I,07-275,3481,4149.46,14611.1,19535.9,775.34
2019-02-28,2019,1,IZTAPALAPA,JOSE LOPEZ PORTILLO II,07-276,2884,5771.95,13724.27,21043.64,1547.42
2019-02-28,2019,1,IZTAPALAPA,JOSE MA MORELOS Y PAVON (U HAB),07-101,465,0.0,0.0,0.0,0.0
2019-02-28,2019,1,IZTAPALAPA,JUAN ESCUTIA I,07-277,2729,9710.68,34136.18,50204.57,6357.76
2019-02-28,2019,1,IZTAPALAPA,JUAN ESCUTIA II,07-278,2074,6475.83,22191.760000000002,37156.59,8489.0
2019-02-28,2019,1,IZTAPALAPA,JUAN ESCUTIA III,07-313,2104,7072.29,17117.2,25609.5,1420.01
2019-02-28,2019,1,IZTAPALAPA,JUSTO SIERRA,07-103,371,715.74,4370.3,6021.44,935.4
2019-02-28,2019,1,IZTAPALAPA,LA ASUNCION (BARR),07-104,1070,128.51,71.11,560.7,361.08
2019-02-28,2019,1,IZTAPALAPA,LA COLMENA,07-105,975,0.0,0.0,1538.56,1538.56
2019-02-28,2019,1,IZTAPALAPA,LA ERA,07-106,1952,80.78,34.36,1050.73,935.59
2019-02-28,2019,1,IZTAPALAPA,LA ESPERANZA,07-107,379,666.76,1698.9099999999999,2624.81,259.14
2019-02-28,2019,1,IZTAPALAPA,LA ESTACION,07-108,541,182.92,662.42,845.34,0.0
2019-02-28,2019,1,IZTAPALAPA,LA MAGUEYERA,07-111,886,0.0,11391.4,11391.4,0.0
2019-02-28,2019,1,IZTAPALAPA,LA NUEVA ROSITA,07-112,923,1188.68,4645.91,6451.36,616.77
2019-02-28,2019,1,IZTAPALAPA,LA PLANTA,07-113,1639,0.0,31.86,153.99,122.13
2019-02-28,2019,1,IZTAPALAPA,LA POLVORILLA,07-114,1104,1388.9,4410.15,5825.41,26.36
2019-02-28,2019,1,IZTAPALAPA,LA REGADERA,07-116,205,0.0,786.68,858.29,71.61
2019-02-28,2019,1,IZTAPALAPA,LAS PEAS I,07-118,3265,1078.81,9082.43,10480.06,318.82
2019-02-28,2019,1,IZTAPALAPA,LAS PEAS II,07-314,443,611.64,1889.18,3673.12,1172.3
2019-02-28,2019,1,IZTAPALAPA,LEYES DE REFORMA 1A SECCION,07-119,2114,76.12,100.25,8491.31,8314.94
2019-02-28,2019,1,IZTAPALAPA,LEYES DE REFORMA 2A SECCION,07-120,1425,0.0,1048.97,23727.9,22678.93
2019-02-28,2019,1,IZTAPALAPA,LEYES DE REFORMA 3A SECCION I,07-279,4503,522.33,434.24,7906.44,6949.87
2019-02-28,2019,1,IZTAPALAPA,LEYES DE REFORMA 3A SECCION II,07-280,3518,210.42000000000002,111.2,4430.89,4109.2699999999995
2019-02-28,2019,1,IZTAPALAPA,LOMAS DE LA ESTANCIA I,07-281,2072,0.0,0.0,143.37,143.37
2019-02-28,2019,1,IZTAPALAPA,LOMAS DE LA ESTANCIA II,07-282,3972,0.0,21750.4,24410.05,2659.62
2019-02-28,2019,1,IZTAPALAPA,LOMAS DE SAN LORENZO I,07-283,3898,4307.86,17382.61,22265.31,574.84
2019-02-28,2019,1,IZTAPALAPA,LOMAS DE SAN LORENZO II,07-284,104459,8667.47,28908.670000000002,43322.41,5746.31
2019-02-28,2019,1,IZTAPALAPA,LOMAS DE SANTA CRUZ MEYEHUALCO,07-124,1645,4.14,0.0,17.71,13.569999999999999
2019-02-28,2019,1,IZTAPALAPA,LOMAS DE ZARAGOZA,07-125,4834,71.98,0.0,1270.21,1198.23
2019-02-28,2019,1,IZTAPALAPA,LOMAS ESTRELLA 1A SECC (FRACC),07-128,861,286.4,9488.48,11229.27,1454.39
2019-02-28,2019,1,IZTAPALAPA,LOMAS ESTRELLA 2A SECC I,07-285,3375,1083.82,41191.0,47868.01,5593.21
2019-02-28,2019,1,IZTAPALAPA,LOMAS ESTRELLA 2A SECC II,07-286,4123,1841.2,47994.03,52431.07,2595.87
2019-02-28,2019,1,IZTAPALAPA,LOS ANGELES,07-130,3907,125.51,212.96,2843.25,2504.78
2019-02-28,2019,1,IZTAPALAPA,LOS ANGELES APANOAYA,07-131,1257,0.0,11.21,870.75,859.5400000000001
2019-02-28,2019,1,IZTAPALAPA,LOS CIPRESES,07-132,766,2913.55,7892.21,11991.04,1185.28
2019-02-28,2019,1,IZTAPALAPA,LOS PICOS VI B,07-133,689,563.3599999999999,1260.47,1924.72,100.89
2019-02-28,2019,1,IZTAPALAPA,LOS REYES (AMPL),07-134,2035,1699.9,6444.4,9892.78,1748.48
2019-02-28,2019,1,IZTAPALAPA,LOS REYES (PBLO),07-135,1827,3162.32,15492.75,20402.940000000002,1747.87
2019-02-28,2019,1,IZTAPALAPA,M MAZA DE JUAREZ (U HAB),07-136,777,0.0,223.23,482.83,259.6
2019-02-28,2019,1,IZTAPALAPA,MAGDALENA ATLAZOLPA (PBLO),07-137,1794,1852.8400000000001,10054.15,13441.67,1534.69
2019-02-28,2019,1,IZTAPALAPA,MEXICALTZINGO (PBLO),07-138,326,1092.21,4586.03,7082.84,1404.6
2019-02-28,2019,1,IZTAPALAPA,MIGUEL DE LA MADRID HURTADO,07-139,4172,24.18,0.0,364.60999999999996,340.43
2019-02-28,2019,1,IZTAPALAPA,MINERVA,07-141,474,2307.23,5595.35,8190.24,287.66
2019-02-28,2019,1,IZTAPALAPA,MIRASOLES (U HAB),07-142,2902,0.0,62953.1,65970.5,3017.29
2019-02-28,2019,1,IZTAPALAPA,MIRAVALLE,07-143,3510,41.5,0.0,290.07,248.57
2019-02-28,2019,1,IZTAPALAPA,MIXCOATL,07-144,1789,206.69,2797.12,3864.49,860.6800000000001
2019-02-28,2019,1,IZTAPALAPA,MODELO (U),07-145,1980,1619.5,22116.45,25169.079999999998,1433.13
2019-02-28,2019,1,IZTAPALAPA,MONTE ALBAN,07-146,355,0.0,0.0,0.0,0.0
2019-02-28,2019,1,IZTAPALAPA,NORMA ISSSTE (U HAB),07-149,647,0.0,65.49,2197.87,2132.38
2019-02-28,2019,1,IZTAPALAPA,PALMITAS,07-151,2677,87.9,0.0,452.97,365.07
2019-02-28,2019,1,IZTAPALAPA,PARAISO,07-152,1969,10.88,0.0,1665.33,1654.45
2019-02-28,2019,1,IZTAPALAPA,PARAJE SAN JUAN,07-154,2838,143.98000000000002,69.39,934.68,721.31
2019-02-28,2019,1,IZTAPALAPA,PARAJE ZACATEPEC,07-155,2703,190.66,44.25,898.59,663.68
2019-02-28,2019,1,IZTAPALAPA,PARAJES BUENAVISTA (TETECON),07-156,2239,0.0,0.0,23.509999999999998,23.509999999999998
2019-02-28,2019,1,IZTAPALAPA,PASEOS DE CHURUBUSCO,07-157,3579,1473.93,25333.46,47076.04,20268.65
2019-02-28,2019,1,IZTAPALAPA,POLVORILLA (AMPL),07-115,1413,0.0,0.0,35.05,35.05
2019-02-28,2019,1,IZTAPALAPA,PRESIDENTES DE MEXICO,07-162,4419,58.3,252.68,1684.3400000000001,1373.3600000000001
2019-02-28,2019,1,IZTAPALAPA,PRIVADA GAVILAN (U HAB),07-163,638,0.0,88.5,211.22,122.72
2019-02-28,2019,1,IZTAPALAPA,PROGRESISTA,07-164,2783,5335.46,14463.17,26920.69,7122.0599999999995
2019-02-28,2019,1,IZTAPALAPA,PROGRESO DEL SUR,07-165,637,2009.1299999999999,8518.14,17346.23,6818.96
2019-02-28,2019,1,IZTAPALAPA,PUENTE BLANCO,07-166,2200,53.11,61.1,758.3299999999999,644.12
2019-02-28,2019,1,IZTAPALAPA,PURISIMA ATLAZOLPA,07-167,631,1167.43,3598.23,4874.23,108.57
2019-02-28,2019,1,IZTAPALAPA,PURISIMA I,07-168,272,133.35,1231.9900000000002,1382.4499999999998,17.11
2019-02-28,2019,1,IZTAPALAPA,REAL DEL MORAL (FRACC),07-169,1196,372.62,3687.01,4385.28,325.65
2019-02-28,2019,1,IZTAPALAPA,REFORMA POLITICA I,07-287,1723,0.0,0.0,44.25,44.25
2019-02-28,2019,1,IZTAPALAPA,REFORMA POLITICA II,07-288,2548,0.0,2.95,1046.88,1043.93
2019-02-28,2019,1,IZTAPALAPA,RENOVACION,07-171,3619,1402.29,10189.77,16142.95,4550.89
2019-02-28,2019,1,IZTAPALAPA,RICARDO FLORES MAGON,07-172,492,1106.98,3537.91,4780.11,135.22
2019-02-28,2019,1,IZTAPALAPA,RICARDO FLORES MAGON (AMPL),07-173,841,1247.49,8651.27,11303.69,1404.93
2019-02-28,2019,1,IZTAPALAPA,RINCONADA EL MOLINO,07-174,495,0.0,0.0,0.0,0.0
2019-02-28,2019,1,IZTAPALAPA,SAN ANDRES TETEPILCO (PBLO),07-175,4099,8821.539999999999,58796.25,73345.81,5727.97
2019-02-28,2019,1,IZTAPALAPA,SAN ANDRES TOMATLAN (PBLO),07-176,1351,2327.05,6819.070000000001,11134.16,1988.04
2019-02-28,2019,1,IZTAPALAPA,SAN ANTONIO (BARR),07-177,3941,670.6700000000001,19.86,4558.44,3867.91
2019-02-28,2019,1,IZTAPALAPA,SAN ANTONIO CULHUACAN (BARR),07-178,1795,3170.17,9252.460000000001,13716.8,1294.17
2019-02-28,2019,1,IZTAPALAPA,SAN FRANCISCO APOLOCALCO,07-179,1406,0.0,0.0,0.0,0.0
2019-02-28,2019,1,IZTAPALAPA,SAN IGNACIO (BARR),07-180,2258,306.84,148.1,1191.56,736.62
2019-02-28,2019,1,IZTAPALAPA,SAN JOSE (BARR),07-181,929,37.76,104.62,41056.049999999996,40913.770000000004
2019-02-28,2019,1,IZTAPALAPA,SAN JOSE ACULCO,07-182,2411,2935.0,7794.86,11214.5,484.64
2019-02-28,2019,1,IZTAPALAPA,SAN JOSE BUENAVISTA,07-183,1172,0.0,0.0,31.630000000000003,31.630000000000003
2019-02-28,2019,1,IZTAPALAPA,SAN JUAN 2A AMPLIACIN (PJE),07-184,943,45.28,24.189999999999998,221.6,152.13
2019-02-28,2019,1,IZTAPALAPA,SAN JUAN CERRO (PJE),07-185,1449,0.0,30.68,599.21,568.53
2019-02-28,2019,1,IZTAPALAPA,SAN JUAN JOYA (PJE),07-186,1063,2230.16,6830.08,9209.58,149.34
2019-02-28,2019,1,IZTAPALAPA,SAN JUAN XALPA I,07-289,3931,2283.91,31753.67,34930.369999999995,892.75
2019-02-28,2019,1,IZTAPALAPA,SAN JUAN XALPA II,07-290,4567,3561.49,21774.149999999998,30873.58,5537.9400000000005
2019-02-28,2019,1,IZTAPALAPA,SAN JUANICO NEXTIPAC (PBLO),07-188,987,2575.2200000000003,6118.09,9740.939999999999,1047.63
2019-02-28,2019,1,IZTAPALAPA,SAN LORENZO TEZONCO (BARR),07-190,930,20.64,15.34,332.55,296.57
2019-02-28,2019,1,IZTAPALAPA,SAN LORENZO TEZONCO (PBLO),07-191,2141,1944.42,2933.2,20276.420000000002,15398.8
2019-02-28,2019,1,IZTAPALAPA,SAN LORENZO XICOTENCATL (PBLO),07-194,1275,3781.0,11984.79,19433.35,3667.56
2019-02-28,2019,1,IZTAPALAPA,SAN LUCAS (BARR),07-195,1940,223.49,277.88,3618.91,3117.54
2019-02-28,2019,1,IZTAPALAPA,SAN MIGUEL (BARR),07-196,5981,102.64,320.77000000000004,11506.16,11082.75
2019-02-28,2019,1,IZTAPALAPA,SAN MIGUEL TEOTONGO I,07-291,3488,0.0,0.0,876.93,876.93
2019-02-28,2019,1,IZTAPALAPA,SAN MIGUEL TEOTONGO II,07-292,4703,26.56,0.0,825.27,798.71
2019-02-28,2019,1,IZTAPALAPA,SAN MIGUEL TEOTONGO III,07-293,3781,0.0,0.0,909.79,909.79
2019-02-28,2019,1,IZTAPALAPA,SAN MIGUEL TEOTONGO IV,07-294,2456,0.0,0.0,785.29,785.29
2019-02-28,2019,1,IZTAPALAPA,SAN NICOLAS TOLENTINO I,07-198,1700,74.08,8994.67,10442.35,1373.5900000000001
2019-02-28,2019,1,IZTAPALAPA,SAN NICOLAS TOLENTINO II,07-199,2589,82.77999999999999,19445.55,20193.86,665.55
2019-02-28,2019,1,IZTAPALAPA,SAN PABLO (BARR),07-200,1135,275.11,252.81,2559.59,2031.6699999999998
2019-02-28,2019,1,IZTAPALAPA,"SAN PABLO I, II Y V-LOMAS DEL PARAISO",07-201,1709,0.0,0.0,170.03,170.03
2019-02-28,2019,1,IZTAPALAPA,SAN PEDRO (BARR),07-202,1383,127.45,148.69,4310.53,4034.3900000000003
2019-02-28,2019,1,IZTAPALAPA,SAN SEBASTIAN TECOLOXTITLAN (PBLO),07-203,2542,38.36,42.59,1348.26,1267.31
2019-02-28,2019,1,IZTAPALAPA,SAN SIMON CULHUACAN (BARR),07-204,1247,1468.21,9243.73,12034.86,1322.92
2019-02-28,2019,1,IZTAPALAPA,SANTA BARBARA (BARR) I,07-205,3142,397.94,292.24,3342.2599999999998,2652.08
2019-02-28,2019,1,IZTAPALAPA,SANTA BARBARA (BARR) II,07-316,1247,231.08999999999997,112.52,931.9499999999999,588.34
2019-02-28,2019,1,IZTAPALAPA,SANTA CRUZ MEYEHUALCO (PBLO),07-206,3453,61.8,63.81,1987.73,1862.12
2019-02-28,2019,1,IZTAPALAPA,SANTA CRUZ MEYEHUALCO (U HAB) I,07-295,2627,167.71,97.82000000000001,1907.6599999999999,1642.1299999999999
2019-02-28,2019,1,IZTAPALAPA,SANTA CRUZ MEYEHUALCO (U HAB) II,07-296,1899,38.33,52.17,2160.88,2070.38
2019-02-28,2019,1,IZTAPALAPA,SANTA MARIA AZTAHUACAN (EJ) I,07-297,4602,37.84,81.87,10990.19,10870.48
2019-02-28,2019,1,IZTAPALAPA,SANTA MARIA AZTAHUACAN (EJ) II,07-298,3744,4978.81,9634.41,20031.6,5418.38
2019-02-28,2019,1,IZTAPALAPA,SANTA MARIA AZTAHUACAN (U HAB),07-317,651,0.0,0.0,1192.98,1192.98
2019-02-28,2019,1,IZTAPALAPA,SANTA MARIA DEL MONTE,07-211,360,0.0,0.0,0.0,0.0
2019-02-28,2019,1,IZTAPALAPA,SANTA MARIA TOMATLAN,07-212,640,1374.7,3800.72,5538.47,363.05
2019-02-28,2019,1,IZTAPALAPA,SANTA MARIA TOMATLAN (AMPL),07-213,540,24.2,1248.44,1314.52,41.88
2019-02-28,2019,1,IZTAPALAPA,SANTA MARIA TOMATLAN (PBLO),07-214,1271,2461.65,6176.64,9163.06,524.77
2019-02-28,2019,1,IZTAPALAPA,SANTA MARTHA ACATITLA,07-215,3886,10723.95,25101.85,41665.92,5840.12
2019-02-28,2019,1,IZTAPALAPA,SANTA MARTHA ACATITLA SUR (AMPL),07-216,1510,2753.93,9489.65,12535.35,291.77
2019-02-28,2019,1,IZTAPALAPA,SANTA MARTHA ACATITLA_(PBLO),07-217,102844,27.71,27.14,81146.1,81091.25000000001
2019-02-28,2019,1,IZTAPALAPA,SANTIAGO ACAHUALTEPEC (PBLO),07-219,1936,125.62,0.0,1174.57,1048.95
2019-02-28,2019,1,IZTAPALAPA,SECTOR POPULAR,07-220,3075,7972.59,37674.3,50767.66,5120.77
2019-02-28,2019,1,IZTAPALAPA,SIDERAL,07-221,614,0.0,25.37,205.76,180.39
2019-02-28,2019,1,IZTAPALAPA,SIERRA DEL VALLE,07-222,231,23.02,0.0,384.55,361.53
2019-02-28,2019,1,IZTAPALAPA,SINATEL,07-223,830,1385.5,18318.88,21299.4,1595.02
2019-02-28,2019,1,IZTAPALAPA,SINATEL (AMPL),07-224,851,277.3,9395.220000000001,12603.84,2931.32
2019-02-28,2019,1,IZTAPALAPA,SOLIDARIDAD EL SALADO (U HAB),07-225,3002,0.0,0.0,847.5,847.5
2019-02-28,2019,1,IZTAPALAPA,STA ISABEL INDUSTRIAL,07-226,520,596.13,2893.7400000000002,15402.3,11912.43
2019-02-28,2019,1,IZTAPALAPA,STA MA AZTAHUACAN (PBLO),07-227,3503,37.089999999999996,0.0,874.71,837.62
2019-02-28,2019,1,IZTAPALAPA,STA MARTHA ACATITLA NTE (AMPL) I,07-299,2089,2907.72,7119.07,15924.19,5897.4
2019-02-28,2019,1,IZTAPALAPA,STA MARTHA ACATITLA NTE (AMPL) II,07-300,2476,2501.0,9559.84,13600.06,1539.22
2019-02-28,2019,1,IZTAPALAPA,TENORIOS,07-229,3385,0.0,0.0,517.7,517.7
2019-02-28,2019,1,IZTAPALAPA,TENORIOS (AMPL),07-318,1346,0.0,0.0,1.18,1.18
2019-02-28,2019,1,IZTAPALAPA,TEPALCATES I,07-301,3383,5532.79,56035.99,67791.4,6222.530000000001
2019-02-28,2019,1,IZTAPALAPA,TEPALCATES II,07-302,2035,3680.27,25092.760000000002,31529.75,2756.73
2019-02-28,2019,1,IZTAPALAPA,TEXCOCO EL SALADO,07-231,139,33.04,1544.03,2074.59,497.52
2019-02-28,2019,1,IZTAPALAPA,TULA (BARR),07-234,257,309.04,2086.5699999999997,3429.69,1034.08
2019-02-28,2019,1,IZTAPALAPA,USCOVI (U HAB),07-235,320,0.0,0.0,0.0,0.0
2019-02-28,2019,1,IZTAPALAPA,VALLE DE LUCES (U HAB),07-236,1360,0.0,0.0,75.19,75.19
2019-02-28,2019,1,IZTAPALAPA,VALLE DE LUCES I,07-237,2207,114.49000000000001,134.89,650.4399999999999,401.06
2019-02-28,2019,1,IZTAPALAPA,VALLE DE SAN LORENZO I,07-303,2343,28.479999999999997,25.91,309.16,254.77
2019-02-28,2019,1,IZTAPALAPA,VALLE DE SAN LORENZO II,07-304,2105,33.04,16.939999999999998,196.84,146.85999999999999
2019-02-28,2019,1,IZTAPALAPA,VALLE DEL SUR,07-240,1851,6050.64,19909.36,28407.79,2447.79
2019-02-28,2019,1,IZTAPALAPA,VERACRUZANA (AMPL),07-241,330,0.0,0.0,114.46000000000001,114.46000000000001
2019-02-28,2019,1,IZTAPALAPA,VICENTE GUERRERO SUPER MANZANA 1 (U HAB),07-242,954,0.0,0.0,216.53,216.53
2019-02-28,2019,1,IZTAPALAPA,VICENTE GUERRERO SUPER MANZANA 2 (U HAB),07-243,1001,0.0,0.0,306.21,306.21
2019-02-28,2019,1,IZTAPALAPA,VICENTE GUERRERO SUPER MANZANA 3 (U HAB),07-244,1092,0.0,0.0,479.66999999999996,479.66999999999996
2019-02-28,2019,1,IZTAPALAPA,VICENTE GUERRERO SUPER MANZANA 4 (U HAB),07-245,1564,0.0,0.0,308.59,308.59
2019-02-28,2019,1,IZTAPALAPA,VICENTE GUERRERO SUPER MANZANA 5 (U HAB),07-246,2124,0.0,0.0,2373.06,2373.06
2019-02-28,2019,1,IZTAPALAPA,VICENTE GUERRERO SUPER MANZANA 6 (U HAB),07-247,1858,0.0,344.07,9109.26,8765.189999999999
2019-02-28,2019,1,IZTAPALAPA,VICENTE GUERRERO SUPER MANZANA 7 (U HAB),07-248,1183,72.59,10.62,283.71,200.5
2019-02-28,2019,1,IZTAPALAPA,XALPA I,07-305,1999,0.0,0.0,78.27,78.27
2019-02-28,2019,1,IZTAPALAPA,XALPA II,07-306,3375,0.0,0.0,2995.06,2995.06
2019-02-28,2019,1,IZTAPALAPA,XALPA III,07-307,4182,169.07999999999998,34.58,1685.69,1482.03
2019-02-28,2019,1,IZTAPALAPA,ZACAHUITZCO,07-251,1452,2872.0099999999998,19742.85,37461.14,14846.29
2019-02-28,2019,1,LA MAGDALENA CONTRERAS,ATACAXCO,08-001,405,0.0,0.0,0.0,0.0
2019-02-28,2019,1,LA MAGDALENA CONTRERAS,BARRANCA SECA,08-002,1403,25.95,332.61,1739.48,1380.92
2019-02-28,2019,1,LA MAGDALENA CONTRERAS,BARROS SIERRA,08-003,1272,0.0,0.0,520.8,520.8
2019-02-28,2019,1,LA MAGDALENA CONTRERAS,BATAN VIEJO (EL MAESTRO),08-008,367,219.49,1549.43,2584.88,815.9599999999999
2019-02-28,2019,1,LA MAGDALENA CONTRERAS,CUAUHTEMOC,08-005,1652,4088.26,13259.37,18585.85,1238.22
2019-02-28,2019,1,LA MAGDALENA CONTRERAS,EL ERMITAO,08-006,1220,0.0,0.0,0.0,0.0
2019-02-28,2019,1,LA MAGDALENA CONTRERAS,EL OCOTAL,08-009,2669,0.0,0.0,0.0,0.0
2019-02-28,2019,1,LA MAGDALENA CONTRERAS,EL ROSAL,08-010,1939,0.0,0.0,88.68,88.68
2019-02-28,2019,1,LA MAGDALENA CONTRERAS,EL TANQUE,08-011,2838,0.0,0.0,83.06,83.06
2019-02-28,2019,1,LA MAGDALENA CONTRERAS,EL TORO,08-012,1221,0.0,0.0,210.58,210.58
2019-02-28,2019,1,LA MAGDALENA CONTRERAS,HEROES DE PADIERNA,08-013,1571,1988.47,25717.16,64159.09,36453.46
2019-02-28,2019,1,LA MAGDALENA CONTRERAS,HUAYATLA,08-014,1218,0.0,0.0,64.66,64.66
2019-02-28,2019,1,LA MAGDALENA CONTRERAS,INDEPENDENCIA BATAN SUR (U HAB),08-016,589,0.0,835.8,2445.33,1609.53
2019-02-28,2019,1,LA MAGDALENA CONTRERAS,INDEPENDENCIA SAN RAMON (U HAB),08-017,937,0.0,70.21,390.4,320.19
2019-02-28,2019,1,LA MAGDALENA CONTRERAS,INFONAVIT (U HAB),08-018,134,65.5,2638.08,2730.72,27.14
2019-02-28,2019,1,LA MAGDALENA CONTRERAS,LA CARBONERA,08-020,1589,0.0,0.0,108.85,108.85
2019-02-28,2019,1,LA MAGDALENA CONTRERAS,LA CONCEPCION,08-021,491,5.92,470.47,8181.13,7704.74
2019-02-28,2019,1,LA MAGDALENA CONTRERAS,LA CRUZ,08-022,1261,4.72,142.86,1787.68,1640.1
2019-02-28,2019,1,LA MAGDALENA CONTRERAS,LA GUADALUPE,08-023,410,11.2,7.65,324.02,305.16999999999996
2019-02-28,2019,1,LA MAGDALENA CONTRERAS,LA MAGDALENA ATLITIC (PBLO),08-024,940,255.39000000000001,4805.3,5520.2,459.51
2019-02-28,2019,1,LA MAGDALENA CONTRERAS,LA MALINCHE,08-025,2737,2832.1099999999997,11216.65,14638.300000000001,589.54
2019-02-28,2019,1,LA MAGDALENA CONTRERAS,LAS CALLES (BARR),08-026,91,0.0,712.19,778.3499999999999,66.16
2019-02-28,2019,1,LA MAGDALENA CONTRERAS,LAS CRUCES,08-027,2884,0.0,0.0,41.69,41.69
2019-02-28,2019,1,LA MAGDALENA CONTRERAS,LOMAS DE SAN BERNABE,08-030,2032,0.0,0.0,493.86,493.86
2019-02-28,2019,1,LA MAGDALENA CONTRERAS,LOMAS QUEBRADAS,08-032,1260,1038.63,11878.150000000001,14013.8,1097.02
2019-02-28,2019,1,LA MAGDALENA CONTRERAS,LOS PADRES,08-033,1868,0.0,0.0,89.37,89.37
2019-02-28,2019,1,LA MAGDALENA CONTRERAS,PLAZUELA DEL PEDREGAL,08-035,155,0.0,38.94,38.94,0.0
2019-02-28,2019,1,LA MAGDALENA CONTRERAS,POTRERILLO,08-036,810,0.0,0.0,168.74,168.74
2019-02-28,2019,1,LA MAGDALENA CONTRERAS,POTRERILLO (AMPL),08-037,656,0.0,0.0,0.0,0.0
2019-02-28,2019,1,LA MAGDALENA CONTRERAS,PUEBLO NUEVO ALTO,08-038,1715,0.0,0.0,102.85000000000001,102.85000000000001
2019-02-28,2019,1,LA MAGDALENA CONTRERAS,PUEBLO NUEVO BAJO,08-039,1063,0.0,0.0,1527.3,1527.3
2019-02-28,2019,1,LA MAGDALENA CONTRERAS,PUENTE SIERRA,08-040,30,0.0,446.95,642.25,195.3
2019-02-28,2019,1,LA MAGDALENA CONTRERAS,SAN BARTOLO AMEYALCO,08-041,1211,589.04,4628.46,5342.389999999999,124.89
2019-02-28,2019,1,LA MAGDALENA CONTRERAS,SAN BERNABE OCOTEPEC (PBLO),08-042,3207,0.0,0.0,1510.45,1510.45
2019-02-28,2019,1,LA MAGDALENA CONTRERAS,SAN FRANCISCO,08-043,1076,123.9,1654.55,2772.92,994.47
2019-02-28,2019,1,LA MAGDALENA CONTRERAS,SAN FRANCISCO (BARR),08-044,1473,370.74,19295.190000000002,20200.43,534.5400000000001
2019-02-28,2019,1,LA MAGDALENA CONTRERAS,SAN JERONIMO ACULCO - LIDICE (PBLO),08-045,7379,5804.77,166170.76,221582.12,49606.47
2019-02-28,2019,1,LA MAGDALENA CONTRERAS,SAN NICOLAS TOTOLAPAN,08-047,1022,0.0,0.0,14.75,14.75
2019-02-28,2019,1,LA MAGDALENA CONTRERAS,SAN NICOLAS TOTOLAPAN (PBLO),08-048,3561,0.0,0.0,89.81,89.81
2019-02-28,2019,1,LA MAGDALENA CONTRERAS,SANTA TERESA,08-049,659,1395.91,5558.93,8690.72,1735.88
2019-02-28,2019,1,LA MAGDALENA CONTRERAS,TIERRA UNIDA,08-052,999,0.0,0.0,1282.63,1282.63
2019-02-28,2019,1,LA MAGDALENA CONTRERAS,VISTA HERMOSA,08-053,433,0.0,0.0,0.0,0.0
2019-02-28,2019,1,MIGUEL HIDALGO,10 DE ABRIL,16-085,108,268.99,949.48,5444.21,4225.74
2019-02-28,2019,1,MIGUEL HIDALGO,16 DE SEPTIEMBRE,16-086,691,2478.89,12136.279999999999,16540.37,1925.2
2019-02-28,2019,1,MIGUEL HIDALGO,5 DE MAYO,16-087,1037,2068.86,8279.36,10874.93,526.71
2019-02-28,2019,1,MIGUEL HIDALGO,AGRICULTURA,16-001,1584,5835.7300000000005,26760.760000000002,37509.71,4913.22
2019-02-28,2019,1,MIGUEL HIDALGO,AHUEHUETES ANAHUAC,16-002,595,895.02,10635.01,12324.98,794.95
2019-02-28,2019,1,MIGUEL HIDALGO,AMERICA,16-003,1455,5267.03,13008.61,22814.39,4538.75
2019-02-28,2019,1,MIGUEL HIDALGO,ANAHUAC DOS LAGOS,16-006,387,1385.3999999999999,4916.0599999999995,8673.79,2372.33
2019-02-28,2019,1,MIGUEL HIDALGO,ANAHUAC I,16-088,6765,14018.01,115485.63,144509.58,15005.9
2019-02-28,2019,1,MIGUEL HIDALGO,ANAHUAC II,16-089,6412,15254.85,92676.08,138152.13,30221.3
2019-02-28,2019,1,MIGUEL HIDALGO,ANAHUAC LAGO NORTE,16-007,366,2092.67,6190.57,8630.02,346.78000000000003
2019-02-28,2019,1,MIGUEL HIDALGO,ANAHUAC LAGO SUR,16-008,578,1961.98,11794.07,13907.689999999999,151.66
2019-02-28,2019,1,MIGUEL HIDALGO,ANAHUAC LOS MANZANOS,16-009,3298,7162.41,58137.13,70020.74,4721.26
2019-02-28,2019,1,MIGUEL HIDALGO,ANAHUAC MARIANO ESCOBEDO,16-010,942,2787.62,13144.130000000001,19063.0,3131.25
2019-02-28,2019,1,MIGUEL HIDALGO,ANAHUAC PERALITOS,16-011,413,1840.54,6064.6900000000005,8160.12,254.89000000000001
2019-02-28,2019,1,MIGUEL HIDALGO,ANGEL ZIMBRON,16-012,479,1764.52,7749.19,10322.97,809.26
2019-02-28,2019,1,MIGUEL HIDALGO,ANZURES,16-013,2539,9289.35,64887.81,153118.73,78941.58
2019-02-28,2019,1,MIGUEL HIDALGO,ARGENTINA ANTIGUA,16-014,2167,7236.679999999999,21715.45,31765.39,2813.26
2019-02-28,2019,1,MIGUEL HIDALGO,"BOSQUE DE CHAPULTEPEC I, II Y III SECCIONES",16-018,1584,23526.84,983.2099999999999,73706.28,49196.24
2019-02-28,2019,1,MIGUEL HIDALGO,BOSQUES DE CHAPULTEPEC (POLANCO),16-018,1584,2726.13,55479.01,79345.72,21140.53
2019-02-28,2019,1,MIGUEL HIDALGO,BOSQUES DE LAS LOMAS,16-019,1953,0.0,67064.7,92983.33,25918.65
2019-02-28,2019,1,MIGUEL HIDALGO,CHAPULTEPEC MORALES (POLANCO),16-021,3258,22381.01,97097.81999999999,182506.52,63027.65
2019-02-28,2019,1,MIGUEL HIDALGO,CHAPULTEPEC POLANCO (POLANCO),16-022,1560,13903.06,54600.45,192058.83000000002,123555.26
2019-02-28,2019,1,MIGUEL HIDALGO,CUAUHTEMOC PENSIL,16-023,4347,2897.58,25334.56,32444.13,4212.0
2019-02-28,2019,1,MIGUEL HIDALGO,DANIEL GARZA,16-024,1601,2917.18,16681.12,22648.66,3050.3599999999997
2019-02-28,2019,1,MIGUEL HIDALGO,DANIEL GARZA (AMPL),16-025,2017,4954.69,27945.170000000002,42046.42,9146.56
2019-02-28,2019,1,MIGUEL HIDALGO,DEL BOSQUE (POLANCO),16-026,371,1068.35,10772.73,23375.36,11534.33
2019-02-28,2019,1,MIGUEL HIDALGO,DEPORTIVA PENSIL,16-028,1002,2616.19,11085.720000000001,32181.079999999998,18479.23
2019-02-28,2019,1,MIGUEL HIDALGO,ESCANDON I,16-090,4541,14800.47,68435.16,109585.85,26350.22
2019-02-28,2019,1,MIGUEL HIDALGO,ESCANDON II,16-091,6583,13342.130000000001,101272.11,138802.73,24188.59
2019-02-28,2019,1,MIGUEL HIDALGO,FRANCISCO I MADERO,16-030,435,1400.27,3416.71,6123.25,1306.27
2019-02-28,2019,1,MIGUEL HIDALGO,GRANADA,16-031,3778,2863.6800000000003,84511.58,198252.8,110877.43000000001
2019-02-28,2019,1,MIGUEL HIDALGO,GRANADA (AMPL),16-032,7007,248.98,85742.53000000001,89987.24,3996.19
2019-02-28,2019,1,MIGUEL HIDALGO,HUICHAPAN,16-033,543,1160.87,10425.039999999999,13221.37,1635.4499999999998
2019-02-28,2019,1,MIGUEL HIDALGO,IGNACIO MANUEL ALTAMIRANO,16-034,374,339.0,4280.55,4782.76,163.20999999999998
2019-02-28,2019,1,MIGUEL HIDALGO,IRRIGACION,16-035,2198,3890.1800000000003,50267.06,88775.54,34618.29
2019-02-28,2019,1,MIGUEL HIDALGO,LEGARIA,16-036,2187,3377.93,30968.63,35865.1,1518.55
2019-02-28,2019,1,MIGUEL HIDALGO,LEGARIA (U HAB),16-037,635,164.68,11461.7,11680.95,54.56999999999999
2019-02-28,2019,1,MIGUEL HIDALGO,LOMA HERMOSA (CONJ HAB),16-038,1510,0.0,27930.6,28606.1,675.55
2019-02-28,2019,1,MIGUEL HIDALGO,LOMAS ALTAS,16-039,615,477.54,35423.65,53739.79,17838.6
2019-02-28,2019,1,MIGUEL HIDALGO,LOMAS DE BARRILACO (LOMAS DE CHAPULTEPEC),16-040,1779,17.16,48339.86,50684.14,2327.12
2019-02-28,2019,1,MIGUEL HIDALGO,LOMAS DE BEZARES,16-041,1142,491.85,41589.3,45972.99,3891.8900000000003
2019-02-28,2019,1,MIGUEL HIDALGO,LOMAS DE CHAPULTEPEC,16-042,1581,5765.47,122498.49,245975.1,117711.15
2019-02-28,2019,1,MIGUEL HIDALGO,LOMAS DE REFORMA,16-043,733,164.04,18144.38,20779.16,2470.74
2019-02-28,2019,1,MIGUEL HIDALGO,LOMAS DE REFORMA (LOMAS DE CHAPULTEPEC),16-044,450,345.18,26759.72,30141.04,3036.14
2019-02-28,2019,1,MIGUEL HIDALGO,LOMAS DE SOTELO,16-045,2409,443.37,43896.200000000004,53175.03,8835.42
2019-02-28,2019,1,MIGUEL HIDALGO,LOMAS VIRREYES (LOMAS DE CHAPULTEPEC),16-046,1060,2817.56,42806.74,65183.99,19559.71
2019-02-28,2019,1,MIGUEL HIDALGO,LOS MORALES (POLANCO),16-047,1515,2095.29,49172.46,87375.45,36107.7
2019-02-28,2019,1,MIGUEL HIDALGO,MANUEL AVILA CAMACHO,16-048,15,0.0,417.04,1356.93,939.8900000000001
2019-02-28,2019,1,MIGUEL HIDALGO,MARINA NACIONAL (U HAB),16-049,626,0.0,13699.2,14014.2,315.06
2019-02-28,2019,1,MIGUEL HIDALGO,MEXICO NUEVO,16-050,1269,2723.87,14814.6,22871.03,5332.55
2019-02-28,2019,1,MIGUEL HIDALGO,MILITAR 1 K LOMAS DE SOTELO (U HAB),16-051,1295,4906.17,2772.21,111534.65,103856.34
2019-02-28,2019,1,MIGUEL HIDALGO,MODELO PENSIL,16-052,789,2422.62,13828.699,18408.77,2157.45
2019-02-28,2019,1,MIGUEL HIDALGO,MOLINO DEL REY,16-053,166,995.3500000000001,2994.03,4869.39,880.01
2019-02-28,2019,1,MIGUEL HIDALGO,MORALES SECCION ALAMEDA (POLANCO),16-054,456,223.07,14045.92,18307.63,4038.6400000000003
2019-02-28,2019,1,MIGUEL HIDALGO,MORALES SECCION PALMAS (POLANCO),16-055,758,1198.92,29878.66,63592.2,32514.62
2019-02-28,2019,1,MIGUEL HIDALGO,NEXTITLA,16-056,686,938.67,8147.280000000001,16130.78,7044.830000000001
2019-02-28,2019,1,MIGUEL HIDALGO,NUEVA ARGENTINA (ARGENTINA PONIENTE),16-057,1753,3456.73,14204.87,22255.15,4593.55
2019-02-28,2019,1,MIGUEL HIDALGO,OBSERVATORIO,16-058,1325,2949.72,15214.04,24362.41,6198.650000000001
2019-02-28,2019,1,MIGUEL HIDALGO,PALMITAS (POLANCO),16-059,805,818.0,30035.99,46828.47,15974.439999999999
2019-02-28,2019,1,MIGUEL HIDALGO,PENSIL NORTE,16-060,3100,2314.75,28430.53,32140.809999999998,1395.52
2019-02-28,2019,1,MIGUEL HIDALGO,PENSIL SAN JUANICO,16-061,1945,3623.58,39660.53,45696.3,2412.18
2019-02-28,2019,1,MIGUEL HIDALGO,PENSIL SUR,16-062,823,1910.3700000000001,5950.71,8180.0,318.92
2019-02-28,2019,1,MIGUEL HIDALGO,PERIODISTA,16-063,281,783.59,5162.2699999999995,22075.78,16129.92
2019-02-28,2019,1,MIGUEL HIDALGO,PLUTARCO ELIAS CALLES,16-064,422,474.05,4384.5599999999995,10947.19,6088.58
2019-02-28,2019,1,MIGUEL HIDALGO,POLANCO REFORMA (POLANCO),16-065,2676,5001.62,90301.38,136975.99,41673.0
2019-02-28,2019,1,MIGUEL HIDALGO,POPO,16-066,615,742.5799999999999,5993.799999999999,7988.89,1252.52
2019-02-28,2019,1,MIGUEL HIDALGO,POPO (AMPL),16-067,157,149.88,2353.34,2715.7,212.48000000000002
2019-02-28,2019,1,MIGUEL HIDALGO,POPOTLA I,16-092,1722,4635.93,25850.809999999998,37701.490000000005,7214.74
2019-02-28,2019,1,MIGUEL HIDALGO,POPOTLA II,16-093,3604,8676.73,54997.47,76373.03,12698.83
2019-02-28,2019,1,MIGUEL HIDALGO,REFORMA PENSIL,16-069,1046,2817.38,18175.41,22742.06,1749.27
2019-02-28,2019,1,MIGUEL HIDALGO,REFORMA SOCIAL,16-070,2213,4760.54,50239.6,66264.98,11264.880000000001
2019-02-28,2019,1,MIGUEL HIDALGO,RINCON DEL BOSQUE,16-071,307,28.39,9367.96,12175.5,2779.15
2019-02-28,2019,1,MIGUEL HIDALGO,SAN DIEGO OCOYOACAC,16-072,2068,608.91,24273.86,31569.34,6686.549999999999
2019-02-28,2019,1,MIGUEL HIDALGO,SAN JOAQUIN,16-073,1055,778.2,18382.67,19963.41,802.48
2019-02-28,2019,1,MIGUEL HIDALGO,SAN LORENZO TLALTENANGO,16-074,433,472.91999999999996,5690.39,12855.92,6692.610000000001
2019-02-28,2019,1,MIGUEL HIDALGO,SAN MIGUEL CHAPULTEPEC I,16-094,2093,4395.51,42620.11,56062.61,9046.99
2019-02-28,2019,1,MIGUEL HIDALGO,SAN MIGUEL CHAPULTEPEC II,16-095,2874,11437.77,50910.64,91773.84,29425.43
2019-02-28,2019,1,MIGUEL HIDALGO,SANTO TOMAS,16-076,251,286.71000000000004,3704.62,21234.050000000003,17242.72
2019-02-28,2019,1,MIGUEL HIDALGO,TACUBA,16-077,4195,21560.29,60043.229999999996,118436.19,36832.67
2019-02-28,2019,1,MIGUEL HIDALGO,TACUBAYA,16-078,3271,17719.31,35671.02,95746.75,42356.520000000004
2019-02-28,2019,1,MIGUEL HIDALGO,TLAXPANA,16-080,2901,10858.86,41422.18,62149.59,9868.56
2019-02-28,2019,1,MIGUEL HIDALGO,TORRE BLANCA,16-081,2049,6850.57,23915.86,34295.19,3528.7799999999997
2019-02-28,2019,1,MIGUEL HIDALGO,TORRE BLANCA (AMPL),16-004,795,2836.01,11809.589999999998,16144.69,1499.0800000000002
2019-02-28,2019,1,MIGUEL HIDALGO,TORRES TOREO,16-027,3318,745.0,75672.1,80247.4,3830.13
2019-02-28,2019,1,MIGUEL HIDALGO,UN HOGAR PARA NOSOTROS,16-082,282,595.38,3608.46,6788.71,2584.87
2019-02-28,2019,1,MIGUEL HIDALGO,VENTURA PEREZ DE ALBA,16-083,831,316.84000000000003,12788.529999999999,14696.849999999999,1591.47
2019-02-28,2019,1,MIGUEL HIDALGO,VERONICA ANZURES,16-084,1386,13263.6,23220.0,96516.94,60033.34
2019-02-28,2019,1,MILPA ALTA,SAN AGUSTIN OHTENCO (PBLO),09-001,411,6.5,0.0,163.18,156.68
2019-02-28,2019,1,MILPA ALTA,SAN ANTONIO TECOMITL (PBLO),09-002,7201,5392.86,14647.74,23768.72,3728.12
2019-02-28,2019,1,MILPA ALTA,SAN BARTOLOME XICOMULCO (PBLO),09-003,1179,584.62,2452.51,3443.69,406.56
2019-02-28,2019,1,MILPA ALTA,SAN FRANCISCO TECOXPA (PBLO),09-004,1375,73.31,89.54,970.41,807.5600000000001
2019-02-28,2019,1,MILPA ALTA,SAN JERONIMO MIACATLAN (PBLO),09-005,995,90.62,98.03,294.48,105.83000000000001
2019-02-28,2019,1,MILPA ALTA,SAN JUAN TEPENAHUAC (PBLO),09-006,487,0.0,2.55,175.93,173.38
2019-02-28,2019,1,MILPA ALTA,SAN LORENZO TLACOYUCAN (PBLO),09-007,1062,52.53,0.0,392.66,340.13
2019-02-28,2019,1,MILPA ALTA,SAN PEDRO ATOCPAN (PBLO),09-009,2281,727.25,1139.61,4250.36,2383.5
2019-02-28,2019,1,MILPA ALTA,SAN SALVADOR CUAUHTENCO (PBLO),09-010,3727,169.96,298.66999999999996,940.66,472.03
2019-02-28,2019,1,MILPA ALTA,SANTA ANA TLACOTENCO (PBLO),09-011,3010,256.56,255.47,998.09,486.06
2019-02-28,2019,1,MILPA ALTA,VILLA MILPA ALTA (PBLO),09-012,5079,2134.12,4092.02,12185.09,5958.950000000001
2019-02-28,2019,1,TLAHUAC,AGRICOLA METROPOLITANA,11-001,2542,900.28,11167.23,12412.7,345.19
2019-02-28,2019,1,TLAHUAC,DEL MAR NORTE,11-003,776,776.75,3438.49,4453.82,238.57999999999998
2019-02-28,2019,1,TLAHUAC,DEL MAR SUR,11-004,4214,2835.25,18567.19,24728.14,3325.71
2019-02-28,2019,1,TLAHUAC,EL ROSARIO,11-006,885,21.03,0.0,22.8,1.77
2019-02-28,2019,1,TLAHUAC,EL TRIANGULO,11-007,1132,522.25,574.94,1186.4,89.21
2019-02-28,2019,1,TLAHUAC,EMILIANO ZAPATA 1A,11-008,592,63.690000000000005,306.76,679.48,309.03
2019-02-28,2019,1,TLAHUAC,EMILIANO ZAPATA 2A,11-009,395,67.16,100.94,927.43,759.3299999999999
2019-02-28,2019,1,TLAHUAC,FRANCISCO VILLA,11-010,410,250.78,1943.09,2271.01,77.14
2019-02-28,2019,1,TLAHUAC,GRANJAS CABRERA,11-011,649,1108.6,4117.09,6309.53,1083.84
2019-02-28,2019,1,TLAHUAC,JAIME TORRES BODET,11-012,2016,196.74,102.75,383.76,84.27
2019-02-28,2019,1,TLAHUAC,JARDINES DEL LLANO-U.H. VILLA TLATEMPA,11-013,768,134.72,3443.45,3677.2999999999997,99.13
2019-02-28,2019,1,TLAHUAC,LA CONCHITA I,11-056,3100,424.07,1004.63,2396.63,967.9300000000001
2019-02-28,2019,1,TLAHUAC,LA CONCHITA II,11-057,5180,536.78,873.45,2413.85,1003.62
2019-02-28,2019,1,TLAHUAC,LA DRAGA,11-014,2324,0.0,0.0,246.62,246.62
2019-02-28,2019,1,TLAHUAC,LA ESTACION,11-015,2576,953.92,4288.81,5628.18,385.45
2019-02-28,2019,1,TLAHUAC,LA HABANA,11-016,1266,146.71,266.66999999999996,554.59,141.21
2019-02-28,2019,1,TLAHUAC,LA NOPALERA,11-019,1860,1324.94,6899.4,10100.82,1876.48
2019-02-28,2019,1,TLAHUAC,LA TURBA,11-020,592,0.0,1768.45,1893.23,124.78
2019-02-28,2019,1,TLAHUAC,LAS ARBOLEDAS,11-021,3581,2212.25,20836.93,25800.04,2750.86
2019-02-28,2019,1,TLAHUAC,LOPEZ PORTILLO,11-022,1196,121.25999999999999,416.09000000000003,590.4300000000001,53.08
2019-02-28,2019,1,TLAHUAC,LOS OLIVOS,11-024,2551,1557.45,18686.57,23092.5,2848.48
2019-02-28,2019,1,TLAHUAC,MIGUEL HIDALGO,11-025,2850,2164.98,10440.51,14767.1,2161.61
2019-02-28,2019,1,TLAHUAC,MIGUEL HIDALGO OTE,11-026,3885,1397.1299999999999,6019.77,8574.28,1157.38
2019-02-28,2019,1,TLAHUAC,OJO DE AGUA,11-027,862,292.13,51.93,1495.1200000000001,1151.0600000000002
2019-02-28,2019,1,TLAHUAC,PEA ALTA,11-029,1746,51.32,0.0,158.7,107.38
2019-02-28,2019,1,TLAHUAC,QUIAHUATLA,11-030,1107,675.8199999999999,2567.38,4114.82,871.62
2019-02-28,2019,1,TLAHUAC,SAN ANDRES MIXQUIC (PBLO),11-031,3193,115.66,80.53999999999999,1767.46,1571.26
2019-02-28,2019,1,TLAHUAC,SAN FRANCISCO TLALTENCO (PBLO),11-032,4640,2393.87,4433.36,8247.33,1420.1000000000001
2019-02-28,2019,1,TLAHUAC,SAN JOSE,11-033,2125,52.52,146.83,1580.08,1380.73
2019-02-28,2019,1,TLAHUAC,SAN JUAN IXTAYOPAN (PBLO),11-034,2597,2620.05,7895.61,11560.22,1044.56
2019-02-28,2019,1,TLAHUAC,SAN MIGUEL ZAPOTITLA,11-036,3790,1085.55,3290.15,5394.29,1018.5899999999999
2019-02-28,2019,1,TLAHUAC,SAN NICOLAS TETELCO (PBLO),11-037,1065,55.95,25.82,266.46,184.69
2019-02-28,2019,1,TLAHUAC,SAN PEDRO TLAHUAC (PBLO),11-038,4606,683.49,765.71,5966.15,4516.95
2019-02-28,2019,1,TLAHUAC,SANTA CATARINA (AMPL),11-039,459,89.96000000000001,267.01000000000005,707.6400000000001,350.67
2019-02-28,2019,1,TLAHUAC,SANTA CATARINA YECAHUIZOTL (PBLO),11-040,1760,100.99,207.56,953.38,644.83
2019-02-28,2019,1,TLAHUAC,SANTA CECILIA,11-041,1635,263.56,88.55,2994.47,2642.36
2019-02-28,2019,1,TLAHUAC,SANTIAGO ZAPOTITLAN (PBLO),11-042,3376,245.47,1182.52,6138.79,4710.799999999999
2019-02-28,2019,1,TLAHUAC,SELENE (AMPL),11-043,1503,119.42,151.07,1239.5900000000001,969.1
2019-02-28,2019,1,TLAHUAC,SELENE 1a SECC,11-044,2528,67.23,182.51,885.51,635.77
2019-02-28,2019,1,TLAHUAC,SELENE 2da SECC,11-045,2412,83.62,117.98,462.74,261.14
2019-02-28,2019,1,TLAHUAC,TEZONTITLA-ZOMPANTITLA,11-049,244,242.46,179.23,421.69,0.0
2019-02-28,2019,1,TLAHUAC,TIERRA BLANCA,11-050,844,0.0,19.7,19.7,0.0
2019-02-28,2019,1,TLAHUAC,TIERRA Y LIBERTAD,11-051,492,141.62,401.41999999999996,543.04,0.0
2019-02-28,2019,1,TLAHUAC,UNIDADES HABITACIONALES DE SANTA ANA PONIENTE I,11-055,4072,585.25,14222.849999999999,15678.83,870.71
2019-02-28,2019,1,TLAHUAC,UNIDADES HABITACIONALES DE SANTA ANA PONIENTE II,11-058,3923,41.37,1072.72,2701.62,1587.53
2019-02-28,2019,1,TLAHUAC,VILLA CENTROAMERICANA (U HAB),11-052,2244,0.0,16727.17,19312.35,2585.18
2019-02-28,2019,1,TLAHUAC,VILLAS DE LOS TRABAJADORES (GDF) (U HAB),11-053,1236,0.0,17894.9,17971.9,77.03
2019-02-28,2019,1,TLALPAN,2 DE OCTUBRE,12-205,1594,0.0,0.0,21.83,21.83
2019-02-28,2019,1,TLALPAN,AMPLIACION MIGUEL HIDALGO 2A SECC,12-002,5282,0.0,33.04,1483.32,1450.28
2019-02-28,2019,1,TLALPAN,AMPLIACION MIGUEL HIDALGO 3A SECC,12-003,4674,49.58,0.0,404.57,354.99
2019-02-28,2019,1,TLALPAN,AMPLIACION MIGUEL HIDALGO 4A SECC,12-004,3035,0.0,0.0,91.47,91.47
2019-02-28,2019,1,TLALPAN,AMSA,12-005,193,16.06,99.71,6627.65,6511.88
2019-02-28,2019,1,TLALPAN,ARBOLEDAS DEL SUR,12-007,1492,1810.9,15782.92,20574.52,2980.7
2019-02-28,2019,1,TLALPAN,ARENAL GUADALUPE TLALPAN,12-008,620,439.92,3869.9700000000003,7761.089999999999,3451.2
2019-02-28,2019,1,TLALPAN,ARENAL PUERTA TEPEPAN,12-009,259,276.12,2089.52,13960.51,11594.869999999999
2019-02-28,2019,1,TLALPAN,BELISARIO DOMINGUEZ,12-215,259,1328.27,2926.7799999999997,70600.42000000001,66345.37
2019-02-28,2019,1,TLALPAN,BELVEDERE,12-013,1020,0.0,0.0,199.17,199.17
2019-02-28,2019,1,TLALPAN,BOSQUES DEL PEDREGAL,12-016,1587,0.0,0.0,2.36,2.36
2019-02-28,2019,1,TLALPAN,CALVARIO CAMISETAS,12-017,195,493.84,3015.14,4676.95,1167.97
2019-02-28,2019,1,TLALPAN,CANTERA PUENTE DE PIEDRA,12-018,1337,541.37,9023.16,10088.07,523.5400000000001
2019-02-28,2019,1,TLALPAN,CHICHICASPATL,12-019,725,0.0,0.0,0.0,0.0
2019-02-28,2019,1,TLALPAN,CLUB DE GOLF MEXICO-SAN BUENAVENTURA,12-023,900,0.0,7685.09,15064.09,7379.0
2019-02-28,2019,1,TLALPAN,COAPA 2A SECCION-RAMOS MILLAN,12-024,1090,306.95000000000005,13449.17,18246.37,4490.25
2019-02-28,2019,1,TLALPAN,COAPA-VILLA CUEMANCO,12-093,626,453.24,7095.47,8313.94,765.23
2019-02-28,2019,1,TLALPAN,COLINAS DEL BOSQUE-LAS TORTOLAS,12-025,1864,0.0,9633.19,9713.14,79.96
2019-02-28,2019,1,TLALPAN,CONDOMINIO DEL BOSQUE (FRACC)-BOSQUE DE TLALPAN,12-026,243,0.0,0.0,687.14,687.14
2019-02-28,2019,1,TLALPAN,CONJUNTO HABITACIONAL PEDREGAL DEL LAGO,12-218,492,8.86,14398.41,16078.740000000002,1671.44
2019-02-28,2019,1,TLALPAN,CONJUNTO URBANO CUEMANCO (U HAB),12-027,676,0.0,11594.9,12219.96,625.04
2019-02-28,2019,1,TLALPAN,CRUZ DEL FAROL,12-029,845,0.0,0.0,54.660000000000004,54.660000000000004
2019-02-28,2019,1,TLALPAN,CUCHILLA DE PADIERNA,12-030,975,0.0,0.0,18.88,18.88
2019-02-28,2019,1,TLALPAN,CULTURA MAYA,12-032,1116,14.76,0.0,170.69,155.93
2019-02-28,2019,1,TLALPAN,DOLORES TLALI,12-034,360,0.0,0.0,0.0,0.0
2019-02-28,2019,1,TLALPAN,EJIDOS DE SAN PEDRO MARTIR I (NORTE),12-035,1923,0.0,0.0,247.94,247.94
2019-02-28,2019,1,TLALPAN,EJIDOS DE SAN PEDRO MARTIR II (SUR),12-219,2200,0.0,0.0,248.83999999999997,248.83999999999997
2019-02-28,2019,1,TLALPAN,EL DIVISADERO,12-037,267,0.0,0.0,0.0,0.0
2019-02-28,2019,1,TLALPAN,EX HACIENDA SAN JUAN DE DIOS,12-042,1358,3341.97,16035.98,27797.58,8419.630000000001
2019-02-28,2019,1,TLALPAN,FLORESTA-PRADO-VERGEL COAPA,12-043,1048,323.92,8951.19,13964.77,4689.66
2019-02-28,2019,1,TLALPAN,FOVISSSTE SAN PEDRO MARTIR ( U HAB),12-045,317,0.0,0.0,0.0,0.0
2019-02-28,2019,1,TLALPAN,FUENTES BROTANTES MIGUEL HIDALGO (U HAB),12-047,2444,0.0,38696.0,40517.28,1821.24
2019-02-28,2019,1,TLALPAN,FUENTES DEL PEDREGAL,12-049,1393,0.0,17310.7,43120.3,25809.61
2019-02-28,2019,1,TLALPAN,FUENTES Y PEDREGAL DE TEPEPAN,12-048,1641,0.0,23.6,23.6,0.0
2019-02-28,2019,1,TLALPAN,GRANJAS COAPA,12-050,1776,1224.53,39833.369999999995,47793.27,6735.41
2019-02-28,2019,1,TLALPAN,GRANJAS COAPA ORIENTE,12-051,368,0.0,5958.23,12465.130000000001,6506.9
2019-02-28,2019,1,TLALPAN,HACIENDA SAN JUAN-RINCON DE SAN JUAN-CHIMALI,12-053,1265,171.76,9636.32,15140.27,5332.1900000000005
2019-02-28,2019,1,TLALPAN,HEROES DE PADIERNA I,12-209,2395,214.18,1094.46,2573.02,1264.38
2019-02-28,2019,1,TLALPAN,HEROES DE PADIERNA II,12-210,2444,0.0,0.0,702.71,702.71
2019-02-28,2019,1,TLALPAN,HUESO PERIFERICO-ISSSFAM NO. 7 (U HABS),12-057,1039,0.0,31462.15,33026.770000000004,1564.6200000000001
2019-02-28,2019,1,TLALPAN,IGNACIO CHAVEZ (U HAB),12-059,516,0.0,9127.51,9414.25,286.74
2019-02-28,2019,1,TLALPAN,ISIDRO  FABELA (AMPL),12-061,359,773.24,1451.46,2311.4300000000003,86.73
2019-02-28,2019,1,TLALPAN,ISIDRO FABELA I (PONIENTE),12-060,1525,2139.49,10705.76,14417.44,1572.19
2019-02-28,2019,1,TLALPAN,ISIDRO FABELA II (ORIENTE),12-220,1984,4702.08,21993.71,28110.62,1414.83
2019-02-28,2019,1,TLALPAN,ISSSFAM No. 1 (U HAB)-VILLA TLALPAN,12-062,818,0.0,4666.19,5069.750000000001,403.55999999999995
2019-02-28,2019,1,TLALPAN,JARDINES COAPA-BELISARIO DOMINGUEZ,12-064,576,272.05,2515.68,3568.01,780.28
2019-02-28,2019,1,TLALPAN,JARDINES DEL AJUSCO,12-066,1218,0.0,29.5,326.58000000000004,297.08000000000004
2019-02-28,2019,1,TLALPAN,JARDINES EN LA MONTAA,12-067,1387,0.0,23274.55,71170.94,47896.48
2019-02-28,2019,1,TLALPAN,LA  LONJA,12-069,995,1095.48,7862.15,9560.43,602.8
2019-02-28,2019,1,TLALPAN,LA FAMA,12-070,469,946.05,8649.88,20277.289999999997,10681.350000000002
2019-02-28,2019,1,TLALPAN,LA JOYA,12-072,851,1492.27,14043.029999999999,16676.16,1140.86
2019-02-28,2019,1,TLALPAN,LA MAGDALENA PETLACALCO (PBLO),12-074,1922,0.0,0.0,39.559999999999995,39.559999999999995
2019-02-28,2019,1,TLALPAN,LOMAS DE  PADIERNA I,12-211,2956,0.0,0.0,640.84,640.84
2019-02-28,2019,1,TLALPAN,LOMAS DE  PADIERNA II,12-212,2554,0.0,49.49,11936.44,11886.95
2019-02-28,2019,1,TLALPAN,LOMAS DE CUILOTEPEC,12-080,510,0.0,0.0,0.0,0.0
2019-02-28,2019,1,TLALPAN,LOMAS DE PADIERNA (AMPL),12-211,2956,0.0,0.0,13641.23,13641.23
2019-02-28,2019,1,TLALPAN,LOMAS HIDALGO,12-086,653,0.0,0.0,68.44,68.44
2019-02-28,2019,1,TLALPAN,LOS  ENCINOS,12-087,610,0.0,0.0,121.38,121.38
2019-02-28,2019,1,TLALPAN,LOS VOLCANES,12-089,1343,0.0,441.7,680.22,238.51999999999998
2019-02-28,2019,1,TLALPAN,MA ESTHER ZUNO DE ECHEVERRIA-TLALPUENTE,12-092,774,0.0,0.0,75.55,75.55
2019-02-28,2019,1,TLALPAN,"MESA LOS HORNOS, TEXCALTENCO",12-094,2849,180.51,824.1099999999999,1215.16,210.54
2019-02-28,2019,1,TLALPAN,MIGUEL HIDALGO,12-095,4245,1015.78,8841.55,12916.98,3059.65
2019-02-28,2019,1,TLALPAN,MIRADOR 1A SECC,12-096,539,0.0,0.0,9.44,9.44
2019-02-28,2019,1,TLALPAN,MIRADOR DEL VALLE,12-099,215,0.0,0.0,1.18,1.18
2019-02-28,2019,1,TLALPAN,MIRADOR I,12-100,556,0.0,0.0,0.0,0.0
2019-02-28,2019,1,TLALPAN,MOVIMIENTO ORGANIZADO DE TLALPAN-EL MIRADOR (RNCDA),12-102,200,0.0,0.0,0.0,0.0
2019-02-28,2019,1,TLALPAN,NARCISO MENDOZA VILLA COAPA SUPERMANZANA 8 (U HAB),12-217,586,390.15999999999997,9721.53,12103.529999999999,1991.84
2019-02-28,2019,1,TLALPAN,NARCISO MENDOZA-VILLA COAPA SUPER MANZANA 1 (U HAB),12-103,1261,28.22,26377.9,26811.4,405.23
2019-02-28,2019,1,TLALPAN,NARCISO MENDOZA-VILLA COAPA SUPER MANZANA 2 (U HAB),12-104,1249,68.86,25132.5,25671.73,470.40000000000003
2019-02-28,2019,1,TLALPAN,NARCISO MENDOZA-VILLA COAPA SUPER MANZANA 3 (U HAB),12-105,1347,46.04,25125.8,25797.5,625.67
2019-02-28,2019,1,TLALPAN,NARCISO MENDOZA-VILLA COAPA SUPER MANZANA 6 (U HAB),12-106,1049,322.19,24458.11,32486.1,7705.79
2019-02-28,2019,1,TLALPAN,NARCISO MENDOZA-VILLA COAPA SUPER MANZANA 7 (U HAB),12-107,1095,38.72,22265.1,24277.9,1974.07
2019-02-28,2019,1,TLALPAN,NIO JESUS (BARR),12-124,0,955.6500000000001,16698.29,31786.85,14132.91
2019-02-28,2019,1,TLALPAN,NUEVA ORIENTAL COAPA-EX HACIENDA COAPA,12-109,1239,411.20000000000005,20098.2,26365.35,5855.95
2019-02-28,2019,1,TLALPAN,NUEVO RENACIMIENTO DE AXALCO,12-110,218,0.0,0.0,53.1,53.1
2019-02-28,2019,1,TLALPAN,PARAJE 38,12-113,875,0.0,0.0,11.88,11.88
2019-02-28,2019,1,TLALPAN,PARQUES DEL PEDREGAL,12-114,659,0.0,11121.7,24268.649999999998,13146.98
2019-02-28,2019,1,TLALPAN,PARRES EL GUARDA (PBLO),12-115,804,0.0,0.0,5.9,5.9
2019-02-28,2019,1,TLALPAN,PEDREGAL DE LAS AGUILAS,12-116,589,553.18,2348.35,3935.9700000000003,1034.44
2019-02-28,2019,1,TLALPAN,PEDREGAL DE SN NICOLAS 1A SECC,12-117,3127,0.0,2.95,234.37,231.42000000000002
2019-02-28,2019,1,TLALPAN,PEDREGAL DE SN NICOLAS 2A SECC,12-118,2295,0.0,0.0,226.10000000000002,226.10000000000002
2019-02-28,2019,1,TLALPAN,PEDREGAL DE SN NICOLAS 3A SECC,12-119,2978,0.0,0.0,208.95000000000002,208.95000000000002
2019-02-28,2019,1,TLALPAN,PEDREGAL DE SN NICOLAS 4A SECC I,12-213,2972,0.0,0.0,15.59,15.59
2019-02-28,2019,1,TLALPAN,PEDREGAL DE SN NICOLAS 4A SECC II,12-214,2975,0.0,0.0,408.71000000000004,408.71000000000004
2019-02-28,2019,1,TLALPAN,PEDREGAL DE STA URSULA XITLA,12-121,1447,0.0,0.0,141.42000000000002,141.42000000000002
2019-02-28,2019,1,TLALPAN,PLAN DE AYALA,12-125,385,0.0,0.0,7.08,7.08
2019-02-28,2019,1,TLALPAN,POPULAR STA TERESA,12-127,2209,0.0,0.0,368.86,368.86
2019-02-28,2019,1,TLALPAN,PRADO COAPA 2A SECCION,12-130,650,463.77,6141.73,8471.29,1865.79
2019-02-28,2019,1,TLALPAN,PRADO COAPA 3A SECCION-POTRERO ACOXPA,12-131,795,1542.87,7647.75,11505.29,2314.67
2019-02-28,2019,1,TLALPAN,PUEBLO QUIETO,12-133,182,100.86,2375.37,2611.41,135.18
2019-02-28,2019,1,TLALPAN,RANCHO LOS COLORINES (FRACC),12-136,225,0.0,4560.07,10060.71,5500.639999999999
2019-02-28,2019,1,TLALPAN,REAL DEL SUR-VILLAS DEL SUR-RESIDENCIAL ACOXPA,12-137,494,65.1,2000.3899999999999,13892.1,11826.61
2019-02-28,2019,1,TLALPAN,RINCON LAS HADAS-VILLA ROYALE-FUENTES Y ARCONADA COAPA,12-142,580,115.04,745.62,892.35,31.69
2019-02-28,2019,1,TLALPAN,RINCONADA (U HAB),12-143,330,0.0,6941.47,7161.53,220.07
2019-02-28,2019,1,TLALPAN,ROMULO SANCHEZ-SAN FERNANDO (BARR)-PEA POBRE,12-146,297,378.53999999999996,1155.75,12882.75,11348.46
2019-02-28,2019,1,TLALPAN,SAN ANDRES TOTOLTEPEC (PBLO),12-147,7923,0.0,0.0,656.89,656.89
2019-02-28,2019,1,TLALPAN,SAN BARTOLO EL CHICO,12-148,445,241.88,6703.18,10840.789999999999,3895.73
2019-02-28,2019,1,TLALPAN,SAN LORENZO HUIPULCO,12-153,2278,3697.83,38649.950000000004,65820.86,23473.079999999998
2019-02-28,2019,1,TLALPAN,SAN MIGUEL  XICALCO (PBLO),12-154,3425,0.0,0.0,136.32,136.32
2019-02-28,2019,1,TLALPAN,SAN MIGUEL AJUSCO (PBLO),12-155,3866,0.0,0.0,143.43,143.43
2019-02-28,2019,1,TLALPAN,SAN MIGUEL TOPILEJO (PBLO),12-157,5430,0.0,0.0,810.03,810.03
2019-02-28,2019,1,TLALPAN,SAN PEDRO APOSTOL (BARR),12-159,145,453.17,877.49,1659.42,328.76
2019-02-28,2019,1,TLALPAN,SAN PEDRO MARTIR (PBLO),12-160,3960,28.48,16.52,2214.87,2169.87
2019-02-28,2019,1,TLALPAN,SANTA URSULA XITLA,12-161,3245,0.0,1882.91,14733.52,12850.61
2019-02-28,2019,1,TLALPAN,SANTISIMA TRINIDAD,12-162,385,0.0,0.0,0.0,0.0
2019-02-28,2019,1,TLALPAN,SANTO TOMAS AJUSCO (PBLO),12-163,4166,0.0,0.0,452.56,452.56
2019-02-28,2019,1,TLALPAN,SAUZALES CEBADALES (U HAB),12-164,768,0.0,28251.8,28799.8,548.04
2019-02-28,2019,1,TLALPAN,SECCION XVI,12-165,386,1467.91,4568.58,34275.84,28239.309999999998
2019-02-28,2019,1,TLALPAN,SN JUAN TEPEXIMILPA,12-151,705,0.0,0.0,0.48,0.48
2019-02-28,2019,1,TLALPAN,TENORIOS INFONAVIT 1 Y 2 (U HAB),12-168,588,0.0,8259.9,8497.08,237.18
2019-02-28,2019,1,TLALPAN,TEPETONGO,12-171,517,0.0,0.0,42.75,42.75
2019-02-28,2019,1,TLALPAN,TETENCO (PJE),12-172,176,0.0,0.0,1532.82,1532.82
2019-02-28,2019,1,TLALPAN,TLALCOLIGIA,12-175,2148,1218.97,7015.139999999999,11157.93,2923.82
2019-02-28,2019,1,TLALPAN,TLALMILLE,12-176,944,0.0,0.0,34.88,34.88
2019-02-28,2019,1,TLALPAN,TLALPAN CENTRO,12-177,2693,9812.34,73072.37,133003.32,50118.61
2019-02-28,2019,1,TLALPAN,TORIELLO GUERRA,12-180,2450,3716.99,42796.0,81875.8,35362.81
2019-02-28,2019,1,TLALPAN,TORRES DE PADIERNA,12-181,635,0.0,0.0,79.06,79.06
2019-02-28,2019,1,TLALPAN,TRES FUENTES (U HAB),12-182,445,0.0,10244.4,10281.0,36.58
2019-02-28,2019,1,TLALPAN,UNIDADES HABITACIONALES DE TENORIOS,12-044,477,0.0,10407.5,10424.8,17.31
2019-02-28,2019,1,TLALPAN,VALLE DE TEPEPAN,12-183,803,0.0,40.71,291.23,250.52
2019-02-28,2019,1,TLALPAN,VALLE ESCONDIDO,12-184,635,68.02,11707.029999999999,26834.550000000003,15059.5
2019-02-28,2019,1,TLALPAN,VALLE VERDE,12-185,220,0.0,0.0,0.0,0.0
2019-02-28,2019,1,TLALPAN,VERGEL DE COYOACAN-VERGEL DEL SUR,12-188,713,0.0,3477.17,27016.059999999998,23538.89
2019-02-28,2019,1,TLALPAN,VILLA COAPA (RDCIAL),12-191,701,1017.2600000000001,11101.78,14809.83,2690.79
2019-02-28,2019,1,TLALPAN,VILLA DEL PUENTE FOVISSSTE  (U HAB),12-193,217,0.0,2275.69,3170.19,894.5
2019-02-28,2019,1,TLALPAN,VILLA LAZARO CARDENAS,12-194,1255,2572.38,18958.3,24524.05,2993.37
2019-02-28,2019,1,TLALPAN,VILLA OLIMPICA LIBERADOR MIGUEL HIDALGO (U HAB),12-195,800,0.0,19149.79,30983.71,11833.96
2019-02-28,2019,1,TLALPAN,VISTAS DEL PEDREGAL,12-198,675,0.0,0.0,0.0,0.0
2019-02-28,2019,1,TLALPAN,VIVEROS DE COACTETLAN,12-199,1042,0.0,0.0,0.0,0.0
2019-02-28,2019,1,TLALPAN,XAXALIPAC,12-201,428,0.0,0.0,0.0,0.0
2019-02-28,2019,1,TLALPAN,ZAPOTE-LUIS DONALDO COLOSIO (U HABS),12-204,512,15.95,2061.64,2255.77,178.18
2019-02-28,2019,1,VENUSTIANO CARRANZA,10 DE MAYO,17-065,547,725.68,12953.73,15137.64,1458.23
2019-02-28,2019,1,VENUSTIANO CARRANZA,20 DE NOVIEMBRE,17-066,3591,6076.17,25223.01,32871.73,1572.55
2019-02-28,2019,1,VENUSTIANO CARRANZA,20 DE NOVIEMBRE (AMPL),17-067,241,557.8199999999999,3247.97,10465.49,6659.7
2019-02-28,2019,1,VENUSTIANO CARRANZA,24 DE ABRIL,17-068,66,228.62,779.5500000000001,2494.38,1486.21
2019-02-28,2019,1,VENUSTIANO CARRANZA,5TO TRAMO DE 20 DE NOVIEMBRE,17-069,2277,5463.15,21070.63,29925.47,3391.69
2019-02-28,2019,1,VENUSTIANO CARRANZA,7 DE JULIO,17-070,295,33.04,2708.7599999999998,9786.68,7044.88
2019-02-28,2019,1,VENUSTIANO CARRANZA,7 DE JULIO (AMPL),17-071,612,88.52,12919.05,14059.09,1051.49
2019-02-28,2019,1,VENUSTIANO CARRANZA,AARON SAENZ,17-001,129,314.42,1790.6100000000001,2148.1,43.07
2019-02-28,2019,1,VENUSTIANO CARRANZA,ADOLFO LOPEZ MATEOS,17-002,1852,4261.92,21897.71,29487.18,3327.5499999999997
2019-02-28,2019,1,VENUSTIANO CARRANZA,AERONAUTICA MILITAR,17-003,931,7837.15,11316.401,24972.3,5818.75
2019-02-28,2019,1,VENUSTIANO CARRANZA,ALVARO OBREGON,17-004,854,2399.11,10245.95,13154.73,509.67
2019-02-28,2019,1,VENUSTIANO CARRANZA,AMPL CARACOL,,,345.12,3834.16,5382.69,1203.4099999999999
2019-02-28,2019,1,VENUSTIANO CARRANZA,AQUILES SERDAN,17-005,2551,4758.95,24801.15,31647.48,2087.38
2019-02-28,2019,1,VENUSTIANO CARRANZA,ARTES GRAFICAS,17-006,3185,1169.1000000000001,41036.14,45174.0,2968.71
2019-02-28,2019,1,VENUSTIANO CARRANZA,AVIACION CIVIL,17-007,1871,6545.59,24392.56,33397.39,2459.2400000000002
2019-02-28,2019,1,VENUSTIANO CARRANZA,AVIACION CIVIL (AMPL),17-008,668,993.35,3584.0,4695.67,118.32
2019-02-28,2019,1,VENUSTIANO CARRANZA,AZTECA,17-009,502,433.46000000000004,3656.13,4209.15,119.56
2019-02-28,2019,1,VENUSTIANO CARRANZA,CANDELARIA DELOS PATOS (U HAB),17-011,599,2.94,2810.55,3206.7200000000003,393.23
2019-02-28,2019,1,VENUSTIANO CARRANZA,CARACOL,17-012,1519,3781.93,18191.36,23720.71,1747.42
2019-02-28,2019,1,VENUSTIANO CARRANZA,CENTRO I,17-072,2169,2722.04,35146.74,46730.71,8861.93
2019-02-28,2019,1,VENUSTIANO CARRANZA,CENTRO II,17-073,1070,9819.37,17341.52,44145.75,16984.86
2019-02-28,2019,1,VENUSTIANO CARRANZA,CUATRO ARBOLES,17-015,719,2811.7999999999997,8453.26,11954.59,689.53
2019-02-28,2019,1,VENUSTIANO CARRANZA,CUCHILLA PANTITLAN,17-016,2470,2356.79,30015.03,34569.53,2197.7000000000003
2019-02-28,2019,1,VENUSTIANO CARRANZA,DAMIAN CARMONA,17-017,851,388.23,1541.5500000000002,1931.24,1.46
2019-02-28,2019,1,VENUSTIANO CARRANZA,EL ARENAL 1A SECCION,17-018,1565,4202.17,15238.8,20003.09,562.12
2019-02-28,2019,1,VENUSTIANO CARRANZA,EL ARENAL 2A SECCION,17-019,150,455.90999999999997,971.63,1521.6499999999999,94.10999999999999
2019-02-28,2019,1,VENUSTIANO CARRANZA,EL ARENAL 3A SECCION,17-020,553,579.48,1287.29,1962.0500000000002,95.28
2019-02-28,2019,1,VENUSTIANO CARRANZA,EL ARENAL 4A SECCION,17-021,2867,2751.74,14390.94,20698.5,3555.8199999999997
2019-02-28,2019,1,VENUSTIANO CARRANZA,EL PARQUE,17-023,880,451.96,3853.83,31686.36,27380.57
2019-02-28,2019,1,VENUSTIANO CARRANZA,EMILIO CARRANZA,17-025,1368,6264.88,22703.42,36969.17,8000.87
2019-02-28,2019,1,VENUSTIANO CARRANZA,FEDERAL,17-026,3538,10789.35,41678.72,63634.13,11166.06
2019-02-28,2019,1,VENUSTIANO CARRANZA,FELIPE ANGELES,17-027,835,2995.62,5742.6,15409.83,6671.6
2019-02-28,2019,1,VENUSTIANO CARRANZA,FIVIPORT (U HAB),17-028,1670,0.0,12171.7,13113.9,942.23
2019-02-28,2019,1,VENUSTIANO CARRANZA,IGNACIO ZARAGOZA I,17-074,3492,7650.62,29345.87,44380.9,7384.41
2019-02-28,2019,1,VENUSTIANO CARRANZA,IGNACIO ZARAGOZA II,17-075,2078,6060.26,21237.67,29040.97,1743.04
2019-02-28,2019,1,VENUSTIANO CARRANZA,INDUSTRIAL PUERTO AEREO (FRACC),17-030,41,146.94,541.6099999999999,15403.52,14714.970000000001
2019-02-28,2019,1,VENUSTIANO CARRANZA,JAMAICA,17-031,1551,1662.3,29013.66,41943.82,11268.1
2019-02-28,2019,1,VENUSTIANO CARRANZA,JANITZIO,17-032,722,3445.81,8599.09,12969.57,924.67
2019-02-28,2019,1,VENUSTIANO CARRANZA,JARDIN BALBUENA I,17-076,4129,4924.62,41640.04,54927.17,8362.5
2019-02-28,2019,1,VENUSTIANO CARRANZA,JARDIN BALBUENA II,17-077,1567,1364.51,17477.28,30344.28,11502.49
2019-02-28,2019,1,VENUSTIANO CARRANZA,JARDIN BALBUENA III,17-078,4561,5159.18,43504.66,57208.22,8544.38
2019-02-28,2019,1,VENUSTIANO CARRANZA,KENNEDY (U HAB),17-034,2796,0.0,179.15,791.43,612.28
2019-02-28,2019,1,VENUSTIANO CARRANZA,LORENZO BOTURINI,17-035,2840,5042.099999999999,35910.19,51547.631,10595.27
2019-02-28,2019,1,VENUSTIANO CARRANZA,MAGDALENA  MIXHUCA,17-036,1409,4894.79,27475.32,40965.1,8594.99
2019-02-28,2019,1,VENUSTIANO CARRANZA,MAGDALENA  MIXHUCA (PBLO),17-037,1761,5663.52,22094.13,35244.51,7486.860000000001
2019-02-28,2019,1,VENUSTIANO CARRANZA,MERCED BALBUENA,17-038,1286,3013.97,26319.84,37590.58,8256.78
2019-02-28,2019,1,VENUSTIANO CARRANZA,MICHOACANA,17-039,301,593.12,1503.66,6572.9400000000005,4476.16
2019-02-28,2019,1,VENUSTIANO CARRANZA,MICHOACANA (AMPL),17-040,704,2268.55,8432.51,11449.97,748.91
2019-02-28,2019,1,VENUSTIANO CARRANZA,MIGUEL HIDALGO,17-041,95,228.92,1135.21,1473.3200000000002,109.19
2019-02-28,2019,1,VENUSTIANO CARRANZA,MOCTEZUMA 1A SECCION,17-042,3545,15128.99,45288.57,64700.67,4283.11
2019-02-28,2019,1,VENUSTIANO CARRANZA,MOCTEZUMA 2A SECCION I,17-079,4008,12257.42,68397.28,98844.55,18189.82
2019-02-28,2019,1,VENUSTIANO CARRANZA,MOCTEZUMA 2A SECCION II,17-080,3234,10847.9,47505.01,62989.81,4636.9
2019-02-28,2019,1,VENUSTIANO CARRANZA,MOCTEZUMA 2A SECCION III,17-081,3969,11385.56,48874.909999999996,65418.39,5157.92
2019-02-28,2019,1,VENUSTIANO CARRANZA,MOCTEZUMA 2A SECCION IV,17-082,3180,9941.48,36705.26,52937.2,6290.46
2019-02-28,2019,1,VENUSTIANO CARRANZA,MORELOS I,17-083,5195,6404.400000000001,105245.64,118647.09,6996.96
2019-02-28,2019,1,VENUSTIANO CARRANZA,MORELOS II,17-084,5633,5542.44,98882.32,116109.31,11684.509999999998
2019-02-28,2019,1,VENUSTIANO CARRANZA,NICOLAS BRAVO,17-045,1445,2175.08,15340.3,18098.18,582.8
2019-02-28,2019,1,VENUSTIANO CARRANZA,PENITENCIARIA (AMPL),17-046,2126,2865.89,41113.1,46574.34,2595.36
2019-02-28,2019,1,VENUSTIANO CARRANZA,PENSADOR MEXICANO I,17-085,1447,6370.62,22002.12,32486.58,4113.84
2019-02-28,2019,1,VENUSTIANO CARRANZA,PENSADOR MEXICANO II,17-086,2016,8540.76,19888.98,31516.01,3086.27
2019-02-28,2019,1,VENUSTIANO CARRANZA,PEON DE LOS BAOS,,,6367.76,20470.57,97974.7,71136.47
2019-02-28,2019,1,VENUSTIANO CARRANZA,POPULAR RASTRO,17-050,2035,1746.1599999999999,30633.25,33543.02,1163.59
2019-02-28,2019,1,VENUSTIANO CARRANZA,PRIMERO DE MAYO,17-051,716,200.82,3151.35,3894.17,542.0
2019-02-28,2019,1,VENUSTIANO CARRANZA,PROGRESISTA,17-052,178,0.0,666.4399999999999,681.79,15.35
2019-02-28,2019,1,VENUSTIANO CARRANZA,PUEBLA,17-053,1997,6239.17,20915.920000000002,31317.23,4162.14
2019-02-28,2019,1,VENUSTIANO CARRANZA,REVOLUCION,17-054,1877,3322.57,20848.53,24677.03,505.92
2019-02-28,2019,1,VENUSTIANO CARRANZA,ROMERO RUBIO,17-055,3478,11688.47,49508.6,69208.65,8011.57
2019-02-28,2019,1,VENUSTIANO CARRANZA,SANTA CRUZ AVIACION,17-056,712,882.16,12748.96,17284.7,3653.58
2019-02-28,2019,1,VENUSTIANO CARRANZA,SEVILLA,17-057,550,1243.08,7873.81,10703.47,1586.58
2019-02-28,2019,1,VENUSTIANO CARRANZA,SIMON  BOLIVAR,17-058,1838,2664.89,13963.27,25316.1,8687.94
2019-02-28,2019,1,VENUSTIANO CARRANZA,TRES MOSQUETEROS,17-059,67,0.0,296.76,384.57,87.81
2019-02-28,2019,1,VENUSTIANO CARRANZA,VALENTIN GOMEZ FARIAS,17-060,1612,5996.73,22795.49,31411.14,2618.92
2019-02-28,2019,1,VENUSTIANO CARRANZA,VALLE GOMEZ,17-061,3039,3469.35,42145.35,49728.84,4114.14
2019-02-28,2019,1,VENUSTIANO CARRANZA,VENUSTIANO CARRANZA,17-062,900,1901.28,8781.71,12146.85,1463.86
2019-02-28,2019,1,VENUSTIANO CARRANZA,VENUSTIANO CARRANZA (AMPL),17-063,550,367.5,3089.68,3484.92,27.740000000000002
2019-02-28,2019,1,VENUSTIANO CARRANZA,VIADUCTO  - BALBUENA )CONJ HAB),,,221.09,46822.2,48555.6,1512.26
2019-02-28,2019,1,XOCHIMILCO,BARRIO 18,13-003,1849,0.0,409.3,510.88,101.58
2019-02-28,2019,1,XOCHIMILCO,BELEM (BARR),13-004,386,1876.75,2702.6,4982.64,403.29
2019-02-28,2019,1,XOCHIMILCO,BOSQUE RESIDENCIAL DEL SUR (FRACC),13-005,1179,85.56,7489.2,7691.0,116.24
2019-02-28,2019,1,XOCHIMILCO,CALTONGO (BARR),13-007,2258,6.48,198.64,207.48,2.36
2019-02-28,2019,1,XOCHIMILCO,CANAL ONCE (U HAB),13-078,269,187.66,4772.139999999999,4976.61,16.81
2019-02-28,2019,1,XOCHIMILCO,CERRO GRANDE,13-008,649,256.0,1068.89,1326.47,1.58
2019-02-28,2019,1,XOCHIMILCO,CRISTO REY,13-009,574,97.32,0.0,266.06,168.74
2019-02-28,2019,1,XOCHIMILCO,EL CARMEN,13-011,1971,0.0,0.0,53.0,53.0
2019-02-28,2019,1,XOCHIMILCO,EL ROSARIO (BARR),13-012,192,2308.96,1272.01,10033.67,6452.7
2019-02-28,2019,1,XOCHIMILCO,GUADALUPE,13-013,855,27.29,390.88,485.12,66.95
2019-02-28,2019,1,XOCHIMILCO,HUICHAPAN,13-014,317,1754.53,2000.01,8073.28,4318.74
2019-02-28,2019,1,XOCHIMILCO,INFONAVIT PROLONGACION DIVISION DEL NORTE (U HAB),13-080,443,0.0,6883.05,6894.88,11.83
2019-02-28,2019,1,XOCHIMILCO,JARDINES DEL SUR,13-015,1635,369.49,12844.97,19454.989999999998,6240.530000000001
2019-02-28,2019,1,XOCHIMILCO,LA ASUNCION (BARR),13-017,1429,1434.81,5020.11,7364.05,909.13
2019-02-28,2019,1,XOCHIMILCO,LA CAADA,,,64.48,48.97,118.76,5.31
2019-02-28,2019,1,XOCHIMILCO,LA CEBADA,13-019,444,701.31,3278.7200000000003,4626.39,646.36
2019-02-28,2019,1,XOCHIMILCO,LA CONCEPCION TLACOAPA (BARR),13-020,795,316.35,3598.75,4336.889999999999,421.79
2019-02-28,2019,1,XOCHIMILCO,LA CONCHA,13-021,1092,739.56,15711.51,20056.449999999997,3605.39
2019-02-28,2019,1,XOCHIMILCO,LA GUADALUPITA (BARR),13-022,153,954.22,1957.8700000000001,3360.73,448.64
2019-02-28,2019,1,XOCHIMILCO,LA NORIA,13-081,418,149.97,10688.4,13957.18,3118.81
2019-02-28,2019,1,XOCHIMILCO,LA NORIA TEPEPAN,13-023,1112,883.82,12217.71,17118.48,4016.95
2019-02-28,2019,1,XOCHIMILCO,LORETO PEA POBRE (U HAB),13-079,348,0.0,5903.71,6048.43,144.72
2019-02-28,2019,1,XOCHIMILCO,LOS CERRILLOS II,13-026,1664,79.68,675.28,763.81,8.850000000000001
2019-02-28,2019,1,XOCHIMILCO,LOS CERRILLOS III,13-027,1561,0.0,439.03,439.03,0.0
2019-02-28,2019,1,XOCHIMILCO,NATIVITAS,13-028,574,19.47,0.0,30.07,10.6
2019-02-28,2019,1,XOCHIMILCO,NATIVITAS (U HAB),13-029,739,0.0,14839.1,15118.85,279.73
2019-02-28,2019,1,XOCHIMILCO,NATIVITAS LA JOYA (AMPL),13-030,4354,10.62,0.0,220.76000000000002,210.14000000000001
2019-02-28,2019,1,XOCHIMILCO,PASEOS DEL SUR,13-032,528,638.78,9120.63,10446.67,687.26
2019-02-28,2019,1,XOCHIMILCO,POTRERO DE SAN BERNARDINO,13-033,735,974.96,9302.05,19541.94,9264.93
2019-02-28,2019,1,XOCHIMILCO,RINCONADA DEL SUR (U HAB),13-034,577,0.0,12051.9,12063.1,11.14
2019-02-28,2019,1,XOCHIMILCO,SAN ANDRES AHUAYUCAN (PBLO),13-035,2981,773.19,2652.4,3871.92,446.33
2019-02-28,2019,1,XOCHIMILCO,SAN ANTONIO (BARR),13-036,445,1907.3000000000002,2169.62,5331.110000000001,1254.19
2019-02-28,2019,1,XOCHIMILCO,SAN BARTOLO EL CHICO,13-037,120,36.58,543.64,1958.18,1377.96
2019-02-28,2019,1,XOCHIMILCO,SAN CRISTOBAL (BARR),13-038,622,264.9,1293.02,1685.87,127.95
2019-02-28,2019,1,XOCHIMILCO,SAN DIEGO (BARR),13-039,386,486.81,2042.52,2540.01,10.68
2019-02-28,2019,1,XOCHIMILCO,SAN ESTEBAN (BARR),13-040,568,1133.39,4993.33,6283.93,157.21
2019-02-28,2019,1,XOCHIMILCO,SAN FRANCISCO TLALNEPANTLA (PBLO),13-042,1775,34.2,54.24,339.15000000000003,250.71
2019-02-28,2019,1,XOCHIMILCO,SAN GREGORIO ATLAPULCO (PBLO),13-043,7426,4651.33,12053.5,18796.38,2091.5499999999997
2019-02-28,2019,1,XOCHIMILCO,SAN JOSE LAS PERITAS,,,551.5,3655.4300000000003,4671.02,464.09
2019-02-28,2019,1,XOCHIMILCO,SAN JOSE ZACATEPEC,13-046,789,38.36,598.09,636.82,0.37
2019-02-28,2019,1,XOCHIMILCO,SAN JUAN (BARR),13-047,447,385.25,1208.34,1677.7800000000002,84.19000000000001
2019-02-28,2019,1,XOCHIMILCO,SAN JUAN TEPEPAN,13-048,1043,437.82,6598.83,8532.36,1495.71
2019-02-28,2019,1,XOCHIMILCO,SAN LORENZO,13-006,275,424.24,3481.7200000000003,7955.5,4049.54
2019-02-28,2019,1,XOCHIMILCO,SAN LORENZO (BARR),13-049,1140,275.96999999999997,2086.89,2383.0299999999997,20.169999999999998
2019-02-28,2019,1,XOCHIMILCO,SAN LORENZO ATEMOAYA (PBLO),13-050,2620,988.79,8735.109999999999,10302.04,578.14
2019-02-28,2019,1,XOCHIMILCO,SAN LORENZO LA CEBADA I,13-075,2931,1293.6100000000001,8240.87,9976.11,441.63
2019-02-28,2019,1,XOCHIMILCO,SAN LORENZO LA CEBADA II,13-076,2058,3322.87,11977.17,16279.18,979.14
2019-02-28,2019,1,XOCHIMILCO,SAN LUCAS XOCHIMANCA (PBLO),13-052,3326,1612.79,8422.630000000001,10998.5,963.08
2019-02-28,2019,1,XOCHIMILCO,SAN LUIS TLAXIALTEMALCO (PBLO),13-053,3794,1268.81,2852.92,4907.3,785.5699999999999
2019-02-28,2019,1,XOCHIMILCO,SAN MARCOS (AMPL),13-054,4508,1415.18,6222.21,24977.8,17340.399999999998
2019-02-28,2019,1,XOCHIMILCO,SAN MARCOS (BARR),13-055,996,1552.1399999999999,5179.84,10020.22,3288.2400000000002
2019-02-28,2019,1,XOCHIMILCO,SAN MATEO XALPA (PBLO),13-056,102654,2323.55,6051.25,24173.75,15798.95
2019-02-28,2019,1,XOCHIMILCO,SAN PEDRO (BARR),13-057,814,3967.67,6593.68,17142.53,6581.179999999999
2019-02-28,2019,1,XOCHIMILCO,SANTA CECILIA TEPETLAPA (PBLO),13-058,2881,904.78,4204.73,5755.5,645.9899999999999
2019-02-28,2019,1,XOCHIMILCO,SANTA CRUCITA (BARR),13-059,84,1064.74,1380.5,5128.57,2683.33
2019-02-28,2019,1,XOCHIMILCO,SANTA CRUZ ACALPIXCA (PBLO),13-060,6124,1643.94,4061.2,6898.33,1193.19
2019-02-28,2019,1,XOCHIMILCO,SANTA CRUZ CHAVARRIETA,13-061,480,166.79,1188.35,1397.8899999999999,42.75
2019-02-28,2019,1,XOCHIMILCO,SANTA CRUZ XOCHITEPEC (PBLO),13-062,3870,2474.89,17030.76,21423.31,1917.66
2019-02-28,2019,1,XOCHIMILCO,SANTA INES,13-063,375,63.0,535.13,650.0,51.870000000000005
2019-02-28,2019,1,XOCHIMILCO,SANTA MARIA NATIVITAS (PBLO),13-064,4515,1309.26,5919.15,8340.16,1111.75
2019-02-28,2019,1,XOCHIMILCO,SANTA MARIA TEPEPAN (PBLO),13-065,4561,4165.28,34606.46,54571.49,15799.75
2019-02-28,2019,1,XOCHIMILCO,SANTIAGO TEPALCATLALPAN (PBLO),13-066,4072,3905.06,13292.4,18636.08,1438.62
2019-02-28,2019,1,XOCHIMILCO,SANTIAGO TULYEHUALCO (PBLO),13-067,5978,6888.26,19644.92,31382.77,4849.59
2019-02-28,2019,1,XOCHIMILCO,TEPEPAN (AMPL),13-069,1796,1718.62,11537.39,14210.78,954.77
2019-02-28,2019,1,XOCHIMILCO,TESMIC (RDCIAL),13-070,287,52.52,2427.5699999999997,2508.4,28.310000000000002
2019-02-28,2019,1,XOCHIMILCO,TIERRA NUEVA,13-071,526,874.1,5059.54,7197.8,1264.1599999999999
2019-02-28,2019,1,XOCHIMILCO,VILLA XOCHIMILCO (U HAB),13-083,284,0.0,4091.06,4505.24,414.18
2019-02-28,2019,1,XOCHIMILCO,XALTOCAN (BARR),13-073,3000,7276.54,16712.88,39155.32,15165.839999999998
2019-04-30,2019,2,ALVARO OBREGON,19 DE MAYO,10-241,337,254.45,4915.639999999999,5179.85,9.76
2019-04-30,2019,2,ALVARO OBREGON,1RA VICTORIA,10-242,592,271.48,4114.02,4394.04,8.54
2019-04-30,2019,2,ALVARO OBREGON,1RA VICTORIA SECCION BOSQUES,10-243,631,1818.7600000000002,5162.14,7374.7300000000005,393.83
2019-04-30,2019,2,ALVARO OBREGON,2DA  JALALPA TEPITO (AMPL),10-246,1281,2419.7200000000003,6461.3,9000.7,119.68
2019-04-30,2019,2,ALVARO OBREGON,2DA EL PIRUL (AMPL),10-245,239,304.59,2249.92,2603.58,49.07
2019-04-30,2019,2,ALVARO OBREGON,ABRAHAM GONZALEZ,10-001,75,0.0,124.24,124.24,0.0
2019-04-30,2019,2,ALVARO OBREGON,ACUEDUCTO,10-002,889,319.29,2185.14,3362.4900000000002,858.06
2019-04-30,2019,2,ALVARO OBREGON,AGUILAS 3ER PARQUE,10-005,893,249.44,3598.06,4190.92,343.42
2019-04-30,2019,2,ALVARO OBREGON,AGUILAS PILARES,10-006,672,701.52,21508.05,23846.97,1637.3999999999999
2019-04-30,2019,2,ALVARO OBREGON,ALCANTARILLA,10-007,475,0.0,0.0,360.66,360.66
2019-04-30,2019,2,ALVARO OBREGON,ALFALFAR,10-008,519,495.43,5982.52,8899.03,2421.08
2019-04-30,2019,2,ALVARO OBREGON,ALFONSO XIII,10-009,3340,8403.95,47739.7,64088.18,7944.53
2019-04-30,2019,2,ALVARO OBREGON,ALPES,10-010,1590,2544.58,42763.68,61474.35,16166.09
2019-04-30,2019,2,ALVARO OBREGON,ALPES (AMPL),10-011,920,136.03,5246.35,5828.52,446.14
2019-04-30,2019,2,ALVARO OBREGON,ARBOLEDAS POLITOCO,10-015,145,37.38,473.4,586.68,75.9
2019-04-30,2019,2,ALVARO OBREGON,ARCOS DE CENTENARIO,10-016,54,96.4,491.54,614.64,26.7
2019-04-30,2019,2,ALVARO OBREGON,ARTURO MARTINEZ,10-018,441,501.95,3732.71,4312.02,77.36
2019-04-30,2019,2,ALVARO OBREGON,ARVIDE,10-019,155,0.0,509.82000000000005,5746.19,5236.37
2019-04-30,2019,2,ALVARO OBREGON,ATLAMAYA,10-021,463,42.1,22390.77,25390.61,2957.74
2019-04-30,2019,2,ALVARO OBREGON,AVE REAL,10-022,279,21.18,567.28,1025.3200000000002,436.86
2019-04-30,2019,2,ALVARO OBREGON,AXOTLA,10-024,846,3203.4700000000003,22298.59,39824.44,14322.380000000001
2019-04-30,2019,2,ALVARO OBREGON,BALCONES DE CEHUAYO,10-025,376,416.0,139.07999999999998,603.89,48.81
2019-04-30,2019,2,ALVARO OBREGON,BARRIO NORTE,10-026,3558,1510.48,14186.51,15902.83,205.83999999999997
2019-04-30,2019,2,ALVARO OBREGON,BEJERO,10-028,513,242.23,3497.11,3749.1000000000004,9.76
2019-04-30,2019,2,ALVARO OBREGON,BELEN DE LAS FLORES,10-029,633,239.47,328.58,5973.87,5405.820000000001
2019-04-30,2019,2,ALVARO OBREGON,BELEN DE LAS FLORES (U HAB),10-231,1229,0.0,42564.78,43541.08,976.3
2019-04-30,2019,2,ALVARO OBREGON,BELEN DE LAS FLORES SECCION RELLENO,10-030,193,234.24,4451.65,4705.41,19.52
2019-04-30,2019,2,ALVARO OBREGON,BELEN DE LAS FLORES_,10-249,157,0.0,0.0,11.59,11.59
2019-04-30,2019,2,ALVARO OBREGON,BELLA VISTA,10-031,2932,8527.24,44282.98,82444.67,29634.449999999997
2019-04-30,2019,2,ALVARO OBREGON,BONANZA,10-032,497,536.21,3504.63,4314.73,273.89
2019-04-30,2019,2,ALVARO OBREGON,BOSQUES DE TARANGO,10-033,1706,147.61,3239.5099999999998,7963.62,4576.5
2019-04-30,2019,2,ALVARO OBREGON,CALZADA JALALPA,10-034,1327,0.0,85.4,87.84,2.44
2019-04-30,2019,2,ALVARO OBREGON,CANUTILLO 3RA SECCION,10-038,1106,314.74,21343.07,22085.43,427.62
2019-04-30,2019,2,ALVARO OBREGON,CAROLA,10-040,129,0.0,3692.4,5225.72,1533.32
2019-04-30,2019,2,ALVARO OBREGON,CHIMALISTAC,10-042,340,1090.78,9221.32,22576.98,12264.88
2019-04-30,2019,2,ALVARO OBREGON,COLINAS DE TARANGO,10-043,194,0.0,684.3399999999999,1035.42,351.08
2019-04-30,2019,2,ALVARO OBREGON,COLINAS DEL SUR,10-044,3789,328.25,13474.87,16793.85,2990.73
2019-04-30,2019,2,ALVARO OBREGON,CORPUS CHRISTY,10-047,2402,1783.32,12354.59,15680.77,1542.8600000000001
2019-04-30,2019,2,ALVARO OBREGON,CORPUS CURISTY AMPL XOCOMECATLA,10-048,895,0.0,8997.16,9115.49,118.33
2019-04-30,2019,2,ALVARO OBREGON,COVE,10-049,1249,3678.26,22299.8,30206.55,4228.49
2019-04-30,2019,2,ALVARO OBREGON,CRISTO REY,10-050,242,1926.5,4570.51,8024.31,1527.3
2019-04-30,2019,2,ALVARO OBREGON,DESARROLLO URBANO,10-052,1383,0.0,822.26,824.21,1.95
2019-04-30,2019,2,ALVARO OBREGON,EL BOSQUE,10-056,149,158.84,1000.87,1182.48,22.770000000000003
2019-04-30,2019,2,ALVARO OBREGON,EL BOSQUE 2DA SECCION (AMPL),10-057,72,238.3,873.83,1112.13,0.0
2019-04-30,2019,2,ALVARO OBREGON,EL CAPULIN,10-059,338,106.76,1699.7,2143.18,336.72
2019-04-30,2019,2,ALVARO OBREGON,EL CAPULIN (AMPL),10-060,170,78.76,394.61,494.94,21.57
2019-04-30,2019,2,ALVARO OBREGON,EL CUERNITO,10-187,584,0.0,0.0,2627.27,2627.27
2019-04-30,2019,2,ALVARO OBREGON,EL PARAISO,10-063,1350,562.08,13833.1,16378.51,1983.33
2019-04-30,2019,2,ALVARO OBREGON,EL PIRU (FRACC),10-064,428,0.0,0.0,0.0,0.0
2019-04-30,2019,2,ALVARO OBREGON,EL PIRUL,10-065,577,762.94,4529.9,6261.29,968.4499999999999
2019-04-30,2019,2,ALVARO OBREGON,EL POCITO,10-066,265,440.68,719.82,1173.31,12.81
2019-04-30,2019,2,ALVARO OBREGON,EL RODEO,10-067,74,77.24,177.9,255.14,0.0
2019-04-30,2019,2,ALVARO OBREGON,EMANCIPACION DEL PUEBLO,10-069,235,93.93,4445.43,4639.85,100.49
2019-04-30,2019,2,ALVARO OBREGON,ESTADO DE HIDALGO,10-071,404,576.76,4391.57,31180.63,26212.3
2019-04-30,2019,2,ALVARO OBREGON,ESTADO DE HIDALGO_,10-247,612,1006.3199999999999,1636.3600000000001,3440.88,798.2
2019-04-30,2019,2,ALVARO OBREGON,FLOR DE MARIA,10-072,329,521.99,8870.73,10955.89,1563.17
2019-04-30,2019,2,ALVARO OBREGON,FLORIDA,10-073,1959,3366.32,67214.29,94771.66,24191.05
2019-04-30,2019,2,ALVARO OBREGON,FRANCISCO VILLA,10-074,699,784.92,2327.89,4795.75,1682.94
2019-04-30,2019,2,ALVARO OBREGON,GARCIMARRERO,10-076,700,212.88,984.51,1215.08,17.69
2019-04-30,2019,2,ALVARO OBREGON,GARCIMARRERO NORTE,10-077,1188,997.86,18975.29,22698.41,2725.26
2019-04-30,2019,2,ALVARO OBREGON,GARCIMARRERO REACOMODO,10-078,225,803.26,1285.23,2312.74,224.25
2019-04-30,2019,2,ALVARO OBREGON,GOLONDRINAS,10-079,980,176.9,1113.74,1688.97,398.33
2019-04-30,2019,2,ALVARO OBREGON,GOLONDRINAS 1RA SECCION,10-080,618,0.0,541.12,983.79,442.67
2019-04-30,2019,2,ALVARO OBREGON,GRAL A ROSALES,10-082,69,0.0,520.0,580.36,60.36
2019-04-30,2019,2,ALVARO OBREGON,GRAL C  A  MADRAZO,10-083,240,65.28,368.53999999999996,435.89,2.07
2019-04-30,2019,2,ALVARO OBREGON,GUADALUPE INN,10-084,1687,5732.01,48276.05,116621.94,62613.88
2019-04-30,2019,2,ALVARO OBREGON,HACIENDA DE GUADALUPE CHIMALISTAC,10-004,448,135.53,14386.85,26991.22,12468.84
2019-04-30,2019,2,ALVARO OBREGON,HERON PROAL,10-085,807,352.96,3186.77,3797.15,257.42
2019-04-30,2019,2,ALVARO OBREGON,HOGAR Y REDENCION,10-086,829,1119.08,4486.87,5752.65,146.70000000000002
2019-04-30,2019,2,ALVARO OBREGON,JALALPA,10-088,1511,0.0,0.0,551.44,551.44
2019-04-30,2019,2,ALVARO OBREGON,JALALPA (AMPL),10-014,445,160.07,1285.42,1670.81,225.32
2019-04-30,2019,2,ALVARO OBREGON,JALALPA EL GRANDE,10-089,2783,611.75,6522.46,11092.31,3958.1000000000004
2019-04-30,2019,2,ALVARO OBREGON,JALALPA TEPITO,10-090,998,1716.19,10134.41,11979.46,128.85999999999999
2019-04-30,2019,2,ALVARO OBREGON,JARDINES DEL PEDREGAL,10-091,4191,1326.22,184799.56,222674.35,36548.57
2019-04-30,2019,2,ALVARO OBREGON,JOSE MARIA PINO SUAREZ,10-092,1780,3026.75,16853.0,22722.65,2842.9
2019-04-30,2019,2,ALVARO OBREGON,JURISTAS,10-093,206,143.52,1816.26,2042.38,82.60000000000001
2019-04-30,2019,2,ALVARO OBREGON,LA ANGOSTURA,10-094,394,273.27,1141.16,2403.85,989.42
2019-04-30,2019,2,ALVARO OBREGON,LA CAADA,10-096,968,0.0,0.0,135.42,135.42
2019-04-30,2019,2,ALVARO OBREGON,LA CASCADA,10-097,578,189.9,7214.44,7447.040000000001,42.7
2019-04-30,2019,2,ALVARO OBREGON,LA CEBADA (AMPL),10-098,326,0.0,986.09,987.92,1.83
2019-04-30,2019,2,ALVARO OBREGON,LA CONCHITA,10-100,921,799.94,3082.1400000000003,4456.23,574.15
2019-04-30,2019,2,ALVARO OBREGON,LA HERRADURA,10-101,157,326.36,943.21,1320.81,51.24
2019-04-30,2019,2,ALVARO OBREGON,LA JOYA,10-103,584,61.92,500.3,1258.85,696.63
2019-04-30,2019,2,ALVARO OBREGON,LA LOMA,10-104,1611,0.0,30865.01,31724.07,859.06
2019-04-30,2019,2,ALVARO OBREGON,LA MARTINICA,10-105,716,0.0,1981.0,2702.63,721.63
2019-04-30,2019,2,ALVARO OBREGON,LA MEXICANA,10-106,1865,1105.68,3843.1499999999996,5255.2300000000005,306.4
2019-04-30,2019,2,ALVARO OBREGON,LA MEXICANA (AMPL),10-013,467,474.96,3765.6800000000003,4709.46,468.82
2019-04-30,2019,2,ALVARO OBREGON,LA OTRA BANDA,10-108,284,2917.5299999999997,9235.7,16819.29,4666.06
2019-04-30,2019,2,ALVARO OBREGON,LA PALMITA,10-109,386,70.74,1752.15,1885.1100000000001,62.22
2019-04-30,2019,2,ALVARO OBREGON,LA PRESA,10-111,278,401.2,1353.03,1785.95,31.72
2019-04-30,2019,2,ALVARO OBREGON,LAS AGUILAS,10-114,2252,1076.34,56321.75,64917.51,7519.419999999999
2019-04-30,2019,2,ALVARO OBREGON,LAS AGUILAS (AMPL),10-115,2633,5494.37,32972.73,43827.85,5360.75
2019-04-30,2019,2,ALVARO OBREGON,LAS CUEVITAS,10-118,1116,598.92,2587.76,8494.27,5307.59
2019-04-30,2019,2,ALVARO OBREGON,LAS PALMAS,10-119,494,370.2,4328.68,5196.34,497.46
2019-04-30,2019,2,ALVARO OBREGON,LIBERALES DE 1857,10-121,1359,337.96000000000004,5941.67,6559.66,280.03
2019-04-30,2019,2,ALVARO OBREGON,LLANO REDONDO,10-122,296,0.0,719.9399999999999,738.85,18.91
2019-04-30,2019,2,ALVARO OBREGON,LOMAS DE AXOMIATLA,10-123,510,164.1,6989.450000000001,9518.62,2365.0699999999997
2019-04-30,2019,2,ALVARO OBREGON,LOMAS DE BECERRA,10-124,2311,0.0,355.09000000000003,356.92,1.83
2019-04-30,2019,2,ALVARO OBREGON,LOMAS DE BECERRA (U HAB),10-125,672,0.0,17720.4,19013.69,1293.29
2019-04-30,2019,2,ALVARO OBREGON,LOMAS DE BECERRA ARVIDE (U HAB),10-126,870,0.0,16113.3,16554.75,441.45
2019-04-30,2019,2,ALVARO OBREGON,LOMAS DE CAPULA,10-127,1351,302.89,1725.51,2214.69,186.29
2019-04-30,2019,2,ALVARO OBREGON,LOMAS DE CHAMONTOYA,10-130,1747,0.6,560.01,982.73,422.12
2019-04-30,2019,2,ALVARO OBREGON,LOMAS DE GUADALUPE,10-131,390,15.86,15110.94,16171.36,1044.56
2019-04-30,2019,2,ALVARO OBREGON,LOMAS DE LA ERA,10-132,3774,59.16,195.20000000000002,771.8,517.4399999999999
2019-04-30,2019,2,ALVARO OBREGON,LOMAS DE LAS AGUILAS,10-133,914,0.0,3285.84,3520.97,235.13
2019-04-30,2019,2,ALVARO OBREGON,LOMAS DE LOS ANGELES TETELPAN,10-134,1181,1086.3799999999999,7111.98,8317.22,118.86
2019-04-30,2019,2,ALVARO OBREGON,LOMAS DE LOS CEDROS,10-135,1345,0.0,0.0,0.0,0.0
2019-04-30,2019,2,ALVARO OBREGON,LOMAS DE NUEVO MEXICO,10-136,418,420.94,992.16,1608.55,195.45
2019-04-30,2019,2,ALVARO OBREGON,LOMAS DE PLATEROS (U HAB) I,10-250,3313,0.0,74829.67000000001,77754.67,2925.0
2019-04-30,2019,2,ALVARO OBREGON,LOMAS DE PLATEROS (U HAB) II,10-251,2484,0.0,59476.28,66620.97,7144.69
2019-04-30,2019,2,ALVARO OBREGON,LOMAS DE PUERTA GRANDE,10-138,952,397.14,2215.3399999999997,3195.39,582.9100000000001
2019-04-30,2019,2,ALVARO OBREGON,LOMAS DE SAN ANGEL INN,10-139,908,78.7,15849.560000000001,30746.34,14818.080000000002
2019-04-30,2019,2,ALVARO OBREGON,LOMAS DE SANTA FE,10-140,85,0.0,2232.44,2494.13,261.69
2019-04-30,2019,2,ALVARO OBREGON,LOMAS DE SANTA FE II,10-248,1122,0.0,28517.29,174536.57,146019.28
2019-04-30,2019,2,ALVARO OBREGON,LOMAS DE SANTO DOMINGO,10-141,187,0.0,932.8,938.89,6.09
2019-04-30,2019,2,ALVARO OBREGON,LOMAS DE SANTO DOMINGO (AMPL),10-142,284,98.36,1914.92,2609.25,595.97
2019-04-30,2019,2,ALVARO OBREGON,LOMAS DE TARANGO,10-143,944,28.74,7752.92,11749.06,3967.4
2019-04-30,2019,2,ALVARO OBREGON,LOMAS DE TETELPAN,10-144,1552,72.06,7702.31,7974.27,199.9
2019-04-30,2019,2,ALVARO OBREGON,LORETO,10-145,286,0.0,335.41,351.88,16.47
2019-04-30,2019,2,ALVARO OBREGON,MARGARITA M DE JUAREZ,10-148,240,866.57,1735.67,3308.02,705.78
2019-04-30,2019,2,ALVARO OBREGON,MARIA G DE GARCIA RUIZ,10-149,739,1193.41,7945.37,9553.85,415.07
2019-04-30,2019,2,ALVARO OBREGON,MARTIRES DE TACUBAYA,10-150,195,989.19,2856.95,4096.860000000001,250.72
2019-04-30,2019,2,ALVARO OBREGON,MERCED GOMEZ,10-151,2239,10650.39,50918.67,73201.56,11632.5
2019-04-30,2019,2,ALVARO OBREGON,METROPOLITANO (U HAB),10-152,611,0.0,8135.51,8640.59,505.08
2019-04-30,2019,2,ALVARO OBREGON,MIGUEL GAONA ARMENTA,10-153,534,0.0,0.0,0.0,0.0
2019-04-30,2019,2,ALVARO OBREGON,MIGUEL HIDALGO,10-154,614,178.75,5045.84,5928.5,703.9100000000001
2019-04-30,2019,2,ALVARO OBREGON,MINAS DE CRISTO,10-156,861,844.25,6710.97,12333.08,4777.860000000001
2019-04-30,2019,2,ALVARO OBREGON,MOLINO DE ROSAS,10-157,2186,3728.07,24884.45,34788.37,6175.85
2019-04-30,2019,2,ALVARO OBREGON,MOLINO DE ROSAS (AMPL),10-158,320,274.7,2615.5699999999997,3127.24,236.97
2019-04-30,2019,2,ALVARO OBREGON,MOLINO DE SANTO DOMINGO,10-159,1420,2510.71,14448.58,18443.43,1484.1399999999999
2019-04-30,2019,2,ALVARO OBREGON,MOLINO DE SANTO DOMINGO (U HAB),10-160,426,25.62,909.84,1036.84,101.38
2019-04-30,2019,2,ALVARO OBREGON,OCHO DE AGOSTO,10-161,619,0.0,2357.61,8987.25,6629.64
2019-04-30,2019,2,ALVARO OBREGON,OCOTILLOS,10-162,164,0.0,2074.5,2081.82,7.32
2019-04-30,2019,2,ALVARO OBREGON,OLIVAR DE LOS PADRES,10-163,4952,6070.8,98254.11,133810.09,29485.18
2019-04-30,2019,2,ALVARO OBREGON,OLIVAR DEL CONDE 1RA SECCION I,10-252,1999,3453.73,12701.380000000001,16781.39,626.28
2019-04-30,2019,2,ALVARO OBREGON,OLIVAR DEL CONDE 1RA SECCION II,10-253,2100,2215.91,11837.619999999999,14727.97,674.44
2019-04-30,2019,2,ALVARO OBREGON,OLIVAR DEL CONDE 2DA SECCION I,10-254,2287,4808.55,17310.64,25546.37,3427.1800000000003
2019-04-30,2019,2,ALVARO OBREGON,OLIVAR DEL CONDE 2DA SECCION II,10-255,2197,2273.89,15540.19,19111.49,1297.41
2019-04-30,2019,2,ALVARO OBREGON,PALMAS,10-166,889,132.67000000000002,3760.84,3954.3500000000004,60.839999999999996
2019-04-30,2019,2,ALVARO OBREGON,PASEO DE LAS LOMAS-SAN GABRIEL,10-170,1248,0.0,23110.64,27556.010000000002,4445.37
2019-04-30,2019,2,ALVARO OBREGON,PILOTO (ADOLFO LOPEZ MATEOS),10-171,1464,2917.23,8769.02,13396.28,1710.03
2019-04-30,2019,2,ALVARO OBREGON,PILOTO (ADOLFO LOPEZ MATEOS) (AMPL),10-172,2510,1611.84,7675.5199999999995,10164.91,877.55
2019-04-30,2019,2,ALVARO OBREGON,POLVORA,10-174,473,294.25,3843.49,7593.38,3455.64
2019-04-30,2019,2,ALVARO OBREGON,PRADOS LA PROVIDENCIA,10-176,531,278.97,725.63,1239.69,235.09
2019-04-30,2019,2,ALVARO OBREGON,PRESIDENTES,10-177,1522,2367.63,10647.06,13913.64,898.9499999999999
2019-04-30,2019,2,ALVARO OBREGON,PRESIDENTES 1RA (AMPL),10-178,789,374.59999999999997,3181.7599999999998,3919.33,362.96999999999997
2019-04-30,2019,2,ALVARO OBREGON,PRESIDENTES 2DA (AMPL),10-179,1412,389.64,1034.5500000000002,1424.19,0.0
2019-04-30,2019,2,ALVARO OBREGON,PRIVADA CENTENARIO,10-180,348,96.38,824.45,1106.88,186.05
2019-04-30,2019,2,ALVARO OBREGON,PROF JOSE ARTURO LOPEZ,10-181,643,113.46,467.46,637.05,56.13
2019-04-30,2019,2,ALVARO OBREGON,PROGRESO TIZAPAN,10-182,2846,15630.98,55829.63,79032.69,7572.08
2019-04-30,2019,2,ALVARO OBREGON,PUEBLO NUEVO,10-183,87,497.28,2144.38,2656.91,15.25
2019-04-30,2019,2,ALVARO OBREGON,PUENTE COLORADO,10-184,787,1435.54,3544.3900000000003,6963.59,1983.6599999999999
2019-04-30,2019,2,ALVARO OBREGON,PUENTE COLORADO (AMPL),10-185,829,983.88,4474.66,5509.78,51.239999999999995
2019-04-30,2019,2,ALVARO OBREGON,PUNTA DE CEHUAYO,10-186,621,0.0,311.0,359.96,48.96
2019-04-30,2019,2,ALVARO OBREGON,REACOMODO EL CUERNITO,10-187,584,681.23,13298.67,16680.11,2700.21
2019-04-30,2019,2,ALVARO OBREGON,REACOMODO PINO SUAREZ,10-188,163,100.04,613.36,720.11,6.71
2019-04-30,2019,2,ALVARO OBREGON,REAL DEL MONTE,10-189,320,0.0,0.0,4597.57,4597.57
2019-04-30,2019,2,ALVARO OBREGON,SAN ANGEL,10-192,706,5775.389999999999,42299.979999999996,113588.83,65513.46
2019-04-30,2019,2,ALVARO OBREGON,SAN ANGEL INN,10-193,548,22.58,23949.46,36350.11,12378.07
2019-04-30,2019,2,ALVARO OBREGON,SAN BARTOLO AMEYALCO (PBLO),10-194,6579,0.0,0.0,947.13,947.13
2019-04-30,2019,2,ALVARO OBREGON,SAN CLEMENTE,10-195,2815,357.63,18169.53,20203.89,1676.73
2019-04-30,2019,2,ALVARO OBREGON,SAN PEDRO DE LOS PINOS,10-197,31,73.2,5432.4400000000005,22963.170000000002,17457.53
2019-04-30,2019,2,ALVARO OBREGON,SANTA FE,10-198,2168,3356.77,14608.78,28869.04,10903.49
2019-04-30,2019,2,ALVARO OBREGON,SANTA FE (U HAB),10-199,2004,0.0,6875.93,9545.82,2669.89
2019-04-30,2019,2,ALVARO OBREGON,SANTA FE KM 8.5,10-256,102,243.99,280.96000000000004,839.7,314.75
2019-04-30,2019,2,ALVARO OBREGON,SANTA LUCIA,10-200,1907,1012.0,7850.76,9363.93,501.17
2019-04-30,2019,2,ALVARO OBREGON,SANTA MARIA NONOALCO,10-203,1481,1264.3400000000001,34546.35,37301.770000000004,1491.08
2019-04-30,2019,2,ALVARO OBREGON,SANTA ROSA XOCHIAC (PBLO),10-204,4476,0.0,0.0,33.8,33.8
2019-04-30,2019,2,ALVARO OBREGON,TARANGO (U HAB),10-206,641,0.0,13524.53,22780.06,9255.53
2019-04-30,2019,2,ALVARO OBREGON,TECOLALCO,10-208,302,0.0,116.67,116.67,0.0
2019-04-30,2019,2,ALVARO OBREGON,TEPEACA,10-210,357,56.13,135.66,194.22,2.43
2019-04-30,2019,2,ALVARO OBREGON,TEPEACA (AMPL),10-211,326,0.0,441.22,452.81,11.59
2019-04-30,2019,2,ALVARO OBREGON,TEPOPOTLA,10-212,133,0.0,1320.8899999999999,1322.7199999999998,1.83
2019-04-30,2019,2,ALVARO OBREGON,TETELPAN,10-213,2229,638.8199999999999,12198.9,13352.89,515.17
2019-04-30,2019,2,ALVARO OBREGON,TETELPAN (PBLO),10-214,1297,405.08,15097.05,17509.38,2007.25
2019-04-30,2019,2,ALVARO OBREGON,TIZAMPAMPANO,10-216,103,36.0,6380.400000000001,6513.07,96.67
2019-04-30,2019,2,ALVARO OBREGON,TIZAPAN_TIZAPAN SAN ANGEL,10-217,3230,4207.38,74368.59,132290.99,53715.02
2019-04-30,2019,2,ALVARO OBREGON,TLACOPAC,10-218,798,3124.1400000000003,35115.68,50985.31,12745.49
2019-04-30,2019,2,ALVARO OBREGON,TLACUITLAPA,10-222,647,130.54000000000002,1149.28,1373.15,93.33
2019-04-30,2019,2,ALVARO OBREGON,TLACUITLAPA 2DO REACOMODO (AMPL),10-223,998,146.57,2500.6200000000003,2785.66,138.47
2019-04-30,2019,2,ALVARO OBREGON,TLAPECHICO,10-224,784,382.79,2113.67,2789.03,292.57
2019-04-30,2019,2,ALVARO OBREGON,TOLTECA,10-226,417,356.24,1806.9199999999998,10622.63,8459.47
2019-04-30,2019,2,ALVARO OBREGON,TORRES DE MIXCOAC (U HAB),10-227,650,0.0,16010.67,16278.46,267.79
2019-04-30,2019,2,ALVARO OBREGON,TORRES DE POTRERO,10-228,3490,730.12,2021.5500000000002,3959.64,1207.97
2019-04-30,2019,2,ALVARO OBREGON,TORRES SAN ANTONIO (U HAB),10-229,3304,0.0,83309.94,85225.96,1916.02
2019-04-30,2019,2,ALVARO OBREGON,TORRES SAN PEDRO (U HAB),10-230,1270,0.0,66897.29,70192.55,3295.26
2019-04-30,2019,2,ALVARO OBREGON,UNION POPULAR EMILIANO ZAPATA (U HAB),10-234,757,0.0,21539.76,22347.37,807.61
2019-04-30,2019,2,ALVARO OBREGON,VALENTIN GOMEZ FARIAS,10-235,373,158.2,444.28,827.16,224.67999999999998
2019-04-30,2019,2,ALVARO OBREGON,VILLA PROGRESISTA,10-236,608,1067.6100000000001,7212.280000000001,8383.59,103.7
2019-04-30,2019,2,ALVARO OBREGON,VILLA VERDUN,10-238,1134,0.0,10925.33,11426.98,501.65
2019-04-30,2019,2,ALVARO OBREGON,ZENON DELGADO,10-239,529,368.53000000000003,2524.02,2978.56,86.01
2019-04-30,2019,2,ALVARO OBREGON,ZOTOLTITLA,10-240,180,0.0,222.04,222.04,0.0
2019-04-30,2019,2,AZCAPOTZALCO,AGUILERA,02-001,608,4855.46,7695.83,13115.45,564.16
2019-04-30,2019,2,AZCAPOTZALCO,ALDANA,02-002,1114,2873.84,13134.98,16900.26,891.44
2019-04-30,2019,2,AZCAPOTZALCO,AMPLIACION PETROLERA,02-059,964,1224.76,11908.029999999999,14552.51,1419.72
2019-04-30,2019,2,AZCAPOTZALCO,ANGEL ZIMBRON,02-005,823,4948.91,16582.88,25916.81,4385.0199999999995
2019-04-30,2019,2,AZCAPOTZALCO,ARENAL,02-006,1351,3548.57,20240.82,31002.92,7213.53
2019-04-30,2019,2,AZCAPOTZALCO,CENTRO DE AZCAPOTZALCO,02-007,1143,9317.67,14778.6,43830.47,19734.2
2019-04-30,2019,2,AZCAPOTZALCO,CLAVERIA,02-008,3264,13496.76,59744.71,91362.15,18120.68
2019-04-30,2019,2,AZCAPOTZALCO,COLTONGO,02-009,991,2061.67,9209.189999999999,22642.15,11371.289999999999
2019-04-30,2019,2,AZCAPOTZALCO,COSMOPOLITA,02-010,747,1718.8,6942.97,8907.86,246.09
2019-04-30,2019,2,AZCAPOTZALCO,COSMOPOLITA (AMPL),02-011,303,106.0,1353.1100000000001,1791.1100000000001,332.0
2019-04-30,2019,2,AZCAPOTZALCO,CUITLHUAC 1 Y 2 (U HAB),02-013,779,0.0,19170.39,20557.22,1386.83
2019-04-30,2019,2,AZCAPOTZALCO,CUITLHUAC 3 Y 4 (U HAB),02-014,1529,95.21,36117.18,41157.77,4945.38
2019-04-30,2019,2,AZCAPOTZALCO,DEL GAS,02-015,2540,2859.44,32029.230000000003,37935.84,3047.17
2019-04-30,2019,2,AZCAPOTZALCO,DEL GAS (AMPL),02-016,2330,1223.6599999999999,25392.489999999998,32382.81,5766.66
2019-04-30,2019,2,AZCAPOTZALCO,DEL MAESTRO,02-017,213,1212.03,3727.12,5341.700000000001,402.55
2019-04-30,2019,2,AZCAPOTZALCO,DEL RECREO,02-018,3210,5882.34,49451.41,60148.68,4814.93
2019-04-30,2019,2,AZCAPOTZALCO,DEMET (U HAB),02-019,1463,466.67,22472.85,23257.04,317.52
2019-04-30,2019,2,AZCAPOTZALCO,EL JAGUEY-ESTACION PANTACO,02-021,561,0.0,21717.9,31381.47,9663.57
2019-04-30,2019,2,AZCAPOTZALCO,EL ROSARIO A (U HAB),02-023,1677,68.34,102668.68,109006.31999999999,6269.3
2019-04-30,2019,2,AZCAPOTZALCO,EL ROSARIO B (U HAB),02-024,3109,0.0,64441.51,79500.87,15059.36
2019-04-30,2019,2,AZCAPOTZALCO,EL ROSARIO C (U HAB),02-025,2656,0.0,0.0,1940.95,1940.95
2019-04-30,2019,2,AZCAPOTZALCO,EUZKADI,02-026,1194,3183.74,15499.59,19743.37,1060.04
2019-04-30,2019,2,AZCAPOTZALCO,EX-HACIENDA EL ROSARIO,02-027,635,801.83,10255.32,13123.75,2066.6
2019-04-30,2019,2,AZCAPOTZALCO,FERRERIA,02-028,1054,1435.28,6471.78,8754.96,847.9
2019-04-30,2019,2,AZCAPOTZALCO,FRANCISCO VILLA (U HAB),02-030,1102,559.54,12418.57,17836.9,4858.79
2019-04-30,2019,2,AZCAPOTZALCO,FUENTES DE AZCAPOTZALCO-PARQUES DE AZCAPOTZALCO (U HAB),02-031,574,113.23,11682.31,13726.79,1931.25
2019-04-30,2019,2,AZCAPOTZALCO,HOGAR Y SEGURIDAD/NUEVA SANTA MARIA,02-032,1108,2913.94,19916.11,24888.63,2058.58
2019-04-30,2019,2,AZCAPOTZALCO,HOGARES FERROCARRILEROS (U HAB),02-033,452,0.0,10460.2,10736.53,276.33
2019-04-30,2019,2,AZCAPOTZALCO,HUAUTLA DE LAS SALINAS (BARR),02-034,49,465.86,600.13,1957.14,891.15
2019-04-30,2019,2,AZCAPOTZALCO,IGNACIO ALLENDE,02-035,453,1540.81,4212.64,9148.18,3394.73
2019-04-30,2019,2,AZCAPOTZALCO,INDUSTRIAL VALLEJO (U HAB),02-036,109,665.4300000000001,4862.53,141761.15,136233.19
2019-04-30,2019,2,AZCAPOTZALCO,JARDIN AZPEITIA,02-038,737,2458.19,15396.16,20716.71,2862.36
2019-04-30,2019,2,AZCAPOTZALCO,LA PRECIOSA,02-040,1072,3434.15,18342.94,23177.55,1400.46
2019-04-30,2019,2,AZCAPOTZALCO,LA RAZA,02-041,716,4533.04,9826.67,70201.72,55842.009999999995
2019-04-30,2019,2,AZCAPOTZALCO,LAS SALINAS,02-042,253,1416.9,2028.28,28358.030000000002,24912.850000000002
2019-04-30,2019,2,AZCAPOTZALCO,LIBERACION,02-043,786,2451.4,8396.86,11757.76,909.5
2019-04-30,2019,2,AZCAPOTZALCO,LIBERTAD,02-044,478,679.77,9801.21,11536.38,1055.4
2019-04-30,2019,2,AZCAPOTZALCO,LOS REYES (BARR),02-045,1161,3470.41,19317.11,23697.11,909.59
2019-04-30,2019,2,AZCAPOTZALCO,MIGUEL HIDALGO (U HAB),02-047,765,0.0,4089.5999999999995,4142.74,53.14
2019-04-30,2019,2,AZCAPOTZALCO,MONTE ALTO,02-048,291,859.79,2331.12,3543.5099999999998,352.59999999999997
2019-04-30,2019,2,AZCAPOTZALCO,NEXTENGO (BARR),02-049,725,1716.05,15337.66,19794.66,2740.95
2019-04-30,2019,2,AZCAPOTZALCO,NUEVA EL ROSARIO,02-050,66,219.82,1212.87,13713.5,12280.810000000001
2019-04-30,2019,2,AZCAPOTZALCO,NUEVA ESPAA,02-051,529,529.6800000000001,5816.25,6406.3,60.370000000000005
2019-04-30,2019,2,AZCAPOTZALCO,NUEVA SANTA MARIA,02-052,3300,14141.8,59355.33,86663.17,13166.04
2019-04-30,2019,2,AZCAPOTZALCO,NUEVO SAN RAFAEL (BARR),02-053,645,468.26,2333.07,2863.77,62.440000000000005
2019-04-30,2019,2,AZCAPOTZALCO,OBRERO POPULAR,02-054,1707,9382.61,37531.090000000004,54397.04,7483.339999999999
2019-04-30,2019,2,AZCAPOTZALCO,PANTACO (U HAB),02-055,336,0.0,5253.38,5907.33,653.95
2019-04-30,2019,2,AZCAPOTZALCO,PASTEROS,02-056,2284,6763.41,26656.43,35460.4,2040.56
2019-04-30,2019,2,AZCAPOTZALCO,PATRIMONIO FAMILIAR,02-057,270,200.95999999999998,1681.94,2001.6799999999998,118.78
2019-04-30,2019,2,AZCAPOTZALCO,PEMEX PRADOS DEL ROSARIO (U HAB),02-058,1008,0.0,4241.65,4278.86,37.21
2019-04-30,2019,2,AZCAPOTZALCO,PETROLERA,02-059,964,1864.99,15051.029999999999,18615.91,1699.8899999999999
2019-04-30,2019,2,AZCAPOTZALCO,PLENITUD,02-060,1179,1584.04,10478.6,17249.79,5187.150000000001
2019-04-30,2019,2,AZCAPOTZALCO,PORVENIR,02-061,887,3381.78,14680.460000000001,18445.65,383.41
2019-04-30,2019,2,AZCAPOTZALCO,POTRERO DEL LLANO,02-062,313,448.79,2066.24,3913.2999999999997,1398.27
2019-04-30,2019,2,AZCAPOTZALCO,PRADOS DEL ROSARIO,02-063,651,1251.8799999999999,7501.22,9683.53,930.4300000000001
2019-04-30,2019,2,AZCAPOTZALCO,PRESIDENTE MADERO (U HAB),02-064,1390,0.0,33948.22,34183.93,235.71
2019-04-30,2019,2,AZCAPOTZALCO,PRO HOGAR I,02-113,1678,10717.24,27619.37,45021.6,6684.99
2019-04-30,2019,2,AZCAPOTZALCO,PRO HOGAR II,02-114,2206,11697.33,28696.96,42816.5,2422.21
2019-04-30,2019,2,AZCAPOTZALCO,PROVIDENCIA,02-066,2311,8749.62,19007.08,34087.78,6331.08
2019-04-30,2019,2,AZCAPOTZALCO,REYNOSA TAMAULIPAS,02-067,2131,4893.41,21360.15,27132.63,879.07
2019-04-30,2019,2,AZCAPOTZALCO,SAN  MIGUEL AMANTLA (PBLO),02-069,2139,5092.27,21152.3,30485.05,4240.48
2019-04-30,2019,2,AZCAPOTZALCO,SAN ALVARO,02-070,2546,8441.29,39079.46,49229.14,1708.39
2019-04-30,2019,2,AZCAPOTZALCO,SAN ANDRES (BARR),02-071,1932,3279.23,24277.08,34242.619999999995,6686.3099999999995
2019-04-30,2019,2,AZCAPOTZALCO,SAN ANDRES (PBLO),02-072,1742,3836.12,19955.14,25632.170000000002,1840.91
2019-04-30,2019,2,AZCAPOTZALCO,SAN ANDRES DE LAS SALINAS (PBLO),02-073,71,392.82,947.24,2107.34,767.28
2019-04-30,2019,2,AZCAPOTZALCO,SAN ANTONIO (FRACC),02-074,1183,1522.88,8946.31,17177.1,6707.91
2019-04-30,2019,2,AZCAPOTZALCO,SAN BARTOLO CAHUALTONGO (PBLO),02-075,919,1213.53,16649.010000000002,18671.63,809.09
2019-04-30,2019,2,AZCAPOTZALCO,SAN BERNABE (BARR),02-076,198,950.4499999999999,4594.0,8763.06,3218.6099999999997
2019-04-30,2019,2,AZCAPOTZALCO,SAN FRANCISCO TETECALA (PBLO),02-077,1202,1896.57,17382.06,23308.45,4029.82
2019-04-30,2019,2,AZCAPOTZALCO,SAN FRANCISCO XOCOTITLA,02-078,572,691.8499999999999,4584.63,9741.5,4465.02
2019-04-30,2019,2,AZCAPOTZALCO,SAN JUAN TLIHUACA (PBLO),02-079,3442,5003.91,44610.479999999996,54376.14,4761.75
2019-04-30,2019,2,AZCAPOTZALCO,SAN MARCOS (BARR),02-080,1129,2529.8,16007.43,19797.83,1260.6000000000001
2019-04-30,2019,2,AZCAPOTZALCO,SAN MARTIN XOCHINAHUAC (PBLO),02-081,2932,5178.77,36255.91,63630.299999999996,22195.62
2019-04-30,2019,2,AZCAPOTZALCO,SAN MATEO,02-082,1054,2036.62,12825.71,15762.57,900.24
2019-04-30,2019,2,AZCAPOTZALCO,SAN PABLO 396-CONJ HAB SAN PABLO (U HAB),02-083,979,97.94,31815.89,31929.41,15.58
2019-04-30,2019,2,AZCAPOTZALCO,SAN PABLO XALPA (U HAB),02-084,1309,0.0,33547.1,34199.47,652.37
2019-04-30,2019,2,AZCAPOTZALCO,SAN PEDRO XALPA (AMPL) I,02-111,3298,13548.529999999999,25837.73,41193.25,1806.99
2019-04-30,2019,2,AZCAPOTZALCO,SAN PEDRO XALPA (AMPL) II,02-112,2516,10220.54,21188.77,32194.72,785.41
2019-04-30,2019,2,AZCAPOTZALCO,SAN PEDRO XALPA (PBLO),02-085,3470,2893.93,66705.79000000001,73349.91,3750.19
2019-04-30,2019,2,AZCAPOTZALCO,SAN RAFAEL,02-086,726,1698.95,5354.49,7709.530000000001,656.09
2019-04-30,2019,2,AZCAPOTZALCO,SAN SALVADOR XOCHIMANCA,02-087,285,1080.98,3073.0,13789.3,9635.32
2019-04-30,2019,2,AZCAPOTZALCO,SAN SEBASTIAN,02-088,1480,789.6800000000001,22680.51,25727.73,2257.54
2019-04-30,2019,2,AZCAPOTZALCO,SANTA APOLONIA (BARR),02-089,1311,3696.78,13448.53,17638.75,493.44
2019-04-30,2019,2,AZCAPOTZALCO,SANTA BARBARA (PBLO),02-090,1893,4507.2,22067.43,48280.75,21706.12
2019-04-30,2019,2,AZCAPOTZALCO,SANTA CATARINA (PBLO),02-091,1325,2699.33,18767.18,24307.07,2840.56
2019-04-30,2019,2,AZCAPOTZALCO,SANTA CRUZ ACAYUCAN (PBLO),02-092,507,1619.74,5026.71,7774.95,1128.5
2019-04-30,2019,2,AZCAPOTZALCO,SANTA CRUZ DE LAS SALINAS,02-093,93,396.13,1020.35,3896.32,2479.84
2019-04-30,2019,2,AZCAPOTZALCO,SANTA INES,02-094,1124,1191.92,15104.25,18429.98,2133.81
2019-04-30,2019,2,AZCAPOTZALCO,SANTA LUCIA (BARR),02-095,767,1187.13,9870.82,27506.23,16448.28
2019-04-30,2019,2,AZCAPOTZALCO,SANTA MARIA MALINALCO (PBLO),02-096,2205,5838.39,29992.32,37197.65,1366.94
2019-04-30,2019,2,AZCAPOTZALCO,SANTIAGO AHUIZOTLA (PBLO),02-097,3383,6578.7,36171.94,48832.64,6082.000000000001
2019-04-30,2019,2,AZCAPOTZALCO,SANTO DOMINGO (PBLO),02-098,1586,7736.610000000001,32631.829999999998,43325.98,2957.54
2019-04-30,2019,2,AZCAPOTZALCO,SANTO TOMAS,02-099,988,1851.6200000000001,10681.88,33259.0,20725.5
2019-04-30,2019,2,AZCAPOTZALCO,SECTOR NAVAL,02-100,140,395.47,2490.41,3591.72,705.84
2019-04-30,2019,2,AZCAPOTZALCO,SINDICATO MEXICANO DE ELECTRICISTAS,02-101,1296,2705.02,24528.27,30189.6,2956.31
2019-04-30,2019,2,AZCAPOTZALCO,TEZOZOMOC,02-102,2482,5278.9,24952.53,32246.24,2014.81
2019-04-30,2019,2,AZCAPOTZALCO,TIERRA NUEVA,02-103,915,3921.5,8728.99,13693.550000000001,1043.06
2019-04-30,2019,2,AZCAPOTZALCO,TLATILCO,02-104,1262,2342.13,13832.33,19341.94,3167.48
2019-04-30,2019,2,AZCAPOTZALCO,TLATILCO (U HAB),02-105,703,6.08,13439.83,13606.66,160.75
2019-04-30,2019,2,AZCAPOTZALCO,TRABAJADORES DEL HIERRO,02-106,932,2272.35,15361.09,18162.47,529.03
2019-04-30,2019,2,AZCAPOTZALCO,UN HOGAR PARA CADA TRABAJADOR,02-107,509,3296.61,8796.69,12880.64,787.34
2019-04-30,2019,2,AZCAPOTZALCO,VICTORIA DE LAS DEMOCRACIAS,02-108,1179,2792.2,9574.4,16588.59,4221.99
2019-04-30,2019,2,AZCAPOTZALCO,XOCHINAHUAC (U HAB),02-110,2175,0.0,50917.25,51787.61,870.36
2019-04-30,2019,2,BENITO JUAREZ,ACACIAS,14-001,2708,657.26,49769.340000000004,56084.479999999996,5657.88
2019-04-30,2019,2,BENITO JUAREZ,ACTIPAN,14-002,1835,1447.41,30056.29,49651.97,18148.27
2019-04-30,2019,2,BENITO JUAREZ,ALAMOS I,14-051,4617,11339.46,81606.78,109850.68,16904.44
2019-04-30,2019,2,BENITO JUAREZ,ALAMOS II,14-052,4194,9277.82,76431.96,93961.37,8251.59
2019-04-30,2019,2,BENITO JUAREZ,ALBERT,14-004,1505,1140.59,27363.57,31081.32,2577.16
2019-04-30,2019,2,BENITO JUAREZ,AMERICAS UNIDAS-DEL LAGO,14-005,1810,2247.33,25990.34,31873.86,3636.19
2019-04-30,2019,2,BENITO JUAREZ,ATENOR SALAS,14-007,811,986.5600000000001,10192.04,11968.04,789.4399999999999
2019-04-30,2019,2,BENITO JUAREZ,CENTRO URBANO PRESIDENTE ALEMAN (U HAB),14-008,938,0.0,16365.0,16932.89,567.89
2019-04-30,2019,2,BENITO JUAREZ,CIUDAD DE LOS DEPORTES,14-009,2320,6363.14,37336.69,58400.979999999996,14701.15
2019-04-30,2019,2,BENITO JUAREZ,CREDITO CONSTRUCTOR,14-010,337,915.04,8035.8099999999995,20137.24,11186.39
2019-04-30,2019,2,BENITO JUAREZ,DEL VALLE I,14-053,4598,8064.2,93044.62,146227.38999999998,45118.57
2019-04-30,2019,2,BENITO JUAREZ,DEL VALLE II,14-054,5019,12379.44,103236.53,146153.41,30537.44
2019-04-30,2019,2,BENITO JUAREZ,DEL VALLE III,14-055,4096,9501.47,103961.04,143739.22,30276.71
2019-04-30,2019,2,BENITO JUAREZ,DEL VALLE IV,14-056,3723,5311.46,88428.85,116935.34,23195.03
2019-04-30,2019,2,BENITO JUAREZ,DEL VALLE V,14-057,3504,4289.67,82033.75,105088.92,18765.5
2019-04-30,2019,2,BENITO JUAREZ,DEL VALLE VI,14-058,3310,4661.47,76983.21,98103.86,16459.18
2019-04-30,2019,2,BENITO JUAREZ,DEL VALLE VII,14-059,4661,3948.59,92867.77,118706.38,21890.02
2019-04-30,2019,2,BENITO JUAREZ,ERMITA,14-013,529,358.76,8017.849999999999,9641.65,1265.04
2019-04-30,2019,2,BENITO JUAREZ,EXTREMADURA INSURGENTES,14-014,807,2044.3200000000002,12894.24,19937.34,4998.78
2019-04-30,2019,2,BENITO JUAREZ,GENERAL PEDRO MARIA ANAYA,14-015,2567,1447.68,44427.03,73894.84,28020.13
2019-04-30,2019,2,BENITO JUAREZ,INDEPENDENCIA,14-016,4234,8117.97,56200.34,69855.14,5536.83
2019-04-30,2019,2,BENITO JUAREZ,INSURGENTES MIXCOAC,14-017,2545,5517.76,57699.89,93303.0,30085.35
2019-04-30,2019,2,BENITO JUAREZ,INSURGENTES SAN BORJA,14-018,243,782.16,9453.33,18073.71,7838.22
2019-04-30,2019,2,BENITO JUAREZ,IZTACCIHUATL,14-019,977,3734.05,17307.77,22713.19,1671.37
2019-04-30,2019,2,BENITO JUAREZ,JOSEFA ORTIZ DE DOMINGUEZ,14-020,579,1445.84,10639.470000000001,14129.939999999999,2044.6299999999999
2019-04-30,2019,2,BENITO JUAREZ,LETRAN VALLE,14-021,4378,9069.81,85167.26,103286.68,9049.61
2019-04-30,2019,2,BENITO JUAREZ,MARIA DEL CARMEN,14-022,1318,2659.62,20710.88,25508.420000000002,2137.92
2019-04-30,2019,2,BENITO JUAREZ,MERCED GOMEZ,14-023,1062,1950.25,11155.98,16219.41,3113.1800000000003
2019-04-30,2019,2,BENITO JUAREZ,MIGUEL ALEMAN,14-024,335,1982.11,5163.25,9830.77,2685.41
2019-04-30,2019,2,BENITO JUAREZ,MIRAVALLE,14-025,824,1890.92,11647.97,17189.07,3650.18
2019-04-30,2019,2,BENITO JUAREZ,MIXCOAC,14-026,1913,5913.93,33254.86,64453.119999999995,25284.329999999998
2019-04-30,2019,2,BENITO JUAREZ,MODERNA,14-027,3695,9109.77,66615.06,82062.32,6337.49
2019-04-30,2019,2,BENITO JUAREZ,NAPOLES,14-028,7501,11476.78,144308.19,228684.6,72899.62999999999
2019-04-30,2019,2,BENITO JUAREZ,NAPOLES (AMPL),14-006,1911,1859.73,39033.35,57816.35,16923.27
2019-04-30,2019,2,BENITO JUAREZ,NARVARTE I,14-060,5147,14180.71,90239.93,132053.6,27632.96
2019-04-30,2019,2,BENITO JUAREZ,NARVARTE II,14-061,3614,10774.130000000001,64604.21,84727.39,9349.05
2019-04-30,2019,2,BENITO JUAREZ,NARVARTE III,14-062,3363,9069.58,53001.24,74203.99,12133.17
2019-04-30,2019,2,BENITO JUAREZ,NARVARTE IV,14-063,4484,11438.45,90067.11,114273.58,12768.02
2019-04-30,2019,2,BENITO JUAREZ,NARVARTE V,14-064,3800,7235.94,74068.28,91091.69,9787.47
2019-04-30,2019,2,BENITO JUAREZ,NARVARTE VI,14-065,3123,6846.04,57273.64,71079.6,6959.92
2019-04-30,2019,2,BENITO JUAREZ,NATIVITAS,14-030,3444,14951.22,58869.64,81231.39,7410.53
2019-04-30,2019,2,BENITO JUAREZ,NIOS HEROES DE CHAPULTEPEC,14-031,5002,6155.9800000000005,57123.72,68528.79000000001,5249.09
2019-04-30,2019,2,BENITO JUAREZ,NOCHE BUENA,14-032,1346,1542.49,25744.170000000002,39869.24,12582.58
2019-04-30,2019,2,BENITO JUAREZ,NONOALCO,14-033,4309,8463.59,66362.89,88294.03,13467.55
2019-04-30,2019,2,BENITO JUAREZ,OCHO DE AGOSTO,14-034,1367,2102.71,25154.690000000002,29626.26,2368.86
2019-04-30,2019,2,BENITO JUAREZ,PERIODISTA FRANCISCO ZARCO,14-035,319,436.78999999999996,2525.76,3957.1899999999996,994.6400000000001
2019-04-30,2019,2,BENITO JUAREZ,PIEDAD NARVARTE,14-036,2064,3160.16,35930.69,57564.15,18473.3
2019-04-30,2019,2,BENITO JUAREZ,PORTALES I,14-066,3871,13120.86,64462.89,98005.48,20421.73
2019-04-30,2019,2,BENITO JUAREZ,PORTALES II,14-067,5322,9851.9,92451.51,111491.93,9188.52
2019-04-30,2019,2,BENITO JUAREZ,PORTALES III,14-068,4472,9081.88,74107.74,94205.84,11016.22
2019-04-30,2019,2,BENITO JUAREZ,PORTALES IV,14-069,2468,5006.44,32123.29,40844.06,3714.33
2019-04-30,2019,2,BENITO JUAREZ,PORTALES ORIENTE,14-038,2545,7639.68,44595.06,55978.01,3743.27
2019-04-30,2019,2,BENITO JUAREZ,POSTAL,14-039,1383,3087.0299999999997,23692.74,29392.58,2612.81
2019-04-30,2019,2,BENITO JUAREZ,RESIDENCIAL EMPERADORES,14-040,555,602.74,11010.76,18024.83,6411.33
2019-04-30,2019,2,BENITO JUAREZ,SAN JOSE INSURGENTES,14-041,2978,6256.099999999999,65651.26,116261.64,44354.28
2019-04-30,2019,2,BENITO JUAREZ,SAN JUAN,14-042,1382,1390.08,29979.55,42011.99,10642.36
2019-04-30,2019,2,BENITO JUAREZ,SAN PEDRO DE LOS  PINOS,14-043,5872,10562.39,113140.11,171579.67,47877.17
2019-04-30,2019,2,BENITO JUAREZ,SAN SIMON TICUMAC,14-044,4377,14405.52,80719.97,111588.31,16462.82
2019-04-30,2019,2,BENITO JUAREZ,STA CRUZ ATOYAC,14-045,4106,4952.13,87375.97,152172.14,59844.03999999999
2019-04-30,2019,2,BENITO JUAREZ,TLACOQUEMECATL DEL VALLE,14-046,2987,4010.73,70682.0,98901.56999999999,24208.84
2019-04-30,2019,2,BENITO JUAREZ,VERTIZ NARVARTE,14-047,2859,6726.28,49325.83,64212.84,8160.73
2019-04-30,2019,2,BENITO JUAREZ,VILLA DE CORTES,14-048,887,4015.79,15605.98,22007.14,2385.37
2019-04-30,2019,2,BENITO JUAREZ,XOCO,14-049,2169,2671.7,64633.34,101242.77,33937.73
2019-04-30,2019,2,BENITO JUAREZ,ZACAHUITZCO,14-050,1074,2479.76,19163.79,23812.56,2169.01
2019-04-30,2019,2,COYOACAN,ADOLFO RUIZ CORTINES I,03-126,2129,0.0,0.0,1048.3200000000002,1048.3200000000002
2019-04-30,2019,2,COYOACAN,ADOLFO RUIZ CORTINES II,03-127,2191,0.0,0.0,1500.5500000000002,1500.5500000000002
2019-04-30,2019,2,COYOACAN,AJUSCO HUAYAMILPAS,03-003,724,0.0,0.0,1099.47,1099.47
2019-04-30,2019,2,COYOACAN,AJUSCO I,03-128,3549,357.45,0.0,7490.87,7133.42
2019-04-30,2019,2,COYOACAN,AJUSCO II,03-129,3389,27.46,0.0,2231.17,2203.71
2019-04-30,2019,2,COYOACAN,AJUSCO III,03-130,2415,0.0,1.1,3871.42,3870.3199999999997
2019-04-30,2019,2,COYOACAN,ALIANZA POPULAR REVOLUCIONARIA NORTE (U HAB),03-131,1131,0.0,0.0,33681.01,33681.01
2019-04-30,2019,2,COYOACAN,ALIANZA POPULAR REVOLUCIONARIA ORIENTE (U HAB),03-148,1720,0.0,5672.59,8183.26,2510.6699999999996
2019-04-30,2019,2,COYOACAN,ALIANZA POPULAR REVOLUCIONARIA PONIENTE (U HAB),03-132,1709,0.0,6416.2,6928.09,511.89
2019-04-30,2019,2,COYOACAN,ALTILLO (COND ALTILLO UNIVERSIDAD),03-005,915,0.0,20341.41,20806.84,465.43
2019-04-30,2019,2,COYOACAN,AMPLIACION CANDELARIA,03-006,1409,1428.1200000000001,10594.029999999999,14998.61,2976.46
2019-04-30,2019,2,COYOACAN,AMPLIACION SAN FRANCISCO CULHUACAN (EJ),03-102,1092,1850.6100000000001,10919.28,17079.72,4309.83
2019-04-30,2019,2,COYOACAN,ATLANTIDA,03-007,375,639.91,5304.45,10338.86,4394.5
2019-04-30,2019,2,COYOACAN,AVANTE,03-008,3069,1777.33,29447.32,39335.46,8110.81
2019-04-30,2019,2,COYOACAN,BOSQUES DE TETLAMEYA,03-009,290,90.93,5940.7,21560.0,15528.369999999999
2019-04-30,2019,2,COYOACAN,CAFETALES I (RDCIAL),03-010,492,722.39,9462.4,12574.87,2390.08
2019-04-30,2019,2,COYOACAN,CAFETALES II (RDCIAL),03-011,469,37.7,2729.31,3119.78,352.77
2019-04-30,2019,2,COYOACAN,CAMPESTRE CHURUBUSCO,03-012,4000,7443.95,61567.69,94814.76,25803.12
2019-04-30,2019,2,COYOACAN,CAMPESTRE COYOACAN (FRACC),03-013,785,308.89,12038.79,12916.289999999999,568.61
2019-04-30,2019,2,COYOACAN,CANTIL DEL PEDREGAL,03-016,174,115.3,5492.09,6200.97,593.58
2019-04-30,2019,2,COYOACAN,CARMEN SERDAN,03-017,2218,1575.35,5366.17,7545.35,603.83
2019-04-30,2019,2,COYOACAN,CENTRO URBANO (U HAB),03-155,152,0.0,3040.82,3461.91,421.09
2019-04-30,2019,2,COYOACAN,CENTRO URBANO TLALPAN (U HAB),03-018,215,0.0,13431.81,13431.81,0.0
2019-04-30,2019,2,COYOACAN,CHIMALISTAC,03-019,236,0.0,4286.66,9288.7,5002.04
2019-04-30,2019,2,COYOACAN,CIUDAD JARDIN,03-020,951,615.87,7450.49,12181.33,4114.97
2019-04-30,2019,2,COYOACAN,CIUDAD UNIVERSITARIA,03-021,144,0.0,1094.96,6498.94,5403.98
2019-04-30,2019,2,COYOACAN,COPILCO EL ALTO,03-022,1090,970.17,4688.9,6345.37,686.3
2019-04-30,2019,2,COYOACAN,COPILCO EL BAJO,03-023,1561,1130.09,32741.149999999998,38201.02,4329.78
2019-04-30,2019,2,COYOACAN,COPILCO UNIVERSIDAD,03-024,1148,2967.59,16203.53,27883.15,8712.03
2019-04-30,2019,2,COYOACAN,COUNTRY CLUB,03-025,1055,734.67,18214.899999999998,38129.22,19179.65
2019-04-30,2019,2,COYOACAN,CTM IX CULHUACAN 32-33 (U HAB),03-156,1232,488.4,16256.24,17067.87,323.23
2019-04-30,2019,2,COYOACAN,CTM IX CULHUACAN ZONA 29-30 (U HAB),03-027,1182,532.51,5414.97,6943.5,996.02
2019-04-30,2019,2,COYOACAN,CTM IXA CULHUACAN (U HAB),03-028,978,0.0,8024.66,8872.91,848.25
2019-04-30,2019,2,COYOACAN,CTM V CULHUACAN (U HAB),03-029,1986,1154.1899999999998,5168.02,12252.130000000001,5929.92
2019-04-30,2019,2,COYOACAN,CTM VI CULHUACAN (U HAB),03-030,4653,1013.03,21007.98,26716.34,4695.33
2019-04-30,2019,2,COYOACAN,CTM VII CULHUACAN (U HAB),03-031,2424,1088.76,34365.270000000004,46159.33,10705.3
2019-04-30,2019,2,COYOACAN,CTM VIIA CULHUACAN (U HAB),03-032,362,167.64,453.26,666.47,45.57
2019-04-30,2019,2,COYOACAN,CTM VIII CULHUACAN (U HAB),03-033,3451,737.8199999999999,20458.47,23277.09,2080.7999999999997
2019-04-30,2019,2,COYOACAN,CTM X CULHUACAN (U HAB),03-034,1647,330.3,22208.55,23863.86,1325.01
2019-04-30,2019,2,COYOACAN,CUADRANTE DE SAN FRANCISCO,03-035,1089,797.73,10802.87,15284.22,3683.62
2019-04-30,2019,2,COYOACAN,DE LA CANDELARIA (PBLO),03-036,2360,2475.11,26909.09,34671.76,5287.56
2019-04-30,2019,2,COYOACAN,DEL CARMEN,03-037,3610,10143.44,94345.85,159834.53,55345.24
2019-04-30,2019,2,COYOACAN,DEL NIO JESUS (BARR),03-038,781,259.28000000000003,4937.77,5728.32,531.27
2019-04-30,2019,2,COYOACAN,EDUCACION,03-039,2464,2896.42,22987.21,27939.18,2055.55
2019-04-30,2019,2,COYOACAN,EL CARACOL,03-041,986,666.61,12396.74,33926.26,20862.91
2019-04-30,2019,2,COYOACAN,EL CENTINELA,03-042,621,444.07,4462.51,6487.389999999999,1580.81
2019-04-30,2019,2,COYOACAN,EL MIRADOR,03-043,1195,75.07,25863.71,28847.14,2908.36
2019-04-30,2019,2,COYOACAN,EL PARQUE DE COYOACAN (FRACC),03-044,460,0.0,1137.97,1154.44,16.47
2019-04-30,2019,2,COYOACAN,EL RELOJ,03-045,1069,551.49,5512.349999999999,17868.0,11804.16
2019-04-30,2019,2,COYOACAN,EL ROSEDAL I,03-046,622,488.8,14724.06,18987.78,3774.92
2019-04-30,2019,2,COYOACAN,EL ROSEDAL II,03-149,885,274.34000000000003,20678.940000000002,22110.519999999997,1157.24
2019-04-30,2019,2,COYOACAN,EL VERGEL DE COYOACAN ( INFONAVIT EL HUESO) (U HAB),03-047,222,0.0,4725.93,6642.55,1916.62
2019-04-30,2019,2,COYOACAN,EMILIANO ZAPATA,03-048,431,1394.03,5043.14,6845.84,408.66999999999996
2019-04-30,2019,2,COYOACAN,EMILIANO ZAPATA (U HAB),03-049,1658,726.9200000000001,5319.66,6880.49,833.91
2019-04-30,2019,2,COYOACAN,ESPARTACO,03-050,1452,3600.1,20585.17,30330.77,6145.5
2019-04-30,2019,2,COYOACAN,EX EJIDO SAN FRANCISCO CULHUACAN I,03-040,181,399.18,3418.39,4455.33,637.76
2019-04-30,2019,2,COYOACAN,EX EJIDO SAN FRANCISCO CULHUACAN II,03-157,358,420.35,5178.4400000000005,7237.53,1638.74
2019-04-30,2019,2,COYOACAN,EX EJIDO SAN FRANCISCO CULHUACAN III,03-158,389,1920.0,5964.52,9475.78,1591.26
2019-04-30,2019,2,COYOACAN,EX HACIENDA COAPA,03-051,603,511.31,13061.96,51344.84,37771.57
2019-04-30,2019,2,COYOACAN,HACIENDAS DE COYOACAN (FRACC),03-052,563,1065.49,10628.31,14488.94,2795.14
2019-04-30,2019,2,COYOACAN,HERMOSILLO,03-053,544,872.98,8413.53,22665.76,13379.25
2019-04-30,2019,2,COYOACAN,IMAN,03-054,451,460.58,2720.91,3247.13,65.64
2019-04-30,2019,2,COYOACAN,IMAN 580 (U HAB),03-055,934,0.0,0.0,0.0,0.0
2019-04-30,2019,2,COYOACAN,INFONAVIT CULHUACAN ZONA 1 (U HAB),03-056,298,0.0,230.31,230.31,0.0
2019-04-30,2019,2,COYOACAN,INFONAVIT CULHUACAN ZONA 2 (U HAB),03-057,520,0.0,0.0,574.62,574.62
2019-04-30,2019,2,COYOACAN,INFONAVIT CULHUACAN ZONA 3 (U HAB),03-058,585,75.63,4060.11,4926.3,790.56
2019-04-30,2019,2,COYOACAN,INSURGENTES CUICUILCO,03-059,1581,0.0,40055.35,59487.990000000005,19432.64
2019-04-30,2019,2,COYOACAN,INTEGRACION LATINOAMERICANA (U HAB),03-060,1394,0.0,33861.83,35525.99,1664.16
2019-04-30,2019,2,COYOACAN,JARDINES DE COYOACAN (FRACC),03-061,583,915.04,11473.289999999999,14580.74,2192.41
2019-04-30,2019,2,COYOACAN,JARDINES DEL PEDREGAL,03-062,373,59.79,4215.34,46257.42,41982.29
2019-04-30,2019,2,COYOACAN,JOYAS DEL PEDREGAL (FRACC),03-063,498,0.0,8748.95,8898.19,149.24
2019-04-30,2019,2,COYOACAN,LA CANTERA (U HAB),03-064,566,359.57,12162.98,12928.06,405.51
2019-04-30,2019,2,COYOACAN,LA CONCEPCION (BARR),03-065,475,1833.17,12873.19,23797.56,9091.199999999999
2019-04-30,2019,2,COYOACAN,LA MAGDALENA CULHUACAN (BARR),03-066,3228,6404.49,36515.7,45167.07,2246.88
2019-04-30,2019,2,COYOACAN,LAS CAMPANAS,03-069,267,84.78,5253.47,12400.61,7062.36
2019-04-30,2019,2,COYOACAN,LOS CEDROS (FRACC),03-071,314,268.11,5669.92,6503.490000000001,565.46
2019-04-30,2019,2,COYOACAN,LOS CIPRESES,03-072,604,334.66,10189.7,21840.4,11316.04
2019-04-30,2019,2,COYOACAN,LOS GIRASOLES I,03-073,302,0.0,4330.15,9443.4,5113.25
2019-04-30,2019,2,COYOACAN,LOS GIRASOLES II,03-074,501,0.0,6067.5,6718.990000000001,651.49
2019-04-30,2019,2,COYOACAN,LOS GIRASOLES III,03-075,1200,0.0,6557.33,21042.45,14485.12
2019-04-30,2019,2,COYOACAN,LOS OLIVOS (FRACC),03-076,349,64.66,3836.32,4563.280000000001,662.3
2019-04-30,2019,2,COYOACAN,LOS OLIVOS (U HAB),03-077,185,0.0,4052.67,5724.84,1672.1699999999998
2019-04-30,2019,2,COYOACAN,LOS REYES (PBLO),03-078,5586,4538.22,51302.78,73424.65000000001,17583.65
2019-04-30,2019,2,COYOACAN,LOS SAUCES (FRACC),03-080,372,85.39999999999999,2558.3,2782.55,138.85
2019-04-30,2019,2,COYOACAN,MEDIA LUNA,03-081,171,377.26,1189.67,1867.47,300.54
2019-04-30,2019,2,COYOACAN,MONTE DE PIEDAD,03-151,715,205.0,3143.65,6097.1900000000005,2748.54
2019-04-30,2019,2,COYOACAN,NUEVA DIAZ ORDAZ,03-082,612,0.0,0.0,288.53,288.53
2019-04-30,2019,2,COYOACAN,OLIMPICA,03-083,425,9.76,3894.75,4891.37,986.86
2019-04-30,2019,2,COYOACAN,OXTOPULCO UNIVERSIDAD,03-084,866,465.33,18575.829999999998,23136.949999999997,4095.79
2019-04-30,2019,2,COYOACAN,PARQUE SAN ANDRES,03-085,2084,3547.6,39203.9,62015.13,19263.63
2019-04-30,2019,2,COYOACAN,PASEOS DE TAXQUEA I,03-133,2820,0.0,13358.06,13434.170000000002,76.10999999999999
2019-04-30,2019,2,COYOACAN,PASEOS DE TAXQUEA II,03-134,2134,916.11,14295.27,19532.66,4321.280000000001
2019-04-30,2019,2,COYOACAN,PEDREGAL DE SAN ANGEL (AMPL),03-088,468,0.0,8596.42,11625.47,3029.05
2019-04-30,2019,2,COYOACAN,PEDREGAL DE SAN FRANCISCO (FRACC),03-089,408,54.3,6640.870000000001,6773.860000000001,78.69
2019-04-30,2019,2,COYOACAN,PEDREGAL DE SANTA URSULA I,03-135,2884,0.0,368.1,6021.08,5652.98
2019-04-30,2019,2,COYOACAN,PEDREGAL DE SANTA URSULA II,03-136,2946,49.19,0.0,509.93,460.74
2019-04-30,2019,2,COYOACAN,PEDREGAL DE SANTA URSULA III,03-137,2574,25.62,0.0,2818.0,2792.38
2019-04-30,2019,2,COYOACAN,PEDREGAL DE SANTA URSULA IV,03-138,3216,0.0,4.62,1269.6200000000001,1265.0
2019-04-30,2019,2,COYOACAN,PEDREGAL DE STO DOMINGO I,03-139,2516,28.84,0.0,777.01,748.17
2019-04-30,2019,2,COYOACAN,PEDREGAL DE STO DOMINGO II,03-140,3270,25.62,27.45,2320.86,2267.79
2019-04-30,2019,2,COYOACAN,PEDREGAL DE STO DOMINGO III,03-141,2549,192.14,138.07999999999998,2879.08,2548.86
2019-04-30,2019,2,COYOACAN,PEDREGAL DE STO DOMINGO IV,03-142,2841,0.0,0.0,82.28999999999999,82.28999999999999
2019-04-30,2019,2,COYOACAN,PEDREGAL DE STO DOMINGO IX,03-147,2175,70.16,1.95,2484.32,2412.21
2019-04-30,2019,2,COYOACAN,PEDREGAL DE STO DOMINGO V,03-143,2991,0.0,0.0,475.19,475.19
2019-04-30,2019,2,COYOACAN,PEDREGAL DE STO DOMINGO VI,03-144,3630,0.0,0.0,734.13,734.13
2019-04-30,2019,2,COYOACAN,PEDREGAL DE STO DOMINGO VII,03-145,3442,0.0,0.0,2665.99,2665.99
2019-04-30,2019,2,COYOACAN,PEDREGAL DE STO DOMINGO VIII,03-146,2032,0.0,7.32,160.53,153.21
2019-04-30,2019,2,COYOACAN,PEDREGAL DEL MAUREL,03-091,840,0.0,42008.54,42764.36,755.82
2019-04-30,2019,2,COYOACAN,PETROLERA TAXQUEA,03-092,387,273.79,6217.7,8799.48,2307.99
2019-04-30,2019,2,COYOACAN,PILOTO CULHUACAN (U HAB),03-093,919,405.2,14422.77,15661.83,833.86
2019-04-30,2019,2,COYOACAN,PRADO CHURUBUSCO,03-094,3504,3227.6800000000003,59594.51,72761.07,9938.88
2019-04-30,2019,2,COYOACAN,PRADOS DE COYOACAN,03-095,856,1071.6,7002.74,10794.61,2720.27
2019-04-30,2019,2,COYOACAN,PRESIDENTES EJIDALES PRIMERA SECCION,03-096,1038,434.15,8425.05,8983.07,123.87
2019-04-30,2019,2,COYOACAN,PRESIDENTES EJIDALES SEGUNDA SECCION,03-152,1177,1379.05,13942.45,29253.88,13932.380000000001
2019-04-30,2019,2,COYOACAN,RANCHO EL ROSARIO,03-097,156,26.24,866.06,3138.26,2245.96
2019-04-30,2019,2,COYOACAN,ROMERO DE TERREROS,03-098,856,1728.52,16606.03,33346.93,15012.380000000001
2019-04-30,2019,2,COYOACAN,ROMERO DE TERREROS (FRACC),03-099,816,190.94,12247.630000000001,37926.08,25487.51
2019-04-30,2019,2,COYOACAN,SAN DIEGO CHURUBUSCO,03-100,517,1569.11,13578.64,25050.629999999997,9902.88
2019-04-30,2019,2,COYOACAN,SAN FRANCISCO CULHUACAN (PBLO),03-101,3721,7045.29,43857.06,53776.770000000004,2874.42
2019-04-30,2019,2,COYOACAN,SAN LUCAS (BARR),03-103,1478,1622.04,29357.75,36460.09,5480.3
2019-04-30,2019,2,COYOACAN,SAN MATEO (BARR),03-104,1154,2430.17,16842.52,27325.94,8053.25
2019-04-30,2019,2,COYOACAN,SAN PABLO TEPETLAPA (PBLO),03-105,2349,1332.85,12358.09,15285.51,1594.57
2019-04-30,2019,2,COYOACAN,SANTA CATARINA (BARR),03-106,986,1798.8400000000001,29526.32,46197.88,14872.72
2019-04-30,2019,2,COYOACAN,SANTA CECILIA,03-107,862,102.47999999999999,8023.0,8530.48,405.0
2019-04-30,2019,2,COYOACAN,SANTA URSULA COAPA (PBLO),03-109,3349,3306.44,53737.71,66616.07,9571.92
2019-04-30,2019,2,COYOACAN,STUNAM CULHUACAN (U HAB),03-112,1119,0.0,24438.5,24949.32,510.82000000000005
2019-04-30,2019,2,COYOACAN,VIEJO EJIDO SANTA URSULA COAPA,03-113,2529,2770.93,17827.010000000002,30411.399999999998,9813.460000000001
2019-04-30,2019,2,COYOACAN,VILLA COYOACAN,03-114,917,7030.58,19610.579999999998,42238.48,15597.32
2019-04-30,2019,2,COYOACAN,VILLA PANAMERICANA 1ERA. SECCIN (U HAB),03-115,1103,40.88,5409.610000000001,9124.82,3674.33
2019-04-30,2019,2,COYOACAN,VILLA PANAMERICANA 2DA. SECCIN (U HAB),03-116,568,0.0,4273.13,5142.99,869.86
2019-04-30,2019,2,COYOACAN,VILLA PANAMERICANA 3ERA. SECCIN (U HAB),03-117,810,71.62,3795.2400000000002,6160.84,2293.98
2019-04-30,2019,2,COYOACAN,VILLA PANAMERICANA 5TA. SECCIN (U HAB),03-119,850,0.0,25709.17,25899.78,190.61
2019-04-30,2019,2,COYOACAN,VILLA PANAMERICANA 7MA. SECCIN (U HAB),03-121,633,0.0,672.7,3340.47,2667.77
2019-04-30,2019,2,COYOACAN,VILLA QUIETUD (FRACC),03-122,891,332.7,6148.6,15076.74,8595.439999999999
2019-04-30,2019,2,COYOACAN,VISTAS DEL MAUREL (U HAB),03-124,573,0.0,17898.78,19261.31,1362.53
2019-04-30,2019,2,COYOACAN,XOTEPINGO,03-125,537,1169.5,8502.46,12354.94,2682.98
2019-04-30,2019,2,CUAJIMALPA DE MORELOS,ABDIAS GARCIA SOTO,04-001,694,285.24,4461.08,4998.26,251.94
2019-04-30,2019,2,CUAJIMALPA DE MORELOS,ADOLFO LOPEZ MATEOS,04-002,236,76.84,4032.16,4311.860000000001,202.86
2019-04-30,2019,2,CUAJIMALPA DE MORELOS,AGUA BENDITA,04-003,924,0.0,0.0,3252.44,3252.44
2019-04-30,2019,2,CUAJIMALPA DE MORELOS,AHUATENCO,04-004,1074,666.72,9625.34,11161.150000000001,869.0899999999999
2019-04-30,2019,2,CUAJIMALPA DE MORELOS,AMADO NERVO,04-005,100,0.0,665.64,1153.74,488.1
2019-04-30,2019,2,CUAJIMALPA DE MORELOS,BOSQUES DE LAS LOMAS,04-006,4021,1331.52,78066.31,101170.13,21772.3
2019-04-30,2019,2,CUAJIMALPA DE MORELOS,CORREDOR SANTA FE,04-012,5432,5808.0,109238.79000000001,190517.61000000002,75470.82
2019-04-30,2019,2,CUAJIMALPA DE MORELOS,EL CONTADERO,04-015,2316,895.61,32008.72,37851.68,4947.35
2019-04-30,2019,2,CUAJIMALPA DE MORELOS,EL MOLINITO,04-016,89,117.14000000000001,893.3299999999999,1162.97,152.5
2019-04-30,2019,2,CUAJIMALPA DE MORELOS,EL MOLINO,04-017,446,1351.94,10004.54,12469.43,1112.95
2019-04-30,2019,2,CUAJIMALPA DE MORELOS,EL TIANGUILLO,04-018,558,0.0,0.0,0.0,0.0
2019-04-30,2019,2,CUAJIMALPA DE MORELOS,EL YAQUI,04-019,591,91.14,11045.76,11693.619999999999,556.72
2019-04-30,2019,2,CUAJIMALPA DE MORELOS,JARDINES DE LA PALMA (HUIZACHITO),04-021,1035,298.32,24270.390000000003,29466.149999999998,4897.44
2019-04-30,2019,2,CUAJIMALPA DE MORELOS,JESUS DEL MONTE,04-022,858,659.31,8487.05,11789.83,2643.4700000000003
2019-04-30,2019,2,CUAJIMALPA DE MORELOS,LA PILA,04-023,1222,0.0,0.0,2.32,2.32
2019-04-30,2019,2,CUAJIMALPA DE MORELOS,LA VENTA,04-025,0,23.8,560.83,907.95,323.32
2019-04-30,2019,2,CUAJIMALPA DE MORELOS,LAS TINAJAS,04-028,578,365.99,42726.659999999996,63567.5,20474.850000000002
2019-04-30,2019,2,CUAJIMALPA DE MORELOS,LOMA DEL PADRE,04-030,1155,0.0,0.0,0.0,0.0
2019-04-30,2019,2,CUAJIMALPA DE MORELOS,LOMAS DE MEMETLA,04-031,1564,499.66999999999996,11518.9,14333.9,2315.33
2019-04-30,2019,2,CUAJIMALPA DE MORELOS,LOMAS DE VISTA HERMOSA,04-032,2317,225.09,119479.79,154311.23,34606.35
2019-04-30,2019,2,CUAJIMALPA DE MORELOS,LOMAS DEL CHAMIZAL,04-033,1395,3677.8599999999997,19688.98,26904.989999999998,3538.15
2019-04-30,2019,2,CUAJIMALPA DE MORELOS,MANZANASTITLA,04-034,1347,0.0,2514.73,2531.81,17.08
2019-04-30,2019,2,CUAJIMALPA DE MORELOS,MEMETLA,04-035,189,73.82,1278.78,1395.6100000000001,43.01
2019-04-30,2019,2,CUAJIMALPA DE MORELOS,NAVIDAD (GRANJAS DE NAVIDAD),04-036,2754,5127.98,18850.21,28638.34,4660.15
2019-04-30,2019,2,CUAJIMALPA DE MORELOS,PALO ALTO (GRANJAS),04-038,619,1214.6499999999999,15129.42,47697.51,31353.440000000002
2019-04-30,2019,2,CUAJIMALPA DE MORELOS,PORTAL DEL SOL,04-055,944,0.0,75883.47,87408.64,11525.17
2019-04-30,2019,2,CUAJIMALPA DE MORELOS,SAN JOSE DE LOS CEDROS I,04-058,1811,3791.0,17588.24,23065.03,1685.79
2019-04-30,2019,2,CUAJIMALPA DE MORELOS,SAN JOSE DE LOS CEDROS II,04-059,2114,6384.78,28926.670000000002,49306.44,13994.990000000002
2019-04-30,2019,2,CUAJIMALPA DE MORELOS,SAN LORENZO ACOPILCO (PBLO),04-045,2512,0.0,0.0,50.63,50.63
2019-04-30,2019,2,CUAJIMALPA DE MORELOS,SAN MATEO TLALTENANGO (PBLO),04-046,5824,0.0,0.0,470.44,470.44
2019-04-30,2019,2,CUAJIMALPA DE MORELOS,SAN PABLO CHIMALPA (PBLO),04-047,2285,0.0,0.0,590.89,590.89
2019-04-30,2019,2,CUAJIMALPA DE MORELOS,SAN PEDRO CUAJIMALPA (PBLO),04-056,5902,13559.45,64319.22,89806.14,11927.47
2019-04-30,2019,2,CUAJIMALPA DE MORELOS,TEPETONGO,04-050,1080,1570.3,6111.27,7752.73,71.16
2019-04-30,2019,2,CUAJIMALPA DE MORELOS,ZENTLAPATL,04-052,1055,0.0,3.05,645.14,642.0899999999999
2019-04-30,2019,2,CUAUHTEMOC,ALGARIN,15-001,2338,13757.55,30369.82,55890.33,11762.96
2019-04-30,2019,2,CUAUHTEMOC,ASTURIAS,15-002,1566,3363.52,22232.47,28544.96,2948.97
2019-04-30,2019,2,CUAUHTEMOC,ASTURIAS (AMPL),15-003,1941,4594.14,29973.94,43064.57,8496.49
2019-04-30,2019,2,CUAUHTEMOC,ATLAMPA,15-004,4074,1410.95,77330.45999999999,98476.5,19735.09
2019-04-30,2019,2,CUAUHTEMOC,BUENAVISTA I,15-035,2700,3649.6,53392.86,66958.35,9915.89
2019-04-30,2019,2,CUAUHTEMOC,BUENAVISTA II,15-036,3107,7650.53,54007.36,100608.54,38950.65
2019-04-30,2019,2,CUAUHTEMOC,CENTRO I,15-037,2159,7264.03,52826.7,85170.22,25079.49
2019-04-30,2019,2,CUAUHTEMOC,CENTRO II,15-038,2360,11216.25,48181.6,68953.39,9555.54
2019-04-30,2019,2,CUAUHTEMOC,CENTRO III,15-039,1517,9934.31,31549.06,70935.28,29451.91
2019-04-30,2019,2,CUAUHTEMOC,CENTRO IV,15-040,2472,43930.74,33627.37,277829.83,200271.72
2019-04-30,2019,2,CUAUHTEMOC,CENTRO V,15-041,863,8636.39,16624.31,44495.38,19234.68
2019-04-30,2019,2,CUAUHTEMOC,CENTRO VI,15-042,2623,16854.57,43370.38,121127.38,60902.43
2019-04-30,2019,2,CUAUHTEMOC,CENTRO VII,15-043,2233,29838.41,26014.95,87050.26000000001,31196.9
2019-04-30,2019,2,CUAUHTEMOC,CENTRO VIII,15-044,103831,30721.16,66687.12,223549.22,126140.94
2019-04-30,2019,2,CUAUHTEMOC,CONDESA,15-008,3946,13968.22,71851.77,118692.32,32872.33
2019-04-30,2019,2,CUAUHTEMOC,CUAUHTEMOC,15-009,5730,21304.56,103709.91,242658.45,117643.98
2019-04-30,2019,2,CUAUHTEMOC,DOCTORES I,15-045,3467,6472.0,70336.52,116142.79000000001,39334.27
2019-04-30,2019,2,CUAUHTEMOC,DOCTORES II,15-046,4995,6594.3,72696.26999999999,112331.13,33040.56
2019-04-30,2019,2,CUAUHTEMOC,DOCTORES III,15-047,2914,5805.72,59319.43,84417.67,19292.52
2019-04-30,2019,2,CUAUHTEMOC,DOCTORES IV,15-048,3132,12446.19,55752.35,254157.94999999998,185959.41
2019-04-30,2019,2,CUAUHTEMOC,DOCTORES V,15-049,3153,9100.25,62286.47,76999.44,5612.72
2019-04-30,2019,2,CUAUHTEMOC,ESPERANZA,15-011,1792,2304.69,32713.89,41292.1,6273.52
2019-04-30,2019,2,CUAUHTEMOC,EX HIPODROMO DE PERALVILLO,15-012,3489,7698.32,39408.5,55050.34,7943.52
2019-04-30,2019,2,CUAUHTEMOC,FELIPE PESCADOR,15-013,902,1455.04,7863.61,11639.54,2320.89
2019-04-30,2019,2,CUAUHTEMOC,GUERRERO I,15-050,4183,9191.12,83486.93,98758.7,6080.65
2019-04-30,2019,2,CUAUHTEMOC,GUERRERO II,15-051,4330,8498.94,79319.07,96637.67,8819.66
2019-04-30,2019,2,CUAUHTEMOC,GUERRERO III,15-052,4144,11780.6,73359.21,103260.96,18121.15
2019-04-30,2019,2,CUAUHTEMOC,GUERRERO IV,15-053,2967,4639.2,55729.44,79535.43,19166.79
2019-04-30,2019,2,CUAUHTEMOC,HIPODROMO CONDESA,15-016,1513,7435.47,33763.39,67381.49,26182.63
2019-04-30,2019,2,CUAUHTEMOC,HIPODROMO I,15-054,2621,18848.19,63514.04,106052.78,23690.55
2019-04-30,2019,2,CUAUHTEMOC,HIPODROMO II,15-055,3171,12621.04,65969.53,113674.55,35083.98
2019-04-30,2019,2,CUAUHTEMOC,JUAREZ,15-017,4133,34634.98,88434.27,344279.35,221210.1
2019-04-30,2019,2,CUAUHTEMOC,MORELOS I,15-056,3548,6347.8,69132.16,84661.97,9182.01
2019-04-30,2019,2,CUAUHTEMOC,MORELOS II,15-057,3763,3289.73,77177.25,87276.87,6809.89
2019-04-30,2019,2,CUAUHTEMOC,MORELOS III,15-058,3400,5979.25,82597.26,96253.67,7677.16
2019-04-30,2019,2,CUAUHTEMOC,OBRERA I,15-062,3704,17704.47,60013.92,101766.34,24047.95
2019-04-30,2019,2,CUAUHTEMOC,OBRERA II,15-063,3137,14264.69,53524.57,79937.9,12148.64
2019-04-30,2019,2,CUAUHTEMOC,OBRERA III,15-064,3022,10801.130000000001,56201.1,72061.33,5059.1
2019-04-30,2019,2,CUAUHTEMOC,OBRERA IV,15-065,2445,17532.31,46179.31,70262.2,6550.58
2019-04-30,2019,2,CUAUHTEMOC,PAULINO NAVARRO,15-022,1484,4295.44,25479.25,31822.79,2048.1
2019-04-30,2019,2,CUAUHTEMOC,PERALVILLO I,15-066,3510,12938.07,57740.18,75904.86,5226.61
2019-04-30,2019,2,CUAUHTEMOC,PERALVILLO II,15-067,3276,14263.58,58356.77,79274.81999999999,6654.47
2019-04-30,2019,2,CUAUHTEMOC,ROMA NORTE I,15-068,2920,23816.82,58727.409999999996,153119.34,70575.11
2019-04-30,2019,2,CUAUHTEMOC,ROMA NORTE II,15-069,3045,19041.02,62043.89,130622.92,49538.01
2019-04-30,2019,2,CUAUHTEMOC,ROMA NORTE III,15-070,5324,30593.33,93690.73,178824.52,54540.46
2019-04-30,2019,2,CUAUHTEMOC,ROMA SUR I,15-071,3353,13689.68,57979.54,101644.72,29975.5
2019-04-30,2019,2,CUAUHTEMOC,ROMA SUR II,15-072,4520,16315.96,77074.39,115100.86,21710.51
2019-04-30,2019,2,CUAUHTEMOC,SAN RAFAEL I,15-073,2723,11943.55,48578.86,88922.09,28399.68
2019-04-30,2019,2,CUAUHTEMOC,SAN RAFAEL II,15-074,6202,19781.92,91213.28,137535.46,26540.260000000002
2019-04-30,2019,2,CUAUHTEMOC,SAN SIMON TOLNAHUAC,15-027,4033,6806.82,66712.19,78744.99,5225.98
2019-04-30,2019,2,CUAUHTEMOC,SANTA MARIA (U HAB),15-028,912,0.0,18762.34,18762.34,0.0
2019-04-30,2019,2,CUAUHTEMOC,SANTA MARIA INSURGENTES,15-029,524,2094.39,8220.19,34497.8,24183.22
2019-04-30,2019,2,CUAUHTEMOC,SANTA MARIA LA RIBERA I,15-075,5633,16916.54,96808.87,124923.29000000001,11197.880000000001
2019-04-30,2019,2,CUAUHTEMOC,SANTA MARIA LA RIBERA II,15-076,4199,12246.84,84972.32,111339.81,14120.65
2019-04-30,2019,2,CUAUHTEMOC,SANTA MARIA LA RIBERA IV,15-078,5534,23817.88,97788.46,145923.49,24317.149999999998
2019-04-30,2019,2,CUAUHTEMOC,TABACALERA,15-031,1393,11381.02,33661.6,129929.26,84886.64
2019-04-30,2019,2,CUAUHTEMOC,TRANSITO,15-032,3662,6154.0599999999995,69827.07,103794.34,27813.21
2019-04-30,2019,2,CUAUHTEMOC,VALLE GOMEZ,15-033,2454,2434.39,43311.44,48957.22,3211.3900000000003
2019-04-30,2019,2,CUAUHTEMOC,VISTA ALEGRE,15-034,1008,7419.84,15890.82,25631.12,2320.46
2019-04-30,2019,2,GUSTAVO A. MADERO,15 DE AGOSTO,05-206,1079,2006.6,9433.99,13999.64,2559.05
2019-04-30,2019,2,GUSTAVO A. MADERO,25 DE JULIO,05-208,958,2435.96,8048.889999999999,14833.470000000001,4348.62
2019-04-30,2019,2,GUSTAVO A. MADERO,51 LEGISLATURA,05-210,170,0.0,246.14,246.14,0.0
2019-04-30,2019,2,GUSTAVO A. MADERO,6 DE JUNIO,05-211,710,0.0,0.0,14.31,14.31
2019-04-30,2019,2,GUSTAVO A. MADERO,7 DE NOVIEMBRE,05-212,1104,1139.41,12539.75,17812.36,4133.2
2019-04-30,2019,2,GUSTAVO A. MADERO,ACUEDUCTO DE GUADALUPE (RDCIAL),05-001,1863,1254.26,20025.52,23506.23,2226.45
2019-04-30,2019,2,GUSTAVO A. MADERO,ACUEDUCTO DE GUADALUPE (U HAB),05-002,3879,0.0,67387.81,68117.31000000001,729.5000000000001
2019-04-30,2019,2,GUSTAVO A. MADERO,AHUEHUETES,05-003,1086,96.99,60.9,166.04999999999998,8.16
2019-04-30,2019,2,GUSTAVO A. MADERO,ARAGON INGUARAN,05-005,892,3725.29,17762.489999999998,22174.77,686.99
2019-04-30,2019,2,GUSTAVO A. MADERO,ARAGON LA VILLA (ARAGON),05-006,1315,6494.41,15725.74,32404.15,10184.0
2019-04-30,2019,2,GUSTAVO A. MADERO,ARBOLEDAS DE CUAUTEPEC,05-007,2081,0.0,91.53,367.92,276.39
2019-04-30,2019,2,GUSTAVO A. MADERO,ARROYO GUADALUPE (U HAB),05-009,622,0.0,4631.65,8080.6,3448.95
2019-04-30,2019,2,GUSTAVO A. MADERO,BELISARIO DOMINGUEZ,05-010,347,1749.5100000000002,4512.7,7242.5,980.29
2019-04-30,2019,2,GUSTAVO A. MADERO,BENITO JUAREZ,05-011,1801,1576.49,2200.96,4888.29,1110.84
2019-04-30,2019,2,GUSTAVO A. MADERO,BENITO JUAREZ (AMPL),05-012,751,56.94,1026.77,1747.32,663.61
2019-04-30,2019,2,GUSTAVO A. MADERO,BONDOJITO,05-013,1685,1582.92,15419.21,27663.05,10660.92
2019-04-30,2019,2,GUSTAVO A. MADERO,C T M ARAGON (U),05-014,1830,816.37,5209.05,6438.629999999999,413.21
2019-04-30,2019,2,GUSTAVO A. MADERO,C T M ARAGON AMPLIACION (U),05-015,102,49.0,209.05,279.79999999999995,21.75
2019-04-30,2019,2,GUSTAVO A. MADERO,CAMINO A SAN JUAN DE ARAGON (PBLO),05-016,1242,589.74,8047.370000000001,15090.99,6453.88
2019-04-30,2019,2,GUSTAVO A. MADERO,CAMPESTRE ARAGON I,05-215,3264,5154.0199999999995,22230.21,29446.6,2062.37
2019-04-30,2019,2,GUSTAVO A. MADERO,CAMPESTRE ARAGON II,05-216,3453,11328.04,45474.52,57802.41,999.85
2019-04-30,2019,2,GUSTAVO A. MADERO,CAPULTITLAN,05-018,1182,3049.99,23009.71,29749.0,3689.3
2019-04-30,2019,2,GUSTAVO A. MADERO,CASAS ALEMAN (AMPL) I,05-217,3188,9535.49,36298.23,50067.79,4234.07
2019-04-30,2019,2,GUSTAVO A. MADERO,CASAS ALEMAN (AMPL) II,05-218,3146,8001.08,34602.0,49543.5,6940.42
2019-04-30,2019,2,GUSTAVO A. MADERO,CASTILLO CHICO,05-020,1183,55.8,1763.43,1936.99,117.76
2019-04-30,2019,2,GUSTAVO A. MADERO,CASTILLO GRANDE,05-021,1108,43.7,1499.03,1550.05,7.32
2019-04-30,2019,2,GUSTAVO A. MADERO,CERRO PRIETO,05-023,1164,2300.9,9730.76,13228.25,1196.59
2019-04-30,2019,2,GUSTAVO A. MADERO,CHALMA DE GUADALUPE I,05-219,3208,0.0,0.0,101.17,101.17
2019-04-30,2019,2,GUSTAVO A. MADERO,CHALMA DE GUADALUPE II,05-220,2885,0.0,0.0,3018.7,3018.7
2019-04-30,2019,2,GUSTAVO A. MADERO,CHURUBUSCO TEPEYAC,05-025,529,551.02,5397.610000000001,6034.2,85.57000000000001
2019-04-30,2019,2,GUSTAVO A. MADERO,COCOYOTES,05-026,1329,36.79,143.13,181.62,1.7
2019-04-30,2019,2,GUSTAVO A. MADERO,COCOYOTES (AMPL),05-027,361,0.0,304.51,343.34000000000003,38.83
2019-04-30,2019,2,GUSTAVO A. MADERO,COMPOSITORES MEXICANOS,05-028,3254,1094.59,3284.68,4939.4,560.13
2019-04-30,2019,2,GUSTAVO A. MADERO,CONSTITUCION DE LA REPUBLICA,05-029,3720,1886.28,14170.76,20736.38,4679.34
2019-04-30,2019,2,GUSTAVO A. MADERO,CTM ATZACOALCO (U HAB),05-031,2557,1334.81,13361.35,15832.25,1136.0900000000001
2019-04-30,2019,2,GUSTAVO A. MADERO,CTM EL RISCO (U HAB),05-032,2597,484.53000000000003,6352.23,9026.81,2190.05
2019-04-30,2019,2,GUSTAVO A. MADERO,CUAUTEPEC DE MADERO,05-033,2336,6312.84,13298.44,21696.07,2084.79
2019-04-30,2019,2,GUSTAVO A. MADERO,CUAUTEPEC EL ALTO (PBLO),05-034,1630,125.44,0.0,1307.35,1181.9099999999999
2019-04-30,2019,2,GUSTAVO A. MADERO,CUCHILLA DEL TESORO,05-035,3144,12430.75,35314.14,49282.55,1537.66
2019-04-30,2019,2,GUSTAVO A. MADERO,CUCHILLA LA JOYA,05-036,718,2257.51,9465.54,13845.15,2122.1000000000004
2019-04-30,2019,2,GUSTAVO A. MADERO,DEFENSORES DE LA REPUBLICA,05-037,1250,4626.4,14355.89,20396.48,1414.19
2019-04-30,2019,2,GUSTAVO A. MADERO,DEL BOSQUE,05-038,1484,1784.53,10251.82,12536.52,500.17
2019-04-30,2019,2,GUSTAVO A. MADERO,DEL OBRERO,05-039,1173,2203.38,7580.179999999999,10201.470000000001,417.90999999999997
2019-04-30,2019,2,GUSTAVO A. MADERO,DM NACIONAL,05-040,2924,0.0,50296.69,57396.39,7099.7
2019-04-30,2019,2,GUSTAVO A. MADERO,EDUARDO MOLINA I (U HAB),05-041,420,0.0,7860.0,8977.41,1117.41
2019-04-30,2019,2,GUSTAVO A. MADERO,EJIDOS SAN JUAN DE ARAGON 1A SECCION (U HAB),05-043,814,1210.19,2353.6899999999996,4270.63,706.75
2019-04-30,2019,2,GUSTAVO A. MADERO,EJIDOS SAN JUAN DE ARAGON 2A SECCION (U HAB),05-044,238,258.21,537.94,2257.71,1461.56
2019-04-30,2019,2,GUSTAVO A. MADERO,EL ARBOLILLO,05-045,304,2.22,839.81,845.4300000000001,3.4
2019-04-30,2019,2,GUSTAVO A. MADERO,EL ARBOLILLO 1 (U HAB),05-046,2308,0.0,43462.14000000001,44130.490000000005,668.35
2019-04-30,2019,2,GUSTAVO A. MADERO,EL ARBOLILLO 2 (U HAB),05-047,1467,236.68,35593.0,38546.63,2716.95
2019-04-30,2019,2,GUSTAVO A. MADERO,EL ARBOLILLO 3 (U HAB),05-048,757,0.0,15617.02,15690.22,73.2
2019-04-30,2019,2,GUSTAVO A. MADERO,EL CARMEN,05-049,2028,886.81,3894.6299999999997,5048.55,267.11
2019-04-30,2019,2,GUSTAVO A. MADERO,EL COYOL (U HAB),05-050,655,0.0,1255.79,2726.94,1471.15
2019-04-30,2019,2,GUSTAVO A. MADERO,EL OLIVO,05-051,514,647.4300000000001,1924.86,2938.51,366.22
2019-04-30,2019,2,GUSTAVO A. MADERO,EMILIANO ZAPATA,05-052,1360,1763.79,19008.26,21377.010000000002,604.96
2019-04-30,2019,2,GUSTAVO A. MADERO,EMILIANO ZAPATA (AMPL),05-053,377,1430.46,4569.78,6230.05,229.81
2019-04-30,2019,2,GUSTAVO A. MADERO,ESTANZUELA,05-054,1012,1082.39,6149.94,7486.89,254.56
2019-04-30,2019,2,GUSTAVO A. MADERO,ESTRELLA,05-055,2828,7379.03,36221.9,49875.020000000004,6274.09
2019-04-30,2019,2,GUSTAVO A. MADERO,EX-ESCUELA DE TIRO,05-056,552,125.27000000000001,2141.58,2391.49,124.64
2019-04-30,2019,2,GUSTAVO A. MADERO,FAJA DE ORO,05-058,513,2338.47,8839.76,13228.34,2050.11
2019-04-30,2019,2,GUSTAVO A. MADERO,FERNANDO CASAS ALEMAN,05-059,415,2515.9700000000003,4803.59,7420.03,100.47
2019-04-30,2019,2,GUSTAVO A. MADERO,FERROCARRILERA INSURGENTES,05-060,61,0.0,333.9,333.9,0.0
2019-04-30,2019,2,GUSTAVO A. MADERO,FOVISSSTE CUCHILLA (U HAB),05-061,171,65.66,11145.28,11237.28,26.34
2019-04-30,2019,2,GUSTAVO A. MADERO,FOVISSTE ARAGON (U HAB),05-057,399,89.66,708.03,2543.87,1746.18
2019-04-30,2019,2,GUSTAVO A. MADERO,GABRIEL HERNANDEZ,05-063,3468,2664.7799999999997,8968.77,11881.539999999999,247.99
2019-04-30,2019,2,GUSTAVO A. MADERO,GABRIEL HERNANDEZ (AMPL) I,05-221,2018,837.2,3875.6800000000003,5938.97,1226.0900000000001
2019-04-30,2019,2,GUSTAVO A. MADERO,GABRIEL HERNANDEZ (AMPL) II,05-222,2004,2341.22,9606.039999999999,13795.79,1848.5300000000002
2019-04-30,2019,2,GUSTAVO A. MADERO,GENERAL FELIPE BERRIOZABAL,05-065,1377,0.0,0.0,75.42,75.42
2019-04-30,2019,2,GUSTAVO A. MADERO,GERTRUDIS SANCHEZ 1A SECCION,05-066,1109,2768.58,14601.27,17985.62,615.77
2019-04-30,2019,2,GUSTAVO A. MADERO,GERTRUDIS SANCHEZ 2A SECCION,05-067,2235,4686.97,22144.01,31145.87,4314.89
2019-04-30,2019,2,GUSTAVO A. MADERO,GERTRUDIS SANCHEZ 3A SECCION,05-068,2204,6724.37,22986.08,31898.53,2188.08
2019-04-30,2019,2,GUSTAVO A. MADERO,GRANJAS MODERNAS-SAN JUAN DE ARAGON (AMPL),05-070,766,1472.47,9425.29,46556.31,35658.55
2019-04-30,2019,2,GUSTAVO A. MADERO,GUADALUPE INSURGENTES,05-071,1432,5112.87,25875.350000000002,35674.49,4686.2699999999995
2019-04-30,2019,2,GUSTAVO A. MADERO,GUADALUPE PROLETARIA,05-072,2363,7305.28,22164.32,31825.64,2356.04
2019-04-30,2019,2,GUSTAVO A. MADERO,GUADALUPE PROLETARIA (AMPL),05-073,1003,568.15,3762.15,4461.79,131.49
2019-04-30,2019,2,GUSTAVO A. MADERO,GUADALUPE TEPEYAC,05-074,2688,9648.81,35139.28,53522.4,8734.31
2019-04-30,2019,2,GUSTAVO A. MADERO,GUADALUPE VICTORIA,05-075,383,3368.9,1659.64,5631.16,602.62
2019-04-30,2019,2,GUSTAVO A. MADERO,GUADALUPE VICTORIA II,05-076,1181,5211.72,16731.8,26527.25,4583.7300000000005
2019-04-30,2019,2,GUSTAVO A. MADERO,HEROE DE NACOZARI,05-077,772,3009.08,11145.09,14818.64,664.47
2019-04-30,2019,2,GUSTAVO A. MADERO,HEROES DE CHAPULTEPEC,05-078,395,1200.93,5123.17,6663.67,339.57
2019-04-30,2019,2,GUSTAVO A. MADERO,INDECO (U HAB),05-080,522,14.64,725.57,764.59,24.38
2019-04-30,2019,2,GUSTAVO A. MADERO,INDUSTRIAL I,05-223,2970,10835.39,43178.9,62027.2,8012.91
2019-04-30,2019,2,GUSTAVO A. MADERO,INDUSTRIAL II,05-224,2978,6539.42,35057.35,44371.68,2774.91
2019-04-30,2019,2,GUSTAVO A. MADERO,JORGE NEGRETE,05-086,2493,4304.29,25179.67,30638.79,1154.83
2019-04-30,2019,2,GUSTAVO A. MADERO,JOYAS VALLEJO (U HAB),05-214,3059,0.0,95060.69,95117.77,57.08
2019-04-30,2019,2,GUSTAVO A. MADERO,JUAN DE DIOS BATIZ (U HAB),05-090,568,0.0,11978.470000000001,11998.24,19.77
2019-04-30,2019,2,GUSTAVO A. MADERO,JUAN GONZALEZ ROMERO,05-091,2495,5175.57,15722.06,24599.61,3701.98
2019-04-30,2019,2,GUSTAVO A. MADERO,JUVENTINO ROSAS,05-092,357,18.32,0.0,59.64,41.32
2019-04-30,2019,2,GUSTAVO A. MADERO,LA CANDELARIA TICOMAN (BARR),05-093,2496,0.0,0.0,252.28,252.28
2019-04-30,2019,2,GUSTAVO A. MADERO,LA CASILDA,05-094,2123,0.0,0.0,203.82,203.82
2019-04-30,2019,2,GUSTAVO A. MADERO,LA CRUZ (BARR),05-095,790,0.0,362.04,437.94,75.9
2019-04-30,2019,2,GUSTAVO A. MADERO,LA ESMERALDA (U HAB),05-097,562,0.0,0.0,28.01,28.01
2019-04-30,2019,2,GUSTAVO A. MADERO,LA ESMERALDA I,05-096,941,0.0,18548.01,18866.28,318.27
2019-04-30,2019,2,GUSTAVO A. MADERO,LA ESMERALDA II,05-253,427,626.7,2819.04,3902.5299999999997,456.78999999999996
2019-04-30,2019,2,GUSTAVO A. MADERO,LA ESMERALDA III,05-254,896,0.0,12854.75,12870.0,15.25
2019-04-30,2019,2,GUSTAVO A. MADERO,LA FORESTAL,05-098,1714,1632.04,1040.9099999999999,3762.26,1089.31
2019-04-30,2019,2,GUSTAVO A. MADERO,LA FORESTAL 1,05-099,130,0.0,0.0,13.42,13.42
2019-04-30,2019,2,GUSTAVO A. MADERO,LA JOYA,05-102,1970,4672.35,20850.16,26298.52,776.01
2019-04-30,2019,2,GUSTAVO A. MADERO,LA JOYITA,05-103,557,1117.79,5194.47,6630.68,318.41999999999996
2019-04-30,2019,2,GUSTAVO A. MADERO,LA LAGUNA TICOMAN (BARR),05-104,2513,4522.65,19822.18,29889.98,5545.15
2019-04-30,2019,2,GUSTAVO A. MADERO,LA MALINCHE,05-105,1262,5817.36,22023.71,29180.24,1339.17
2019-04-30,2019,2,GUSTAVO A. MADERO,LA PASTORA,05-106,2733,0.0,0.0,2184.73,2184.73
2019-04-30,2019,2,GUSTAVO A. MADERO,LA PATERA-CONDOMODULOS (U HAB),05-107,1640,4331.01,34580.31,46441.82,7530.5
2019-04-30,2019,2,GUSTAVO A. MADERO,LA PRADERA,05-108,2427,35.78,61.0,2726.89,2630.11
2019-04-30,2019,2,GUSTAVO A. MADERO,LA PRADERA I (U HAB),05-109,1057,9.74,0.0,203.11,193.37
2019-04-30,2019,2,GUSTAVO A. MADERO,LA PRADERA II (U HAB),05-110,501,0.0,0.0,85.24,85.24
2019-04-30,2019,2,GUSTAVO A. MADERO,LA PURISIMA TICOMAN (BARR),05-111,2064,3020.95,23198.09,39792.06,13573.02
2019-04-30,2019,2,GUSTAVO A. MADERO,LINDAVISTA I,05-225,3273,10232.1,73813.48,125538.38,41492.8
2019-04-30,2019,2,GUSTAVO A. MADERO,LINDAVISTA II,05-226,3064,9537.32,81704.13,168554.66,77313.21
2019-04-30,2019,2,GUSTAVO A. MADERO,LINDAVISTA VALLEJO (U HAB),05-113,3745,0.0,78966.09000000001,81268.18000000001,2302.0899999999997
2019-04-30,2019,2,GUSTAVO A. MADERO,LOMA DE LA PALMA,05-114,103630,640.94,3942.63,127279.59,122696.02
2019-04-30,2019,2,GUSTAVO A. MADERO,LOMAS DE CUAUTEPEC,05-115,3087,381.9,1824.31,2377.07,170.86
2019-04-30,2019,2,GUSTAVO A. MADERO,MAGDALENA DE LAS SALINAS,05-119,989,1989.63,7805.74,150339.81,140544.44
2019-04-30,2019,2,GUSTAVO A. MADERO,MALACATES,05-120,1941,0.0,0.0,26.84,26.84
2019-04-30,2019,2,GUSTAVO A. MADERO,MALACATES (AMPL),05-121,1937,0.0,0.0,0.0,0.0
2019-04-30,2019,2,GUSTAVO A. MADERO,MARTIN CARRERA I,05-227,2768,7505.68,45391.77,57144.69,4247.24
2019-04-30,2019,2,GUSTAVO A. MADERO,MARTIN CARRERA II,05-228,2448,8555.800000000001,28956.45,38959.65,1447.3999999999999
2019-04-30,2019,2,GUSTAVO A. MADERO,MARTIRES DE RIO BLANCO,05-124,1650,7475.9400000000005,23975.02,36885.33,5434.37
2019-04-30,2019,2,GUSTAVO A. MADERO,MARTIRES DE RIO BLANCO (AMPL),05-125,291,1160.67,3401.98,4777.389999999999,214.74
2019-04-30,2019,2,GUSTAVO A. MADERO,MAXIMINO AVILA CAMACHO,05-126,579,4698.01,6462.79,12340.0,1179.2
2019-04-30,2019,2,GUSTAVO A. MADERO,NARCISO BASSOLS (U HAB),05-127,1292,0.0,27399.510000000002,28390.0,990.49
2019-04-30,2019,2,GUSTAVO A. MADERO,NUEVA ATZACOALCO II,05-230,2875,9280.91,29838.93,41422.909999999996,2303.0699999999997
2019-04-30,2019,2,GUSTAVO A. MADERO,NUEVA ATZACOALCO III,05-231,2998,6956.11,29163.94,37050.11,930.0600000000001
2019-04-30,2019,2,GUSTAVO A. MADERO,NUEVA INDUSTRIAL VALLEJO (FRACC),05-129,1417,18.3,26614.870000000003,50209.11,23575.94
2019-04-30,2019,2,GUSTAVO A. MADERO,NUEVA TENOCHTITLAN,05-130,2208,7465.83,28665.3,39062.73,2931.6000000000004
2019-04-30,2019,2,GUSTAVO A. MADERO,NUEVA VALLEJO,05-131,1187,5191.47,13791.76,44875.87,25892.64
2019-04-30,2019,2,GUSTAVO A. MADERO,PALMATITLA,05-132,3192,152.28,0.0,1510.57,1358.29
2019-04-30,2019,2,GUSTAVO A. MADERO,PANAMERICANA,05-133,1630,3498.85,13527.75,24583.86,7557.259999999999
2019-04-30,2019,2,GUSTAVO A. MADERO,PANAMERICANA (AMPL),05-134,387,1145.49,4859.22,6579.93,575.22
2019-04-30,2019,2,GUSTAVO A. MADERO,PARQUE METROPOLITANO,05-135,877,0.0,0.0,51.1,51.1
2019-04-30,2019,2,GUSTAVO A. MADERO,PLANETARIO LINDAVISTA,05-137,260,270.52,4926.4400000000005,5551.370000000001,354.41
2019-04-30,2019,2,GUSTAVO A. MADERO,PLAZA ORIENTE (RDCIAL),05-138,289,0.0,3911.81,6192.77,2280.96
2019-04-30,2019,2,GUSTAVO A. MADERO,PRADOS DE CUAUTEPEC,05-139,139,0.0,0.0,100.0,100.0
2019-04-30,2019,2,GUSTAVO A. MADERO,PROGRESO NACIONAL (AMPL),05-141,1638,5945.87,27182.23,34525.78,1397.68
2019-04-30,2019,2,GUSTAVO A. MADERO,PROGRESO NACIONAL I,05-232,1859,12486.76,25654.760000000002,39556.31,1414.79
2019-04-30,2019,2,GUSTAVO A. MADERO,PROGRESO NACIONAL II,05-233,1857,8132.41,24689.21,35028.2,2206.58
2019-04-30,2019,2,GUSTAVO A. MADERO,PROVIDENCIA (AMPL),05-143,1787,0.0,12.81,1036.74,1023.93
2019-04-30,2019,2,GUSTAVO A. MADERO,PROVIDENCIA I,05-234,2393,740.96,90.18,1543.24,712.1
2019-04-30,2019,2,GUSTAVO A. MADERO,PROVIDENCIA II,05-235,2061,550.32,164.66,1106.37,391.39
2019-04-30,2019,2,GUSTAVO A. MADERO,PROVIDENCIA III,05-236,2346,391.07,171.71,2252.0699999999997,1689.29
2019-04-30,2019,2,GUSTAVO A. MADERO,RESIDENCIAL LA ESCALERA (FRACC),05-145,723,297.87,34142.17,35204.99,764.95
2019-04-30,2019,2,GUSTAVO A. MADERO,RESIDENCIAL ZACATENCO,05-146,1581,5104.59,26036.97,43862.69,12721.13
2019-04-30,2019,2,GUSTAVO A. MADERO,REVOLUCION IMSS (U HAB),05-147,152,0.0,3961.25,3961.25,0.0
2019-04-30,2019,2,GUSTAVO A. MADERO,ROSAS DEL TEPEYAC,05-148,332,279.86,1314.2600000000002,2202.8,608.68
2019-04-30,2019,2,GUSTAVO A. MADERO,SALVADOR DIAZ MIRON,05-149,2228,3826.13,13978.58,19754.58,1949.87
2019-04-30,2019,2,GUSTAVO A. MADERO,SAN ANTONIO,05-150,150,18.62,809.44,828.06,0.0
2019-04-30,2019,2,GUSTAVO A. MADERO,SAN BARTOLO ATEPEHUACAN (PBLO),05-151,2418,8060.37,27882.350000000002,41781.06,5838.34
2019-04-30,2019,2,GUSTAVO A. MADERO,SAN FELIPE DE JESUS I,05-237,2940,3023.01,10710.27,13936.65,203.37
2019-04-30,2019,2,GUSTAVO A. MADERO,SAN FELIPE DE JESUS II,05-238,3064,10323.16,25485.08,38482.9,2674.66
2019-04-30,2019,2,GUSTAVO A. MADERO,SAN FELIPE DE JESUS III,05-239,3244,7988.84,21744.71,31024.73,1291.18
2019-04-30,2019,2,GUSTAVO A. MADERO,SAN FELIPE DE JESUS IV,05-240,3444,6067.08,13217.92,21804.25,2519.25
2019-04-30,2019,2,GUSTAVO A. MADERO,SAN JOSE DE LA ESCALERA,05-153,1201,2521.6,18286.11,23973.61,3165.8999999999996
2019-04-30,2019,2,GUSTAVO A. MADERO,SAN JOSE TICOMAN,05-154,937,41.39,5815.37,6393.030000000001,536.27
2019-04-30,2019,2,GUSTAVO A. MADERO,SAN JUAN DE ARAGON (PBLO),05-156,3015,3916.57,42218.94,55744.57,9609.060000000001
2019-04-30,2019,2,GUSTAVO A. MADERO,SAN JUAN DE ARAGON 1A SECCION (U HAB) I,05-241,2233,1838.98,13098.68,23182.76,8245.1
2019-04-30,2019,2,GUSTAVO A. MADERO,SAN JUAN DE ARAGON 1A SECCION (U HAB) II,05-242,2303,2562.82,16689.54,20517.89,1265.53
2019-04-30,2019,2,GUSTAVO A. MADERO,SAN JUAN DE ARAGON 2A SECCION (U HAB) I,05-243,1964,1802.41,8342.8,11149.7,1004.49
2019-04-30,2019,2,GUSTAVO A. MADERO,SAN JUAN DE ARAGON 2A SECCION (U HAB) II,05-244,1576,428.47,7410.0199999999995,8301.22,462.73
2019-04-30,2019,2,GUSTAVO A. MADERO,SAN JUAN DE ARAGON 3A SECCION (U HAB) I,05-159,1450,545.34,11048.41,13314.41,1720.66
2019-04-30,2019,2,GUSTAVO A. MADERO,SAN JUAN DE ARAGON 3A SECCION (U HAB) II,05-255,1373,2165.84,9051.84,12405.82,1188.14
2019-04-30,2019,2,GUSTAVO A. MADERO,SAN JUAN DE ARAGON 4A  Y 5A SECCION (U HAB) I,05-245,2072,801.84,10418.81,12936.27,1715.62
2019-04-30,2019,2,GUSTAVO A. MADERO,SAN JUAN DE ARAGON 4A  Y 5A SECCION (U HAB) II,05-246,1823,1221.67,9705.66,13179.19,2251.8599999999997
2019-04-30,2019,2,GUSTAVO A. MADERO,SAN JUAN DE ARAGON 6A SECCION (U HAB) I,05-161,1526,668.93,7601.01,9728.61,1458.67
2019-04-30,2019,2,GUSTAVO A. MADERO,SAN JUAN DE ARAGON 6A SECCION (U HAB) II,05-256,1307,905.53,9205.26,13004.76,2893.97
2019-04-30,2019,2,GUSTAVO A. MADERO,SAN JUAN DE ARAGON 7 SECC (U HAB) I,05-247,1480,142.4,113.34,579.65,323.90999999999997
2019-04-30,2019,2,GUSTAVO A. MADERO,SAN JUAN DE ARAGON 7 SECC (U HAB) II,05-248,1506,124.85,31.11,1771.28,1615.32
2019-04-30,2019,2,GUSTAVO A. MADERO,SAN JUAN III (U HAB),05-163,1028,0.0,62029.72,66743.51,4713.79
2019-04-30,2019,2,GUSTAVO A. MADERO,SAN JUAN Y GUADALUPE TICOMAN (BARR),05-164,2238,35.73,0.0,571.81,536.0799999999999
2019-04-30,2019,2,GUSTAVO A. MADERO,SAN MIGUEL CUAUTEPEC,05-165,279,25.62,0.0,133.95,108.33000000000001
2019-04-30,2019,2,GUSTAVO A. MADERO,SAN MIGUEL-LA ESCALERA (BARR),05-166,454,0.0,4701.91,4855.76,153.85
2019-04-30,2019,2,GUSTAVO A. MADERO,SAN PEDRO EL CHICO,05-167,1406,2709.97,21348.4,26299.69,2241.32
2019-04-30,2019,2,GUSTAVO A. MADERO,SAN PEDRO ZACATENCO (PBLO),05-168,2566,2311.61,12762.38,15947.29,873.3
2019-04-30,2019,2,GUSTAVO A. MADERO,SAN RAFAEL TICOMAN (BARR),05-169,470,355.98,1256.87,5935.95,4323.1
2019-04-30,2019,2,GUSTAVO A. MADERO,SANTA ISABEL TOLA (PBLO),05-170,4076,7776.82,30257.7,44883.56,6849.04
2019-04-30,2019,2,GUSTAVO A. MADERO,SANTA ROSA,05-171,2481,12159.23,29091.41,44868.8,3618.16
2019-04-30,2019,2,GUSTAVO A. MADERO,SANTIAGO ATEPETLAC,05-172,1243,2911.06,12581.21,15860.609999999999,368.34
2019-04-30,2019,2,GUSTAVO A. MADERO,SANTIAGO ATZACOALCO (PBLO),05-174,1592,5365.42,12594.7,21137.95,3177.83
2019-04-30,2019,2,GUSTAVO A. MADERO,SIETE MARAVILLAS,05-176,589,726.02,13256.89,17120.93,3138.02
2019-04-30,2019,2,GUSTAVO A. MADERO,SOLIDARIDAD NACIONAL,05-177,578,748.1800000000001,3148.4900000000002,6682.1900000000005,2785.52
2019-04-30,2019,2,GUSTAVO A. MADERO,TABLAS DE SAN AGUSTIN,05-179,1468,3632.96,17534.28,24616.33,3449.09
2019-04-30,2019,2,GUSTAVO A. MADERO,TEPETATAL,05-180,886,762.7,926.07,1988.95,300.18
2019-04-30,2019,2,GUSTAVO A. MADERO,TEPEYAC INSURGENTES,05-181,2640,13024.41,36770.33,70328.15,20533.41
2019-04-30,2019,2,GUSTAVO A. MADERO,TLACAMACA,05-183,433,1317.79,4078.29,13219.59,7823.51
2019-04-30,2019,2,GUSTAVO A. MADERO,TLALPEXCO,05-184,3438,45.96,0.0,231.4,185.44
2019-04-30,2019,2,GUSTAVO A. MADERO,TORRES DE QUIROGA (U HAB),05-185,5785,431.46,62180.85,63274.89,662.58
2019-04-30,2019,2,GUSTAVO A. MADERO,TORRES LINDAVISTA (FRACC),05-188,1105,255.57,20521.38,28136.32,7359.37
2019-04-30,2019,2,GUSTAVO A. MADERO,TRES ESTRELLAS,05-189,1400,3975.84,18248.34,23700.32,1476.14
2019-04-30,2019,2,GUSTAVO A. MADERO,VALLE DE MADERO,05-192,1090,1016.3299999999999,4327.11,6147.82,804.38
2019-04-30,2019,2,GUSTAVO A. MADERO,VALLE DEL TEPEYAC,05-193,731,1069.66,12093.61,13678.44,515.17
2019-04-30,2019,2,GUSTAVO A. MADERO,VALLEJO I,05-249,3195,6192.2300000000005,50264.72,63578.55,7121.6
2019-04-30,2019,2,GUSTAVO A. MADERO,VALLEJO II,05-250,2856,8780.15,42602.06,59606.43,8224.22
2019-04-30,2019,2,GUSTAVO A. MADERO,VALLEJO PONIENTE,05-195,717,1190.78,6969.59,10353.44,2193.07
2019-04-30,2019,2,GUSTAVO A. MADERO,VASCO DE QUIROGA,05-196,2708,6238.88,18991.26,28305.85,3075.71
2019-04-30,2019,2,GUSTAVO A. MADERO,VILLA DE ARAGON,05-213,174,11.25,2149.11,2245.39,85.03
2019-04-30,2019,2,GUSTAVO A. MADERO,VILLA DE ARAGON (FRACC),05-198,1322,1454.68,17720.84,20532.86,1357.34
2019-04-30,2019,2,GUSTAVO A. MADERO,VILLA GUSTAVO A MADERO,05-199,1065,3434.71,10211.55,28915.34,15269.08
2019-04-30,2019,2,GUSTAVO A. MADERO,VILLA HERMOSA,05-200,352,965.13,4700.21,6254.110000000001,588.77
2019-04-30,2019,2,GUSTAVO A. MADERO,VISTA HERMOSA,05-202,575,0.0,0.0,253.99,253.99
2019-04-30,2019,2,GUSTAVO A. MADERO,ZONA ESCOLAR I,05-251,1889,6922.54,13241.05,21472.95,1309.36
2019-04-30,2019,2,GUSTAVO A. MADERO,ZONA ESCOLAR II,05-252,2066,6274.54,12932.88,19905.7,698.28
2019-04-30,2019,2,GUSTAVO A. MADERO,ZONA ESCOLAR ORIENTE,05-205,824,473.48999999999995,3357.13,6960.93,3130.31
2019-04-30,2019,2,IZTACALCO,AGRICOLA ORIENTAL I,06-040,5267,11134.48,91694.28,120281.96,17453.2
2019-04-30,2019,2,IZTACALCO,AGRICOLA ORIENTAL II,06-041,3139,7321.73,49464.7,61675.13,4888.7
2019-04-30,2019,2,IZTACALCO,AGRICOLA ORIENTAL III,06-042,3485,10782.380000000001,45876.33,59186.23,2527.52
2019-04-30,2019,2,IZTACALCO,AGRICOLA ORIENTAL IV,06-043,2747,9918.24,46220.25,61245.72,5107.23
2019-04-30,2019,2,IZTACALCO,AGRICOLA ORIENTAL V,06-044,3279,11936.1,55080.82,73084.7,6067.78
2019-04-30,2019,2,IZTACALCO,AGRICOLA ORIENTAL VI,06-045,3830,10102.07,69211.29,82076.4,2763.04
2019-04-30,2019,2,IZTACALCO,AGRICOLA ORIENTAL VII,06-046,2695,6723.14,44649.05,53989.89,2617.7
2019-04-30,2019,2,IZTACALCO,AGRICOLA ORIENTAL VIII,06-047,3090,8153.22,37526.29,48163.98,2484.4700000000003
2019-04-30,2019,2,IZTACALCO,AMPLIACION RAMOS MILLAN,06-002,2275,2463.93,15374.48,21202.88,3364.47
2019-04-30,2019,2,IZTACALCO,CAMPAMENTO 2 DE OCTUBRE I,06-048,2259,567.17,5011.8099999999995,6517.15,938.17
2019-04-30,2019,2,IZTACALCO,CAMPAMENTO 2 DE OCTUBRE II,06-049,2344,1922.74,8560.039999999999,13534.14,3051.36
2019-04-30,2019,2,IZTACALCO,CARLOS ZAPATA VELA,06-004,2204,1875.47,16096.23,26823.28,8851.58
2019-04-30,2019,2,IZTACALCO,CUCHILLA AGRICOLA ORIENTAL,06-006,760,2395.9700000000003,7831.7,11056.1,828.43
2019-04-30,2019,2,IZTACALCO,CUCHILLA RAMOS MILLAN,06-007,1233,582.66,2209.2799999999997,4394.65,1602.71
2019-04-30,2019,2,IZTACALCO,EL RODEO,06-008,1563,5393.9800000000005,15625.69,22195.58,1175.91
2019-04-30,2019,2,IZTACALCO,EX EJIDOS DE LA MAGDALENA MIXIHUCA,06-009,446,1163.5,6623.320000000001,9301.83,1515.01
2019-04-30,2019,2,IZTACALCO,FRACCIONAMIENTO COYUYA,06-005,779,2.2,17739.16,18194.61,453.25
2019-04-30,2019,2,IZTACALCO,GABRIEL RAMOS MILLAN,06-010,2033,3194.31,12355.17,18883.13,3333.65
2019-04-30,2019,2,IZTACALCO,GRANJAS MEXICO I,06-050,3003,9569.29,47668.38,132654.24,75416.57
2019-04-30,2019,2,IZTACALCO,GRANJAS MEXICO II,06-051,2772,7270.34,47200.39,100752.12,46281.39
2019-04-30,2019,2,IZTACALCO,INFONAVIT IZTACALCO (U HAB) I,06-052,2576,149.66,30386.95,37167.450000000004,6630.84
2019-04-30,2019,2,IZTACALCO,INFONAVIT IZTACALCO (U HAB) II,06-053,2274,0.0,5525.89,9723.210000000001,4197.32
2019-04-30,2019,2,IZTACALCO,INPI PICOS,06-013,758,233.12,6318.65,7977.07,1425.3000000000002
2019-04-30,2019,2,IZTACALCO,JARDINES TECMA,06-014,488,1219.93,5534.0199999999995,7155.410000000001,401.46
2019-04-30,2019,2,IZTACALCO,JUVENTINO ROSAS I,06-054,2114,4144.74,25164.91,30909.25,1599.6
2019-04-30,2019,2,IZTACALCO,JUVENTINO ROSAS II,06-055,2013,4413.94,22025.38,29434.86,2995.54
2019-04-30,2019,2,IZTACALCO,LA ASUNCION,06-016,464,819.36,8432.83,10891.08,1638.8899999999999
2019-04-30,2019,2,IZTACALCO,LA CRUZ,06-017,1136,4043.95,16512.5,27225.9,6669.45
2019-04-30,2019,2,IZTACALCO,LOS REYES,06-018,2168,2376.63,26618.91,32386.91,3391.37
2019-04-30,2019,2,IZTACALCO,MILITAR MARTE,06-019,2189,2751.74,25281.329999999998,32328.24,4295.17
2019-04-30,2019,2,IZTACALCO,MOSCO CHINAMPA,06-020,307,282.73,1729.81,2121.12,108.58000000000001
2019-04-30,2019,2,IZTACALCO,NUEVA STA ANITA,06-021,792,3781.5699999999997,11801.82,20114.95,4531.5599999999995
2019-04-30,2019,2,IZTACALCO,PANTITLAN I,06-056,4065,8089.04,69689.97,83593.49,5814.4800000000005
2019-04-30,2019,2,IZTACALCO,PANTITLAN II,06-057,3249,9360.38,52447.49,65806.92,3999.05
2019-04-30,2019,2,IZTACALCO,PANTITLAN III,06-058,3327,4114.53,52308.11,61715.68,5293.04
2019-04-30,2019,2,IZTACALCO,PANTITLAN IV,06-059,5587,7435.2,102316.59999999999,117357.98,7606.18
2019-04-30,2019,2,IZTACALCO,PANTITLAN V,06-060,6457,9381.45,112051.06,133926.88,12494.369999999999
2019-04-30,2019,2,IZTACALCO,PICOS IZTACALCO 1-A,06-023,488,0.0,28.67,807.52,778.85
2019-04-30,2019,2,IZTACALCO,PICOS IZTACALCO 1B,06-024,428,65.54,375.0,632.08,191.54
2019-04-30,2019,2,IZTACALCO,PICOS IZTACALCO 2A,06-025,497,97.16,769.97,1237.14,370.01
2019-04-30,2019,2,IZTACALCO,RAMOS MILLAN BRAMADERO I,06-061,2122,3900.54,17845.739999999998,27154.12,5407.84
2019-04-30,2019,2,IZTACALCO,RAMOS MILLAN BRAMADERO II,06-062,2294,2714.72,17652.05,21326.85,960.0799999999999
2019-04-30,2019,2,IZTACALCO,REFORMA IZTACCIHUATL NORTE,06-027,1873,2528.35,25929.920000000002,31712.05,3253.78
2019-04-30,2019,2,IZTACALCO,REFORMA IZTACCIHUATL SUR,06-028,1188,2834.98,20294.64,24359.73,1230.11
2019-04-30,2019,2,IZTACALCO,SAN FCO XICALTONGO,06-029,867,2416.39,10661.02,14359.720000000001,1282.3100000000002
2019-04-30,2019,2,IZTACALCO,SAN MIGUEL,06-030,1915,3355.98,22852.1,29266.59,3058.51
2019-04-30,2019,2,IZTACALCO,SAN PEDRO IZTACALCO,06-031,1649,5168.76,24677.32,32731.59,2885.51
2019-04-30,2019,2,IZTACALCO,SANTA ANITA,06-032,3350,8656.25,54751.799999999996,74306.3,10898.25
2019-04-30,2019,2,IZTACALCO,SANTA CRUZ,06-033,488,1017.6,7867.29,9256.42,371.53
2019-04-30,2019,2,IZTACALCO,SANTIAGO NORTE,06-034,1220,3016.19,18126.82,22416.11,1273.1
2019-04-30,2019,2,IZTACALCO,SANTIAGO SUR,06-035,2379,2430.41,22692.530000000002,30473.190000000002,5350.25
2019-04-30,2019,2,IZTACALCO,TLACOTAL RAMOS MILLAN,06-036,2166,2033.86,15949.87,19256.91,1273.1799999999998
2019-04-30,2019,2,IZTACALCO,TLAZINTLA,06-037,754,774.82,10433.42,12074.43,866.19
2019-04-30,2019,2,IZTACALCO,VIADUCTO PIEDAD,06-038,3729,15181.91,57753.479999999996,81620.38,8684.99
2019-04-30,2019,2,IZTACALCO,ZAPOTLA,06-039,1143,807.33,24393.33,27727.23,2526.57
2019-04-30,2019,2,IZTAPALAPA,12 DE DICIEMBRE,07-253,815,909.51,5019.92,6473.05,543.62
2019-04-30,2019,2,IZTAPALAPA,1A AMPLIACION SANTIAGO ACAHUALTEPEC,07-254,1870,72.18,4.88,602.8100000000001,525.75
2019-04-30,2019,2,IZTAPALAPA,2A AMPLIACION SANTIAGO ACAHUALTEPEC I,07-308,2221,15.26,40.86,718.52,662.4
2019-04-30,2019,2,IZTAPALAPA,2A AMPLIACION SANTIAGO ACAHUALTEPEC II,07-309,3985,26.24,0.0,1004.54,978.3
2019-04-30,2019,2,IZTAPALAPA,8A DE SAN MIGUEL (AMPL),07-256,529,616.88,2070.66,7676.7,4989.16
2019-04-30,2019,2,IZTAPALAPA,ACULCO (PBLO),07-001,1616,2756.23,18139.38,22316.82,1421.2099999999998
2019-04-30,2019,2,IZTAPALAPA,ALVARO OBREGON,07-005,1289,0.0,0.0,856.6,856.6
2019-04-30,2019,2,IZTAPALAPA,ALVARO OBREGON_(FRACC),07-006,1694,0.0,16.47,8332.699999999999,8316.23
2019-04-30,2019,2,IZTAPALAPA,ANTORCHA POPULAR I (U HAB),07-008,206,0.0,10019.13,10734.45,715.32
2019-04-30,2019,2,IZTAPALAPA,AO DE JUAREZ,07-007,937,18.3,89.67999999999999,655.53,547.55
2019-04-30,2019,2,IZTAPALAPA,APATLACO,07-009,2682,3696.14,21459.12,27330.63,2175.3700000000003
2019-04-30,2019,2,IZTAPALAPA,ARBOLEDAS,07-010,619,32.48,2.16,61.04,26.4
2019-04-30,2019,2,IZTAPALAPA,BANJIDAL,07-012,1221,2697.43,19630.13,25618.55,3290.9900000000002
2019-04-30,2019,2,IZTAPALAPA,BELLAVISTA (U HAB),07-014,1322,323.74,5241.53,6396.35,831.08
2019-04-30,2019,2,IZTAPALAPA,BENITO JUAREZ,07-015,363,578.0400000000001,1823.67,3410.05,1008.3399999999999
2019-04-30,2019,2,IZTAPALAPA,BUENAVISTA I,07-258,3174,0.0,0.0,320.09000000000003,320.09000000000003
2019-04-30,2019,2,IZTAPALAPA,BUENAVISTA II,07-259,3777,0.0,0.0,1.58,1.58
2019-04-30,2019,2,IZTAPALAPA,CABEZA DE JUAREZ I (U HAB),07-017,281,0.0,12685.92,12867.27,181.35
2019-04-30,2019,2,IZTAPALAPA,CACAMA,07-020,597,2345.9,24135.690000000002,31328.13,4846.54
2019-04-30,2019,2,IZTAPALAPA,CAMPESTRE POTRERO,07-021,4015,0.0,0.0,144.57,144.57
2019-04-30,2019,2,IZTAPALAPA,CANANEA (U HAB),07-022,1367,0.0,0.0,217.16,217.16
2019-04-30,2019,2,IZTAPALAPA,CARLOS HANK GONZALEZ,07-023,3150,1434.6699999999998,9397.48,11358.16,526.01
2019-04-30,2019,2,IZTAPALAPA,CARMEN SERDAN ( U HAB),07-024,435,11.96,0.0,11.96,0.0
2019-04-30,2019,2,IZTAPALAPA,CASA BLANCA,07-025,1227,1149.14,9098.39,10969.380000000001,721.8499999999999
2019-04-30,2019,2,IZTAPALAPA,CERRO DE LA ESTRELLA I,07-260,3358,2756.25,24209.5,30139.719999999998,3173.97
2019-04-30,2019,2,IZTAPALAPA,CERRO DE LA ESTRELLA II,07-261,2868,4138.22,26663.93,33411.3,2609.15
2019-04-30,2019,2,IZTAPALAPA,CHINAMPAC DE JUAREZ II,07-263,4440,0.0,0.0,387.35,387.35
2019-04-30,2019,2,IZTAPALAPA,CHINAMPAC DE JUAREZ III,07-320,2524,0.0,25013.97,25684.36,670.39
2019-04-30,2019,2,IZTAPALAPA,CHINAMPAS DE SANTA MA TOMATLAN,07-029,389,219.72,5460.17,5679.89,0.0
2019-04-30,2019,2,IZTAPALAPA,CITLALLI,07-030,4000,48.8,0.0,820.33,771.53
2019-04-30,2019,2,IZTAPALAPA,COLONIAL IZTAPALAPA (FRACC),07-031,1440,135.18,2982.74,3221.41,103.49
2019-04-30,2019,2,IZTAPALAPA,CONCORDIA ZARAGOZA (U HAB),07-032,999,0.0,23097.09,23097.09,0.0
2019-04-30,2019,2,IZTAPALAPA,CONSEJO AGRARISTA MEXICANO I,07-264,4172,3167.42,13872.16,17296.13,256.55
2019-04-30,2019,2,IZTAPALAPA,CONSEJO AGRARISTA MEXICANO II,07-265,3515,3192.38,23682.2,27878.66,1004.08
2019-04-30,2019,2,IZTAPALAPA,CONSTITUCION DE 1917 I,07-266,2642,2218.7200000000003,9948.31,13438.95,1271.92
2019-04-30,2019,2,IZTAPALAPA,CONSTITUCION DE 1917 II,07-267,1598,2942.56,9611.39,16486.0,3932.05
2019-04-30,2019,2,IZTAPALAPA,CUCHILLAS DEL MORAL (U HAB),07-035,1155,0.0,16761.78,21059.760000000002,4297.98
2019-04-30,2019,2,IZTAPALAPA,CUITLAHUAC (U HAB),07-036,646,0.0,15.600000000000001,291.72,276.12
2019-04-30,2019,2,IZTAPALAPA,CULHUACAN (PBLO),07-037,1536,1738.8999999999999,7907.41,12899.93,3253.62
2019-04-30,2019,2,IZTAPALAPA,DEGOLLADO,07-038,856,148.7,861.77,1019.54,9.07
2019-04-30,2019,2,IZTAPALAPA,DESARROLLO URBANO QUETZALCOATL  I,07-268,4061,1490.23,10472.91,13020.72,1057.58
2019-04-30,2019,2,IZTAPALAPA,DESARROLLO URBANO QUETZALCOATL  II,07-269,4228,3289.52,12641.66,16599.74,668.5600000000001
2019-04-30,2019,2,IZTAPALAPA,DESARROLLO URBANO QUETZALCOATL  III,07-270,5334,2106.7,11715.61,14544.83,722.52
2019-04-30,2019,2,IZTAPALAPA,DR ALFONSO ORTIZ TIRADO,07-041,1091,2764.95,9329.75,18585.71,6491.01
2019-04-30,2019,2,IZTAPALAPA,EJERCITO DE AGUA PRIETA,07-042,2055,717.25,14260.56,16730.05,1752.24
2019-04-30,2019,2,IZTAPALAPA,EJERCITO DE ORIENTE (U HAB) I,07-271,2033,0.0,1394.97,1866.8600000000001,471.89
2019-04-30,2019,2,IZTAPALAPA,EJERCITO DE ORIENTE (U HAB) II,07-272,2563,0.0,4370.56,6779.93,2409.37
2019-04-30,2019,2,IZTAPALAPA,EJTO CONSTITUCIONALISTA,07-044,1959,0.0,26968.37,78480.25,51511.88
2019-04-30,2019,2,IZTAPALAPA,"EJTO CONSTITUCIONALISTA, SUPERMANZANA I ( U HAB)",07-046,2054,0.0,0.0,659.13,659.13
2019-04-30,2019,2,IZTAPALAPA,"EJTO CONSTITUCIONALISTA, SUPERMANZANA II ( U HAB)",07-047,1591,0.0,5803.17,10355.83,4552.66
2019-04-30,2019,2,IZTAPALAPA,EJTO DE OTE II (U HAB),07-049,2100,193.8,3260.48,23829.39,20375.11
2019-04-30,2019,2,IZTAPALAPA,EL EDEN,07-050,367,33.18,7.93,362.78999999999996,321.68
2019-04-30,2019,2,IZTAPALAPA,EL MANTO,07-051,3360,66.00999999999999,29.28,2103.43,2008.1399999999999
2019-04-30,2019,2,IZTAPALAPA,EL MANTO PLAN DE IGUALA,07-052,596,208.73000000000002,1081.48,1965.04,674.83
2019-04-30,2019,2,IZTAPALAPA,EL MIRADOR,07-053,1591,54.3,9673.18,9848.970000000001,121.49
2019-04-30,2019,2,IZTAPALAPA,EL MOLINO,07-054,1854,98.95,0.0,1463.34,1364.3899999999999
2019-04-30,2019,2,IZTAPALAPA,EL MOLINO_,07-055,291,185.47,1427.74,1821.9299999999998,208.72
2019-04-30,2019,2,IZTAPALAPA,EL PRADO,07-056,791,1805.6,15539.11,18418.45,1073.74
2019-04-30,2019,2,IZTAPALAPA,EL RETOO,07-057,2499,2597.52,29192.38,33997.01,2207.11
2019-04-30,2019,2,IZTAPALAPA,EL RODEO,07-058,736,888.34,4207.87,5984.94,888.73
2019-04-30,2019,2,IZTAPALAPA,EL ROSARIO,07-059,1708,859.39,4008.01,5642.12,774.7199999999999
2019-04-30,2019,2,IZTAPALAPA,EL SANTUARIO,07-060,1784,439.8,3831.25,5950.47,1679.42
2019-04-30,2019,2,IZTAPALAPA,EL SANTUARIO (AMPL),07-061,1190,340.34999999999997,3780.8100000000004,4512.3,391.14
2019-04-30,2019,2,IZTAPALAPA,EL SIFON,07-062,3199,2725.44,28738.58,33618.82,2154.8
2019-04-30,2019,2,IZTAPALAPA,EL TRIANGULO,07-063,1740,435.15,1376.47,1820.1599999999999,8.54
2019-04-30,2019,2,IZTAPALAPA,EL TRIUNFO,07-064,855,1687.3600000000001,9419.44,14980.400000000001,3873.6000000000004
2019-04-30,2019,2,IZTAPALAPA,EL TRIUNFO (AMPL),07-065,1819,732.4200000000001,14179.19,15195.5,283.89
2019-04-30,2019,2,IZTAPALAPA,EL VERGEL,07-066,1457,2461.43,16108.300000000001,21645.09,3075.36
2019-04-30,2019,2,IZTAPALAPA,EL VERGEL TRIANGULO DE LAS AGUJAS I (U HAB),07-067,361,384.96,6693.14,7339.64,261.54
2019-04-30,2019,2,IZTAPALAPA,EMILIANO ZAPATA (AMPL),07-069,2578,0.0,0.0,279.46999999999997,279.46999999999997
2019-04-30,2019,2,IZTAPALAPA,ERMITA ZARAGOZA (U HAB) I,07-273,2704,0.0,44.53,612.58,568.05
2019-04-30,2019,2,IZTAPALAPA,ERMITA ZARAGOZA (U HAB) II,07-274,2884,0.0,0.0,3454.69,3454.69
2019-04-30,2019,2,IZTAPALAPA,ESCUADRON 201,07-071,3852,14685.82,52044.55,72800.35,6069.9800000000005
2019-04-30,2019,2,IZTAPALAPA,ESTRELLA CULHUACAN,07-073,593,720.04,2465.08,3369.21,184.09000000000003
2019-04-30,2019,2,IZTAPALAPA,ESTRELLA DEL SUR,07-074,2152,1135.84,9483.61,10963.48,344.03
2019-04-30,2019,2,IZTAPALAPA,FRANCISCO VILLA,07-076,2836,95.64,25.07,895.73,775.02
2019-04-30,2019,2,IZTAPALAPA,FUEGO NUEVO,07-077,3704,157.41,99.8,1079.83,822.62
2019-04-30,2019,2,IZTAPALAPA,FUERTE DE LORETO - LA ANTENA (U HAB),07-079,2734,0.0,5913.71,6340.71,427.0
2019-04-30,2019,2,IZTAPALAPA,GAMA GAVILAN (U HAB),07-080,366,0.0,59.17,1909.08,1849.91
2019-04-30,2019,2,IZTAPALAPA,GRANJAS ESMERALDA,07-082,775,2572.67,11718.35,43097.6,28806.579999999998
2019-04-30,2019,2,IZTAPALAPA,GRANJAS ESTRELLA I,07-083,1744,132.43,10335.03,23941.91,13474.449999999999
2019-04-30,2019,2,IZTAPALAPA,GRANJAS ESTRELLA II,07-084,382,99.82,138.57,238.39,0.0
2019-04-30,2019,2,IZTAPALAPA,GRANJAS SAN ANTONIO,07-086,1081,1040.93,14213.74,43303.98,28049.31
2019-04-30,2019,2,IZTAPALAPA,GUADALUPE (BARR),07-087,625,2565.09,2054.98,5570.4,950.3300000000002
2019-04-30,2019,2,IZTAPALAPA,GUADALUPE DEL MORAL,07-088,2711,174.26,102.87,5801.44,5524.3099999999995
2019-04-30,2019,2,IZTAPALAPA,HEROES DE CHURUBUSCO,07-091,1992,6407.67,31355.02,40874.78,3112.09
2019-04-30,2019,2,IZTAPALAPA,HUASIPUNGO (U HAB),07-092,163,0.0,1103.56,1129.79,26.23
2019-04-30,2019,2,IZTAPALAPA,IGNACIO ZARAGOZA (U HAB),07-094,464,0.0,13358.32,14695.94,1337.62
2019-04-30,2019,2,IZTAPALAPA,INSURGENTES,07-095,1613,237.47,210.04000000000002,871.89,424.38
2019-04-30,2019,2,IZTAPALAPA,IXTLAHUACAN,07-096,4840,23.18,1.46,893.89,869.25
2019-04-30,2019,2,IZTAPALAPA,JACARANDAS,07-097,2367,72.0,157.19,3167.83,2938.64
2019-04-30,2019,2,IZTAPALAPA,JARDINES DE CHURUBUSCO,07-098,502,182.6,3030.07,3339.96,127.28999999999999
2019-04-30,2019,2,IZTAPALAPA,JARDINES DE SAN LORENZO,07-099,1946,0.0,495.5,560.83,65.33
2019-04-30,2019,2,IZTAPALAPA,JOSE LOPEZ PORTILLO I,07-275,3481,4392.87,15283.6,20520.35,843.88
2019-04-30,2019,2,IZTAPALAPA,JOSE LOPEZ PORTILLO II,07-276,2884,5681.79,13339.74,20717.82,1696.29
2019-04-30,2019,2,IZTAPALAPA,JOSE MA MORELOS Y PAVON (U HAB),07-101,465,0.0,0.0,0.0,0.0
2019-04-30,2019,2,IZTAPALAPA,JUAN ESCUTIA I,07-277,2729,9558.43,34793.07,50768.49,6416.99
2019-04-30,2019,2,IZTAPALAPA,JUAN ESCUTIA II,07-278,2074,6578.61,22596.5,36815.34,7640.23
2019-04-30,2019,2,IZTAPALAPA,JUAN ESCUTIA III,07-313,2104,6745.54,17172.9,25476.06,1557.6200000000001
2019-04-30,2019,2,IZTAPALAPA,JUSTO SIERRA,07-103,371,642.62,4474.76,5971.22,853.8399999999999
2019-04-30,2019,2,IZTAPALAPA,LA ASUNCION (BARR),07-104,1070,1059.8400000000001,97.95,1517.93,360.14
2019-04-30,2019,2,IZTAPALAPA,LA COLMENA,07-105,975,0.0,0.0,1328.97,1328.97
2019-04-30,2019,2,IZTAPALAPA,LA ERA,07-106,1952,96.92,35.3,1112.99,980.77
2019-04-30,2019,2,IZTAPALAPA,LA ESPERANZA,07-107,379,741.49,2217.68,3205.34,246.17
2019-04-30,2019,2,IZTAPALAPA,LA ESTACION,07-108,541,181.16,587.22,768.38,0.0
2019-04-30,2019,2,IZTAPALAPA,LA MAGUEYERA,07-111,886,0.0,11468.71,11468.71,0.0
2019-04-30,2019,2,IZTAPALAPA,LA NUEVA ROSITA,07-112,923,1281.58,5087.57,7124.12,754.97
2019-04-30,2019,2,IZTAPALAPA,LA PLANTA,07-113,1639,0.0,32.33,179.95000000000002,147.62
2019-04-30,2019,2,IZTAPALAPA,LA POLVORILLA,07-114,1104,1284.58,4045.86,5356.8,26.36
2019-04-30,2019,2,IZTAPALAPA,LA REGADERA,07-116,205,0.0,776.38,851.81,75.43
2019-04-30,2019,2,IZTAPALAPA,LAS PEAS I,07-118,3265,978.14,8378.69,9745.84,389.01
2019-04-30,2019,2,IZTAPALAPA,LAS PEAS II,07-314,443,754.9499999999999,1849.21,3805.38,1201.22
2019-04-30,2019,2,IZTAPALAPA,LEYES DE REFORMA 1A SECCION,07-119,2114,60.58,90.33000000000001,13506.4,13355.49
2019-04-30,2019,2,IZTAPALAPA,LEYES DE REFORMA 2A SECCION,07-120,1425,0.0,1214.62,24059.29,22844.670000000002
2019-04-30,2019,2,IZTAPALAPA,LEYES DE REFORMA 3A SECCION I,07-279,4503,677.8,467.01,7809.56,6664.75
2019-04-30,2019,2,IZTAPALAPA,LEYES DE REFORMA 3A SECCION II,07-280,3518,152.02,99.48,4116.64,3865.14
2019-04-30,2019,2,IZTAPALAPA,LOMAS DE LA ESTANCIA I,07-281,2072,0.0,0.0,115.28999999999999,115.28999999999999
2019-04-30,2019,2,IZTAPALAPA,LOMAS DE LA ESTANCIA II,07-282,3972,0.0,21587.04,24092.66,2505.62
2019-04-30,2019,2,IZTAPALAPA,LOMAS DE SAN LORENZO I,07-283,3898,4208.21,17396.670000000002,22222.51,617.63
2019-04-30,2019,2,IZTAPALAPA,LOMAS DE SAN LORENZO II,07-284,104459,8856.039999999999,29371.13,42524.92,4297.75
2019-04-30,2019,2,IZTAPALAPA,LOMAS DE SANTA CRUZ MEYEHUALCO,07-124,1645,3.06,0.0,19.529999999999998,16.47
2019-04-30,2019,2,IZTAPALAPA,LOMAS DE ZARAGOZA,07-125,4834,73.22,0.0,1642.36,1569.1399999999999
2019-04-30,2019,2,IZTAPALAPA,LOMAS ESTRELLA 1A SECC (FRACC),07-128,861,515.58,11035.33,13080.46,1529.55
2019-04-30,2019,2,IZTAPALAPA,LOMAS ESTRELLA 2A SECC I,07-285,3375,1131.86,43453.770000000004,51215.75,6630.12
2019-04-30,2019,2,IZTAPALAPA,LOMAS ESTRELLA 2A SECC II,07-286,4123,1890.98,52919.06,57824.11,3014.07
2019-04-30,2019,2,IZTAPALAPA,LOS ANGELES,07-130,3907,148.01,213.6,3077.9100000000003,2716.3
2019-04-30,2019,2,IZTAPALAPA,LOS ANGELES APANOAYA,07-131,1257,0.0,3.66,1152.77,1149.11
2019-04-30,2019,2,IZTAPALAPA,LOS CIPRESES,07-132,766,3127.1600000000003,8314.4,12876.87,1435.31
2019-04-30,2019,2,IZTAPALAPA,LOS PICOS VI B,07-133,689,544.77,1301.79,1950.95,104.39
2019-04-30,2019,2,IZTAPALAPA,LOS REYES (AMPL),07-134,2035,1776.7,6907.52,11032.52,2348.3
2019-04-30,2019,2,IZTAPALAPA,LOS REYES (PBLO),07-135,1827,3351.21,17233.67,22427.55,1842.67
2019-04-30,2019,2,IZTAPALAPA,M MAZA DE JUAREZ (U HAB),07-136,777,0.0,155.87,579.94,424.07
2019-04-30,2019,2,IZTAPALAPA,MAGDALENA ATLAZOLPA (PBLO),07-137,1794,1975.9,8888.44,12362.1,1497.7600000000002
2019-04-30,2019,2,IZTAPALAPA,MEXICALTZINGO (PBLO),07-138,326,1193.4199999999998,5086.72,8027.97,1747.83
2019-04-30,2019,2,IZTAPALAPA,MIGUEL DE LA MADRID HURTADO,07-139,4172,4.89,0.0,458.11999999999995,453.22999999999996
2019-04-30,2019,2,IZTAPALAPA,MINERVA,07-141,474,2441.48,5904.68,8890.43,544.27
2019-04-30,2019,2,IZTAPALAPA,MIRASOLES (U HAB),07-142,2902,0.0,61698.42,65045.41,3346.99
2019-04-30,2019,2,IZTAPALAPA,MIRAVALLE,07-143,3510,41.5,0.0,289.64,248.14
2019-04-30,2019,2,IZTAPALAPA,MIXCOATL,07-144,1789,206.27999999999997,2637.06,3539.58,696.2399999999999
2019-04-30,2019,2,IZTAPALAPA,MODELO (U),07-145,1980,1237.1200000000001,22522.46,25130.03,1370.45
2019-04-30,2019,2,IZTAPALAPA,MONTE ALBAN,07-146,355,0.0,0.0,0.0,0.0
2019-04-30,2019,2,IZTAPALAPA,NORMA ISSSTE (U HAB),07-149,647,0.0,61.34,3386.78,3325.44
2019-04-30,2019,2,IZTAPALAPA,PALMITAS,07-151,2677,78.1,0.0,511.2,433.09999999999997
2019-04-30,2019,2,IZTAPALAPA,PARAISO,07-152,1969,54.92,0.0,1942.4199999999998,1887.5
2019-04-30,2019,2,IZTAPALAPA,PARAJE SAN JUAN,07-154,2838,153.12,92.72,1305.14,1059.3
2019-04-30,2019,2,IZTAPALAPA,PARAJE ZACATEPEC,07-155,2703,246.66,47.58,976.96,682.72
2019-04-30,2019,2,IZTAPALAPA,PARAJES BUENAVISTA (TETECON),07-156,2239,0.0,0.0,19.52,19.52
2019-04-30,2019,2,IZTAPALAPA,PASEOS DE CHURUBUSCO,07-157,3579,1355.8799999999999,26231.26,47484.6,19897.46
2019-04-30,2019,2,IZTAPALAPA,POLVORILLA (AMPL),07-115,1413,0.0,0.0,42.09,42.09
2019-04-30,2019,2,IZTAPALAPA,PRESIDENTES DE MEXICO,07-162,4419,61.58,296.81,1758.3799999999999,1399.99
2019-04-30,2019,2,IZTAPALAPA,PRIVADA GAVILAN (U HAB),07-163,638,0.0,61.0,125.66,64.66
2019-04-30,2019,2,IZTAPALAPA,PROGRESISTA,07-164,2783,4812.24,12939.74,26042.82,8290.84
2019-04-30,2019,2,IZTAPALAPA,PROGRESO DEL SUR,07-165,637,1722.51,8931.09,15305.96,4652.36
2019-04-30,2019,2,IZTAPALAPA,PUENTE BLANCO,07-166,2200,92.11,68.49000000000001,763.56,602.9599999999999
2019-04-30,2019,2,IZTAPALAPA,PURISIMA ATLAZOLPA,07-167,631,1177.86,3580.18,4863.7,105.66
2019-04-30,2019,2,IZTAPALAPA,PURISIMA I,07-168,272,146.26,1280.85,1473.47,46.36
2019-04-30,2019,2,IZTAPALAPA,REAL DEL MORAL (FRACC),07-169,1196,346.12,3741.48,4562.2,474.59999999999997
2019-04-30,2019,2,IZTAPALAPA,REFORMA POLITICA I,07-287,1723,0.0,0.0,68.32,68.32
2019-04-30,2019,2,IZTAPALAPA,REFORMA POLITICA II,07-288,2548,0.0,3.66,1087.7900000000002,1084.13
2019-04-30,2019,2,IZTAPALAPA,RENOVACION,07-171,3619,1551.0900000000001,11052.55,18030.31,5426.670000000001
2019-04-30,2019,2,IZTAPALAPA,RICARDO FLORES MAGON,07-172,492,1080.47,4119.16,5372.280000000001,172.65
2019-04-30,2019,2,IZTAPALAPA,RICARDO FLORES MAGON (AMPL),07-173,841,1422.25,10044.04,13065.62,1599.33
2019-04-30,2019,2,IZTAPALAPA,RINCONADA EL MOLINO,07-174,495,0.0,0.0,0.0,0.0
2019-04-30,2019,2,IZTAPALAPA,SAN ANDRES TETEPILCO (PBLO),07-175,4099,9000.81,60749.26,75486.98,5736.91
2019-04-30,2019,2,IZTAPALAPA,SAN ANDRES TOMATLAN (PBLO),07-176,1351,2684.21,7818.42,12705.25,2202.62
2019-04-30,2019,2,IZTAPALAPA,SAN ANTONIO (BARR),07-177,3941,630.95,42.0,4738.22,4065.27
2019-04-30,2019,2,IZTAPALAPA,SAN ANTONIO CULHUACAN (BARR),07-178,1795,3487.96,10171.4,15004.84,1345.48
2019-04-30,2019,2,IZTAPALAPA,SAN FRANCISCO APOLOCALCO,07-179,1406,0.0,0.0,0.0,0.0
2019-04-30,2019,2,IZTAPALAPA,SAN IGNACIO (BARR),07-180,2258,249.43,162.39,1775.4,1363.58
2019-04-30,2019,2,IZTAPALAPA,SAN JOSE (BARR),07-181,929,31.119999999999997,102.82000000000001,44314.12,44180.18
2019-04-30,2019,2,IZTAPALAPA,SAN JOSE ACULCO,07-182,2411,2754.09,7702.11,10970.92,514.72
2019-04-30,2019,2,IZTAPALAPA,SAN JOSE BUENAVISTA,07-183,1172,0.0,0.0,30.02,30.02
2019-04-30,2019,2,IZTAPALAPA,SAN JUAN 2A AMPLIACIN (PJE),07-184,943,38.86,25.62,260.18,195.7
2019-04-30,2019,2,IZTAPALAPA,SAN JUAN CERRO (PJE),07-185,1449,0.0,39.65,572.75,533.1
2019-04-30,2019,2,IZTAPALAPA,SAN JUAN JOYA (PJE),07-186,1063,2073.11,7644.150000000001,9911.130000000001,193.87
2019-04-30,2019,2,IZTAPALAPA,SAN JUAN XALPA I,07-289,3931,2262.17,33738.32,36974.8,974.31
2019-04-30,2019,2,IZTAPALAPA,SAN JUAN XALPA II,07-290,4567,3750.63,23400.29,33956.32,6805.4
2019-04-30,2019,2,IZTAPALAPA,SAN JUANICO NEXTIPAC (PBLO),07-188,987,2479.34,6061.15,10018.539999999999,1478.05
2019-04-30,2019,2,IZTAPALAPA,SAN LORENZO TEZONCO (BARR),07-190,930,34.769999999999996,17.69,340.55,288.09
2019-04-30,2019,2,IZTAPALAPA,SAN LORENZO TEZONCO (PBLO),07-191,2141,2580.9,3422.2700000000004,20585.269999999997,14582.1
2019-04-30,2019,2,IZTAPALAPA,SAN LORENZO XICOTENCATL (PBLO),07-194,1275,3926.73,12399.82,19416.52,3089.97
2019-04-30,2019,2,IZTAPALAPA,SAN LUCAS (BARR),07-195,1940,186.47,292.65,3946.33,3467.21
2019-04-30,2019,2,IZTAPALAPA,SAN MIGUEL (BARR),07-196,5981,59.79,288.47999999999996,12142.64,11794.37
2019-04-30,2019,2,IZTAPALAPA,SAN MIGUEL TEOTONGO I,07-291,3488,0.0,0.0,1046.04,1046.04
2019-04-30,2019,2,IZTAPALAPA,SAN MIGUEL TEOTONGO II,07-292,4703,26.24,0.0,1024.48,998.24
2019-04-30,2019,2,IZTAPALAPA,SAN MIGUEL TEOTONGO III,07-293,3781,0.0,0.0,1270.7900000000002,1270.7900000000002
2019-04-30,2019,2,IZTAPALAPA,SAN MIGUEL TEOTONGO IV,07-294,2456,0.0,0.0,874.13,874.13
2019-04-30,2019,2,IZTAPALAPA,SAN NICOLAS TOLENTINO I,07-198,1700,74.48,9623.71,10996.45,1298.26
2019-04-30,2019,2,IZTAPALAPA,SAN NICOLAS TOLENTINO II,07-199,2589,149.36,20827.81,21574.719999999998,597.5500000000001
2019-04-30,2019,2,IZTAPALAPA,SAN PABLO (BARR),07-200,1135,350.15000000000003,288.06,2817.07,2178.86
2019-04-30,2019,2,IZTAPALAPA,"SAN PABLO I, II Y V-LOMAS DEL PARAISO",07-201,1709,0.0,0.0,151.69,151.69
2019-04-30,2019,2,IZTAPALAPA,SAN PEDRO (BARR),07-202,1383,130.43,154.7,7795.17,7510.04
2019-04-30,2019,2,IZTAPALAPA,SAN SEBASTIAN TECOLOXTITLAN (PBLO),07-203,2542,43.92,47.98,1413.56,1321.66
2019-04-30,2019,2,IZTAPALAPA,SAN SIMON CULHUACAN (BARR),07-204,1247,1526.55,10398.32,13547.51,1622.6399999999999
2019-04-30,2019,2,IZTAPALAPA,SANTA BARBARA (BARR) I,07-205,3142,333.93,302.83000000000004,3018.53,2381.77
2019-04-30,2019,2,IZTAPALAPA,SANTA BARBARA (BARR) II,07-316,1247,201.86,116.19000000000001,901.7,583.6500000000001
2019-04-30,2019,2,IZTAPALAPA,SANTA CRUZ MEYEHUALCO (PBLO),07-206,3453,62.56,46.97,2071.93,1962.3999999999999
2019-04-30,2019,2,IZTAPALAPA,SANTA CRUZ MEYEHUALCO (U HAB) I,07-295,2627,210.96,82.75,2135.89,1842.18
2019-04-30,2019,2,IZTAPALAPA,SANTA CRUZ MEYEHUALCO (U HAB) II,07-296,1899,82.35,87.98,2982.09,2811.76
2019-04-30,2019,2,IZTAPALAPA,SANTA MARIA AZTAHUACAN (EJ) I,07-297,4602,39.22,114.89,11895.52,11741.41
2019-04-30,2019,2,IZTAPALAPA,SANTA MARIA AZTAHUACAN (EJ) II,07-298,3744,4826.9800000000005,9154.78,21752.89,7771.130000000001
2019-04-30,2019,2,IZTAPALAPA,SANTA MARIA AZTAHUACAN (U HAB),07-317,651,0.0,0.0,1754.93,1754.93
2019-04-30,2019,2,IZTAPALAPA,SANTA MARIA DEL MONTE,07-211,360,0.0,0.0,0.0,0.0
2019-04-30,2019,2,IZTAPALAPA,SANTA MARIA TOMATLAN,07-212,640,1541.44,4103.0,5878.33,233.89
2019-04-30,2019,2,IZTAPALAPA,SANTA MARIA TOMATLAN (AMPL),07-213,540,35.35,1282.01,1368.6,51.24
2019-04-30,2019,2,IZTAPALAPA,SANTA MARIA TOMATLAN (PBLO),07-214,1271,2699.4,6432.79,9706.97,574.78
2019-04-30,2019,2,IZTAPALAPA,SANTA MARTHA ACATITLA,07-215,3886,11516.16,28601.79,45599.409999999996,5481.46
2019-04-30,2019,2,IZTAPALAPA,SANTA MARTHA ACATITLA SUR (AMPL),07-216,1510,2692.17,8995.130000000001,12003.029999999999,315.73
2019-04-30,2019,2,IZTAPALAPA,SANTA MARTHA ACATITLA_(PBLO),07-217,102844,21.6,21.959999999999997,84775.05,84731.49
2019-04-30,2019,2,IZTAPALAPA,SANTIAGO ACAHUALTEPEC (PBLO),07-219,1936,88.81,0.0,986.98,898.1700000000001
2019-04-30,2019,2,IZTAPALAPA,SECTOR POPULAR,07-220,3075,8721.48,38628.57,52539.34,5189.29
2019-04-30,2019,2,IZTAPALAPA,SIDERAL,07-221,614,0.0,25.01,189.56,164.55
2019-04-30,2019,2,IZTAPALAPA,SIERRA DEL VALLE,07-222,231,20.14,0.0,381.20000000000005,361.06
2019-04-30,2019,2,IZTAPALAPA,SINATEL,07-223,830,1660.76,17676.11,21245.079999999998,1908.21
2019-04-30,2019,2,IZTAPALAPA,SINATEL (AMPL),07-224,851,327.56,9578.25,12733.23,2827.42
2019-04-30,2019,2,IZTAPALAPA,SOLIDARIDAD EL SALADO (U HAB),07-225,3002,0.0,0.0,983.79,983.79
2019-04-30,2019,2,IZTAPALAPA,STA ISABEL INDUSTRIAL,07-226,520,662.76,3238.17,17240.829999999998,13339.9
2019-04-30,2019,2,IZTAPALAPA,STA MA AZTAHUACAN (PBLO),07-227,3503,36.37,0.0,1082.32,1045.95
2019-04-30,2019,2,IZTAPALAPA,STA MARTHA ACATITLA NTE (AMPL) I,07-299,2089,2647.89,6322.49,14776.73,5806.35
2019-04-30,2019,2,IZTAPALAPA,STA MARTHA ACATITLA NTE (AMPL) II,07-300,2476,3253.85,10131.39,14723.85,1338.61
2019-04-30,2019,2,IZTAPALAPA,TENORIOS,07-229,3385,0.0,0.0,389.65,389.65
2019-04-30,2019,2,IZTAPALAPA,TENORIOS (AMPL),07-318,1346,0.0,0.0,1.22,1.22
2019-04-30,2019,2,IZTAPALAPA,TEPALCATES I,07-301,3383,5758.88,59272.13,70996.13,5965.12
2019-04-30,2019,2,IZTAPALAPA,TEPALCATES II,07-302,2035,3966.87,26724.4,34173.46,3482.19
2019-04-30,2019,2,IZTAPALAPA,TEXCOCO EL SALADO,07-231,139,45.82,1621.03,2237.28,570.43
2019-04-30,2019,2,IZTAPALAPA,TULA (BARR),07-234,257,338.07,2583.23,4009.3500000000004,1088.05
2019-04-30,2019,2,IZTAPALAPA,USCOVI (U HAB),07-235,320,0.0,0.0,0.0,0.0
2019-04-30,2019,2,IZTAPALAPA,VALLE DE LUCES (U HAB),07-236,1360,0.0,0.0,87.17,87.17
2019-04-30,2019,2,IZTAPALAPA,VALLE DE LUCES I,07-237,2207,117.09,173.67000000000002,779.6,488.84
2019-04-30,2019,2,IZTAPALAPA,VALLE DE SAN LORENZO I,07-303,2343,36.22,43.61,348.67,268.84
2019-04-30,2019,2,IZTAPALAPA,VALLE DE SAN LORENZO II,07-304,2105,37.82,20.74,208.07,149.51
2019-04-30,2019,2,IZTAPALAPA,VALLE DEL SUR,07-240,1851,6015.02,20387.1,29174.46,2772.3399999999997
2019-04-30,2019,2,IZTAPALAPA,VERACRUZANA (AMPL),07-241,330,0.0,0.0,82.94999999999999,82.94999999999999
2019-04-30,2019,2,IZTAPALAPA,VICENTE GUERRERO SUPER MANZANA 1 (U HAB),07-242,954,0.0,0.0,278.16,278.16
2019-04-30,2019,2,IZTAPALAPA,VICENTE GUERRERO SUPER MANZANA 2 (U HAB),07-243,1001,0.0,0.0,295.86,295.86
2019-04-30,2019,2,IZTAPALAPA,VICENTE GUERRERO SUPER MANZANA 3 (U HAB),07-244,1092,0.0,0.0,702.72,702.72
2019-04-30,2019,2,IZTAPALAPA,VICENTE GUERRERO SUPER MANZANA 4 (U HAB),07-245,1564,0.0,0.0,200.44,200.44
2019-04-30,2019,2,IZTAPALAPA,VICENTE GUERRERO SUPER MANZANA 5 (U HAB),07-246,2124,0.0,0.0,2593.9,2593.9
2019-04-30,2019,2,IZTAPALAPA,VICENTE GUERRERO SUPER MANZANA 6 (U HAB),07-247,1858,0.0,327.4,10621.149999999998,10293.749999999998
2019-04-30,2019,2,IZTAPALAPA,VICENTE GUERRERO SUPER MANZANA 7 (U HAB),07-248,1183,77.99000000000001,7.93,344.59999999999997,258.68
2019-04-30,2019,2,IZTAPALAPA,XALPA I,07-305,1999,0.0,0.0,150.18,150.18
2019-04-30,2019,2,IZTAPALAPA,XALPA II,07-306,3375,0.0,0.0,3307.29,3307.29
2019-04-30,2019,2,IZTAPALAPA,XALPA III,07-307,4182,179.35999999999999,28.7,2148.89,1940.83
2019-04-30,2019,2,IZTAPALAPA,ZACAHUITZCO,07-251,1452,2712.19,20183.59,42422.93,19527.15
2019-04-30,2019,2,LA MAGDALENA CONTRERAS,ATACAXCO,08-001,405,0.0,0.0,0.0,0.0
2019-04-30,2019,2,LA MAGDALENA CONTRERAS,BARRANCA SECA,08-002,1403,14.97,368.9,2114.2799999999997,1730.41
2019-04-30,2019,2,LA MAGDALENA CONTRERAS,BARROS SIERRA,08-003,1272,0.0,0.0,585.28,585.28
2019-04-30,2019,2,LA MAGDALENA CONTRERAS,BATAN VIEJO (EL MAESTRO),08-008,367,343.43,1744.8200000000002,2904.43,816.1800000000001
2019-04-30,2019,2,LA MAGDALENA CONTRERAS,CUAUHTEMOC,08-005,1652,4534.72,13520.47,19481.14,1425.95
2019-04-30,2019,2,LA MAGDALENA CONTRERAS,EL ERMITAO,08-006,1220,0.0,0.0,0.0,0.0
2019-04-30,2019,2,LA MAGDALENA CONTRERAS,EL OCOTAL,08-009,2669,0.0,0.0,0.0,0.0
2019-04-30,2019,2,LA MAGDALENA CONTRERAS,EL ROSAL,08-010,1939,0.0,0.0,103.64,103.64
2019-04-30,2019,2,LA MAGDALENA CONTRERAS,EL TANQUE,08-011,2838,0.0,0.0,83.06,83.06
2019-04-30,2019,2,LA MAGDALENA CONTRERAS,EL TORO,08-012,1221,0.0,0.0,209.84,209.84
2019-04-30,2019,2,LA MAGDALENA CONTRERAS,HEROES DE PADIERNA,08-013,1571,2588.95,27615.46,66947.71,36743.299999999996
2019-04-30,2019,2,LA MAGDALENA CONTRERAS,HUAYATLA,08-014,1218,0.0,0.0,45.730000000000004,45.730000000000004
2019-04-30,2019,2,LA MAGDALENA CONTRERAS,INDEPENDENCIA BATAN SUR (U HAB),08-016,589,0.0,871.58,3443.43,2571.85
2019-04-30,2019,2,LA MAGDALENA CONTRERAS,INDEPENDENCIA SAN RAMON (U HAB),08-017,937,0.0,76.86,407.41,330.55
2019-04-30,2019,2,LA MAGDALENA CONTRERAS,INFONAVIT (U HAB),08-018,134,98.21,2841.11,2966.42,27.1
2019-04-30,2019,2,LA MAGDALENA CONTRERAS,LA CARBONERA,08-020,1589,0.0,0.0,108.85,108.85
2019-04-30,2019,2,LA MAGDALENA CONTRERAS,LA CONCEPCION,08-021,491,5.4799999999999995,474.48,8757.51,8277.55
2019-04-30,2019,2,LA MAGDALENA CONTRERAS,LA CRUZ,08-022,1261,5.5,134.99,1870.36,1729.87
2019-04-30,2019,2,LA MAGDALENA CONTRERAS,LA GUADALUPE,08-023,410,17.7,8.54,339.71,313.46999999999997
2019-04-30,2019,2,LA MAGDALENA CONTRERAS,LA MAGDALENA ATLITIC (PBLO),08-024,940,275.12,4509.110000000001,5247.01,462.78
2019-04-30,2019,2,LA MAGDALENA CONTRERAS,LA MALINCHE,08-025,2737,3286.05,12007.35,15864.91,571.51
2019-04-30,2019,2,LA MAGDALENA CONTRERAS,LAS CALLES (BARR),08-026,91,0.0,689.7,756.71,67.01
2019-04-30,2019,2,LA MAGDALENA CONTRERAS,LAS CRUCES,08-027,2884,0.0,0.0,49.17,49.17
2019-04-30,2019,2,LA MAGDALENA CONTRERAS,LOMAS DE SAN BERNABE,08-030,2032,0.0,0.0,572.31,572.31
2019-04-30,2019,2,LA MAGDALENA CONTRERAS,LOMAS QUEBRADAS,08-032,1260,1255.87,12463.75,14933.25,1213.63
2019-04-30,2019,2,LA MAGDALENA CONTRERAS,LOS PADRES,08-033,1868,0.0,0.0,98.42,98.42
2019-04-30,2019,2,LA MAGDALENA CONTRERAS,PLAZUELA DEL PEDREGAL,08-035,155,0.0,37.21,37.21,0.0
2019-04-30,2019,2,LA MAGDALENA CONTRERAS,POTRERILLO,08-036,810,0.0,0.0,298.28999999999996,298.28999999999996
2019-04-30,2019,2,LA MAGDALENA CONTRERAS,POTRERILLO (AMPL),08-037,656,0.0,0.0,0.0,0.0
2019-04-30,2019,2,LA MAGDALENA CONTRERAS,PUEBLO NUEVO ALTO,08-038,1715,0.0,0.0,120.54,120.54
2019-04-30,2019,2,LA MAGDALENA CONTRERAS,PUEBLO NUEVO BAJO,08-039,1063,0.0,0.0,1920.5900000000001,1920.5900000000001
2019-04-30,2019,2,LA MAGDALENA CONTRERAS,PUENTE SIERRA,08-040,30,0.0,492.71,563.46,70.75
2019-04-30,2019,2,LA MAGDALENA CONTRERAS,SAN BARTOLO AMEYALCO,08-041,1211,728.78,5201.4800000000005,6076.46,146.2
2019-04-30,2019,2,LA MAGDALENA CONTRERAS,SAN BERNABE OCOTEPEC (PBLO),08-042,3207,0.0,0.0,1111.35,1111.35
2019-04-30,2019,2,LA MAGDALENA CONTRERAS,SAN FRANCISCO,08-043,1076,139.1,1830.3200000000002,3103.81,1134.39
2019-04-30,2019,2,LA MAGDALENA CONTRERAS,SAN FRANCISCO (BARR),08-044,1473,523.94,20863.56,22034.71,647.21
2019-04-30,2019,2,LA MAGDALENA CONTRERAS,SAN JERONIMO ACULCO - LIDICE (PBLO),08-045,7379,7490.63,175157.97,243962.76,61314.16
2019-04-30,2019,2,LA MAGDALENA CONTRERAS,SAN NICOLAS TOTOLAPAN,08-047,1022,0.0,0.0,8.54,8.54
2019-04-30,2019,2,LA MAGDALENA CONTRERAS,SAN NICOLAS TOTOLAPAN (PBLO),08-048,3561,0.0,0.0,230.82,230.82
2019-04-30,2019,2,LA MAGDALENA CONTRERAS,SANTA TERESA,08-049,659,1608.58,5809.89,9213.43,1794.96
2019-04-30,2019,2,LA MAGDALENA CONTRERAS,TIERRA UNIDA,08-052,999,0.0,0.0,1251.58,1251.58
2019-04-30,2019,2,LA MAGDALENA CONTRERAS,VISTA HERMOSA,08-053,433,0.0,0.0,0.0,0.0
2019-04-30,2019,2,MIGUEL HIDALGO,10 DE ABRIL,16-085,108,317.24,985.45,6725.070000000001,5422.38
2019-04-30,2019,2,MIGUEL HIDALGO,16 DE SEPTIEMBRE,16-086,691,2423.0699999999997,12483.6,17051.72,2145.05
2019-04-30,2019,2,MIGUEL HIDALGO,5 DE MAYO,16-087,1037,2316.55,8880.189999999999,11830.23,633.49
2019-04-30,2019,2,MIGUEL HIDALGO,AGRICULTURA,16-001,1584,5883.95,28283.72,39563.88,5396.209999999999
2019-04-30,2019,2,MIGUEL HIDALGO,AHUEHUETES ANAHUAC,16-002,595,951.0699999999999,10951.58,12448.84,546.1899999999999
2019-04-30,2019,2,MIGUEL HIDALGO,AMERICA,16-003,1455,5471.31,14969.119999999999,26476.11,6035.68
2019-04-30,2019,2,MIGUEL HIDALGO,ANAHUAC DOS LAGOS,16-006,387,1482.55,5008.5,9269.939999999999,2778.8900000000003
2019-04-30,2019,2,MIGUEL HIDALGO,ANAHUAC I,16-088,6765,14820.55,120725.22,155657.96,20112.19
2019-04-30,2019,2,MIGUEL HIDALGO,ANAHUAC II,16-089,6412,16882.91,101614.61,152977.11,34479.59
2019-04-30,2019,2,MIGUEL HIDALGO,ANAHUAC LAGO NORTE,16-007,366,2140.85,6154.1900000000005,8654.63,359.59000000000003
2019-04-30,2019,2,MIGUEL HIDALGO,ANAHUAC LAGO SUR,16-008,578,2018.3899999999999,11288.91,13463.46,156.16
2019-04-30,2019,2,MIGUEL HIDALGO,ANAHUAC LOS MANZANOS,16-009,3298,8199.49,61177.58,78296.59999999999,8919.53
2019-04-30,2019,2,MIGUEL HIDALGO,ANAHUAC MARIANO ESCOBEDO,16-010,942,2970.35,11369.11,17890.32,3550.86
2019-04-30,2019,2,MIGUEL HIDALGO,ANAHUAC PERALITOS,16-011,413,1622.17,6501.67,8456.21,332.37
2019-04-30,2019,2,MIGUEL HIDALGO,ANGEL ZIMBRON,16-012,479,1809.1100000000001,7737.75,10467.820000000002,920.96
2019-04-30,2019,2,MIGUEL HIDALGO,ANZURES,16-013,2539,10404.84,71745.8,164829.01,82678.37
2019-04-30,2019,2,MIGUEL HIDALGO,ARGENTINA ANTIGUA,16-014,2167,7583.570000000001,22541.28,33143.05,3018.2
2019-04-30,2019,2,MIGUEL HIDALGO,"BOSQUE DE CHAPULTEPEC I, II Y III SECCIONES",16-018,1584,24033.82,1001.7,79119.76,54084.24
2019-04-30,2019,2,MIGUEL HIDALGO,BOSQUES DE CHAPULTEPEC (POLANCO),16-018,1584,2911.07,61488.65,88069.0,23669.28
2019-04-30,2019,2,MIGUEL HIDALGO,BOSQUES DE LAS LOMAS,16-019,1953,0.0,84387.49,113580.36,29192.87
2019-04-30,2019,2,MIGUEL HIDALGO,CHAPULTEPEC MORALES (POLANCO),16-021,3258,23712.05,106746.35,198337.46,67879.06
2019-04-30,2019,2,MIGUEL HIDALGO,CHAPULTEPEC POLANCO (POLANCO),16-022,1560,14751.66,60687.31,207507.73,132068.76
2019-04-30,2019,2,MIGUEL HIDALGO,CUAUHTEMOC PENSIL,16-023,4347,3067.02,26560.989999999998,33779.55,4151.54
2019-04-30,2019,2,MIGUEL HIDALGO,DANIEL GARZA,16-024,1601,3015.0699999999997,17519.73,23981.85,3447.0499999999997
2019-04-30,2019,2,MIGUEL HIDALGO,DANIEL GARZA (AMPL),16-025,2017,4648.17,29084.54,43774.9,10042.189999999999
2019-04-30,2019,2,MIGUEL HIDALGO,DEL BOSQUE (POLANCO),16-026,371,1735.9,12241.24,27065.030000000002,13087.89
2019-04-30,2019,2,MIGUEL HIDALGO,DEPORTIVA PENSIL,16-028,1002,3487.54,11849.539999999999,32909.05,17571.97
2019-04-30,2019,2,MIGUEL HIDALGO,ESCANDON I,16-090,4541,15851.84,74606.6,118589.41,28130.97
2019-04-30,2019,2,MIGUEL HIDALGO,ESCANDON II,16-091,6583,14161.63,106182.97,146590.85,26246.25
2019-04-30,2019,2,MIGUEL HIDALGO,FRANCISCO I MADERO,16-030,435,1492.09,3743.1400000000003,6536.43,1301.2
2019-04-30,2019,2,MIGUEL HIDALGO,GRANADA,16-031,3778,2543.49,85304.06,209710.91999999998,121863.37
2019-04-30,2019,2,MIGUEL HIDALGO,GRANADA (AMPL),16-032,7007,215.37,100150.45,105356.28,4990.46
2019-04-30,2019,2,MIGUEL HIDALGO,HUICHAPAN,16-033,543,1234.03,10933.19,13549.49,1382.27
2019-04-30,2019,2,MIGUEL HIDALGO,IGNACIO MANUEL ALTAMIRANO,16-034,374,433.01,4629.92,5216.47,153.54
2019-04-30,2019,2,MIGUEL HIDALGO,IRRIGACION,16-035,2198,4422.43,50245.03,85233.65,30566.19
2019-04-30,2019,2,MIGUEL HIDALGO,LEGARIA,16-036,2187,3722.89,33565.119999999995,38958.61,1670.6
2019-04-30,2019,2,MIGUEL HIDALGO,LEGARIA (U HAB),16-037,635,284.38,13396.58,13786.84,105.88
2019-04-30,2019,2,MIGUEL HIDALGO,LOMA HERMOSA (CONJ HAB),16-038,1510,0.0,29559.99,30397.58,837.59
2019-04-30,2019,2,MIGUEL HIDALGO,LOMAS ALTAS,16-039,615,497.78,46137.11,67931.37,21296.48
2019-04-30,2019,2,MIGUEL HIDALGO,LOMAS DE BARRILACO (LOMAS DE CHAPULTEPEC),16-040,1779,14.69,55301.96,58468.92,3152.27
2019-04-30,2019,2,MIGUEL HIDALGO,LOMAS DE BEZARES,16-041,1142,443.77,48346.380000000005,53473.67,4683.52
2019-04-30,2019,2,MIGUEL HIDALGO,LOMAS DE CHAPULTEPEC,16-042,1581,5407.54,147702.31,283233.81,130123.96
2019-04-30,2019,2,MIGUEL HIDALGO,LOMAS DE REFORMA,16-043,733,158.66,21278.17,23738.87,2302.04
2019-04-30,2019,2,MIGUEL HIDALGO,LOMAS DE REFORMA (LOMAS DE CHAPULTEPEC),16-044,450,532.54,33074.27,37510.26,3903.45
2019-04-30,2019,2,MIGUEL HIDALGO,LOMAS DE SOTELO,16-045,2409,456.83,45821.04,55742.12,9464.25
2019-04-30,2019,2,MIGUEL HIDALGO,LOMAS VIRREYES (LOMAS DE CHAPULTEPEC),16-046,1060,3663.05,53279.2,76961.24,20018.99
2019-04-30,2019,2,MIGUEL HIDALGO,LOS MORALES (POLANCO),16-047,1515,2165.13,53760.18,95894.53,39969.22
2019-04-30,2019,2,MIGUEL HIDALGO,MANUEL AVILA CAMACHO,16-048,15,0.0,417.27,2011.16,1593.8899999999999
2019-04-30,2019,2,MIGUEL HIDALGO,MARINA NACIONAL (U HAB),16-049,626,0.0,13700.47,14040.25,339.78
2019-04-30,2019,2,MIGUEL HIDALGO,MEXICO NUEVO,16-050,1269,2964.1499999999996,15643.5,24577.379999999997,5969.73
2019-04-30,2019,2,MIGUEL HIDALGO,MILITAR 1 K LOMAS DE SOTELO (U HAB),16-051,1295,4903.57,2627.48,146968.18,139437.13
2019-04-30,2019,2,MIGUEL HIDALGO,MODELO PENSIL,16-052,789,2494.6,14554.689999999999,19427.949999999997,2378.66
2019-04-30,2019,2,MIGUEL HIDALGO,MOLINO DEL REY,16-053,166,896.28,3276.52,5157.95,985.1500000000001
2019-04-30,2019,2,MIGUEL HIDALGO,MORALES SECCION ALAMEDA (POLANCO),16-054,456,241.59,15780.36,19911.3,3889.35
2019-04-30,2019,2,MIGUEL HIDALGO,MORALES SECCION PALMAS (POLANCO),16-055,758,1209.6599999999999,32699.37,68421.65000000001,34512.619999999995
2019-04-30,2019,2,MIGUEL HIDALGO,NEXTITLA,16-056,686,988.4100000000001,8504.869999999999,17249.79,7756.510000000001
2019-04-30,2019,2,MIGUEL HIDALGO,NUEVA ARGENTINA (ARGENTINA PONIENTE),16-057,1753,3977.09,16381.36,25970.15,5611.7
2019-04-30,2019,2,MIGUEL HIDALGO,OBSERVATORIO,16-058,1325,3132.82,16048.19,25675.11,6494.1
2019-04-30,2019,2,MIGUEL HIDALGO,PALMITAS (POLANCO),16-059,805,900.87,26892.969999999998,46037.23,18243.39
2019-04-30,2019,2,MIGUEL HIDALGO,PENSIL NORTE,16-060,3100,2372.54,29620.2,33924.33,1931.59
2019-04-30,2019,2,MIGUEL HIDALGO,PENSIL SAN JUANICO,16-061,1945,3834.85,41831.86,48291.35,2624.64
2019-04-30,2019,2,MIGUEL HIDALGO,PENSIL SUR,16-062,823,1879.6599999999999,5444.85,7688.29,363.78000000000003
2019-04-30,2019,2,MIGUEL HIDALGO,PERIODISTA,16-063,281,789.1,4793.469999999999,23684.12,18101.55
2019-04-30,2019,2,MIGUEL HIDALGO,PLUTARCO ELIAS CALLES,16-064,422,583.37,4747.74,15205.01,9873.9
2019-04-30,2019,2,MIGUEL HIDALGO,POLANCO REFORMA (POLANCO),16-065,2676,5303.12,101022.24,150984.06,44658.700000000004
2019-04-30,2019,2,MIGUEL HIDALGO,POPO,16-066,615,743.46,6306.110000000001,8354.43,1304.8600000000001
2019-04-30,2019,2,MIGUEL HIDALGO,POPO (AMPL),16-067,157,178.73000000000002,2360.56,2823.97,284.68
2019-04-30,2019,2,MIGUEL HIDALGO,POPOTLA I,16-092,1722,4651.15,26988.03,39040.59,7401.41
2019-04-30,2019,2,MIGUEL HIDALGO,POPOTLA II,16-093,3604,9014.55,55908.15,79073.18000000001,14150.48
2019-04-30,2019,2,MIGUEL HIDALGO,REFORMA PENSIL,16-069,1046,2698.67,19226.66,23462.86,1537.5300000000002
2019-04-30,2019,2,MIGUEL HIDALGO,REFORMA SOCIAL,16-070,2213,5088.01,54826.96,72586.56,12671.59
2019-04-30,2019,2,MIGUEL HIDALGO,RINCON DEL BOSQUE,16-071,307,0.0,10607.189999999999,14896.7,4289.51
2019-04-30,2019,2,MIGUEL HIDALGO,SAN DIEGO OCOYOACAC,16-072,2068,733.45,25777.17,32538.12,6027.5
2019-04-30,2019,2,MIGUEL HIDALGO,SAN JOAQUIN,16-073,1055,850.1700000000001,18999.989999999998,20560.18,710.02
2019-04-30,2019,2,MIGUEL HIDALGO,SAN LORENZO TLALTENANGO,16-074,433,542.47,5446.509999999999,11555.84,5566.86
2019-04-30,2019,2,MIGUEL HIDALGO,SAN MIGUEL CHAPULTEPEC I,16-094,2093,4748.94,44166.21,60149.840000000004,11234.69
2019-04-30,2019,2,MIGUEL HIDALGO,SAN MIGUEL CHAPULTEPEC II,16-095,2874,12399.35,57122.24,100279.19,30757.600000000002
2019-04-30,2019,2,MIGUEL HIDALGO,SANTO TOMAS,16-076,251,311.73,4317.79,24536.11,19906.59
2019-04-30,2019,2,MIGUEL HIDALGO,TACUBA,16-077,4195,20983.37,62354.6,120903.21,37565.24
2019-04-30,2019,2,MIGUEL HIDALGO,TACUBAYA,16-078,3271,18990.82,37591.07,95892.24,39310.35
2019-04-30,2019,2,MIGUEL HIDALGO,TLAXPANA,16-080,2901,11635.99,40006.12,62552.62,10910.51
2019-04-30,2019,2,MIGUEL HIDALGO,TORRE BLANCA,16-081,2049,7496.61,25569.2,36807.16,3741.35
2019-04-30,2019,2,MIGUEL HIDALGO,TORRE BLANCA (AMPL),16-004,795,2794.03,12283.960000000001,16792.35,1714.3600000000001
2019-04-30,2019,2,MIGUEL HIDALGO,TORRES TOREO,16-027,3318,745.58,12671.71,18698.77,5281.48
2019-04-30,2019,2,MIGUEL HIDALGO,UN HOGAR PARA NOSOTROS,16-082,282,783.91,3782.62,7894.469999999999,3327.94
2019-04-30,2019,2,MIGUEL HIDALGO,VENTURA PEREZ DE ALBA,16-083,831,362.34000000000003,13188.15,15270.060000000001,1719.57
2019-04-30,2019,2,MIGUEL HIDALGO,VERONICA ANZURES,16-084,1386,14610.1,25958.96,96272.21,55703.15
2019-04-30,2019,2,MILPA ALTA,SAN AGUSTIN OHTENCO (PBLO),09-001,411,6.72,0.0,152.97,146.25
2019-04-30,2019,2,MILPA ALTA,SAN ANTONIO TECOMITL (PBLO),09-002,7201,5495.41,14998.15,24218.98,3725.42
2019-04-30,2019,2,MILPA ALTA,SAN BARTOLOME XICOMULCO (PBLO),09-003,1179,652.4200000000001,2527.12,3708.1800000000003,528.64
2019-04-30,2019,2,MILPA ALTA,SAN FRANCISCO TECOXPA (PBLO),09-004,1375,67.69999999999999,98.67,1033.32,866.9499999999999
2019-04-30,2019,2,MILPA ALTA,SAN JERONIMO MIACATLAN (PBLO),09-005,995,87.42,115.21000000000001,353.71,151.07999999999998
2019-04-30,2019,2,MILPA ALTA,SAN JUAN TEPENAHUAC (PBLO),09-006,487,0.0,2.55,155.11,152.56
2019-04-30,2019,2,MILPA ALTA,SAN LORENZO TLACOYUCAN (PBLO),09-007,1062,49.41,0.0,410.15000000000003,360.74
2019-04-30,2019,2,MILPA ALTA,SAN PEDRO ATOCPAN (PBLO),09-009,2281,849.79,1098.83,4581.85,2633.23
2019-04-30,2019,2,MILPA ALTA,SAN SALVADOR CUAUHTENCO (PBLO),09-010,3727,158.15,270.81,970.99,542.03
2019-04-30,2019,2,MILPA ALTA,SANTA ANA TLACOTENCO (PBLO),09-011,3010,272.45,207.81,917.61,437.35
2019-04-30,2019,2,MILPA ALTA,VILLA MILPA ALTA (PBLO),09-012,5079,2300.45,4243.74,12781.74,6237.55
2019-04-30,2019,2,TLAHUAC,AGRICOLA METROPOLITANA,11-001,2542,1079.74,11753.7,13208.029999999999,374.59000000000003
2019-04-30,2019,2,TLAHUAC,DEL MAR NORTE,11-003,776,984.1899999999999,4023.17,5300.73,293.37
2019-04-30,2019,2,TLAHUAC,DEL MAR SUR,11-004,4214,3262.57,19878.98,26722.64,3581.09
2019-04-30,2019,2,TLAHUAC,EL ROSARIO,11-006,885,21.03,0.0,25.3,4.27
2019-04-30,2019,2,TLAHUAC,EL TRIANGULO,11-007,1132,513.06,585.86,1201.86,102.94
2019-04-30,2019,2,TLAHUAC,EMILIANO ZAPATA 1A,11-008,592,54.769999999999996,334.19000000000005,831.9300000000001,442.96999999999997
2019-04-30,2019,2,TLAHUAC,EMILIANO ZAPATA 2A,11-009,395,87.26,109.75,1204.73,1007.72
2019-04-30,2019,2,TLAHUAC,FRANCISCO VILLA,11-010,410,160.17000000000002,2244.13,2484.55,80.25
2019-04-30,2019,2,TLAHUAC,GRANJAS CABRERA,11-011,649,1376.81,4810.63,7450.56,1263.1200000000001
2019-04-30,2019,2,TLAHUAC,JAIME TORRES BODET,11-012,2016,256.4,107.4,456.39,92.59
2019-04-30,2019,2,TLAHUAC,JARDINES DEL LLANO-U.H. VILLA TLATEMPA,11-013,768,132.95,4168.51,4488.400000000001,186.94
2019-04-30,2019,2,TLAHUAC,LA CONCHITA I,11-056,3100,370.3,906.27,2063.36,786.7900000000001
2019-04-30,2019,2,TLAHUAC,LA CONCHITA II,11-057,5180,535.69,928.68,2884.6,1420.23
2019-04-30,2019,2,TLAHUAC,LA DRAGA,11-014,2324,0.0,0.0,325.13,325.13
2019-04-30,2019,2,TLAHUAC,LA ESTACION,11-015,2576,1129.46,4935.87,6506.6,441.27000000000004
2019-04-30,2019,2,TLAHUAC,LA HABANA,11-016,1266,158.63,251.86,581.39,170.89999999999998
2019-04-30,2019,2,TLAHUAC,LA NOPALERA,11-019,1860,1088.3,7438.85,11915.82,3388.67
2019-04-30,2019,2,TLAHUAC,LA TURBA,11-020,592,0.0,1722.4099999999999,1867.6499999999999,145.24
2019-04-30,2019,2,TLAHUAC,LAS ARBOLEDAS,11-021,3581,2220.95,21765.11,27053.7,3067.64
2019-04-30,2019,2,TLAHUAC,LOPEZ PORTILLO,11-022,1196,107.7,601.08,788.08,79.3
2019-04-30,2019,2,TLAHUAC,LOS OLIVOS,11-024,2551,1739.14,19838.95,25225.61,3647.52
2019-04-30,2019,2,TLAHUAC,MIGUEL HIDALGO,11-025,2850,2486.23,11127.57,15908.85,2295.0499999999997
2019-04-30,2019,2,TLAHUAC,MIGUEL HIDALGO OTE,11-026,3885,1353.31,6338.39,8507.53,815.83
2019-04-30,2019,2,TLAHUAC,OJO DE AGUA,11-027,862,320.91,50.019999999999996,1622.65,1251.72
2019-04-30,2019,2,TLAHUAC,PEA ALTA,11-029,1746,49.4,0.0,155.54,106.14
2019-04-30,2019,2,TLAHUAC,QUIAHUATLA,11-030,1107,709.73,2753.3199999999997,4837.389999999999,1374.3400000000001
2019-04-30,2019,2,TLAHUAC,SAN ANDRES MIXQUIC (PBLO),11-031,3193,126.31,98.21000000000001,2076.93,1852.4099999999999
2019-04-30,2019,2,TLAHUAC,SAN FRANCISCO TLALTENCO (PBLO),11-032,4640,2204.0099999999998,4607.63,8458.38,1646.74
2019-04-30,2019,2,TLAHUAC,SAN JOSE,11-033,2125,46.980000000000004,176.86,1927.44,1703.6
2019-04-30,2019,2,TLAHUAC,SAN JUAN IXTAYOPAN (PBLO),11-034,2597,2703.0099999999998,8137.24,11734.07,893.82
2019-04-30,2019,2,TLAHUAC,SAN MIGUEL ZAPOTITLA,11-036,3790,1130.83,3485.31,5630.84,1014.7
2019-04-30,2019,2,TLAHUAC,SAN NICOLAS TETELCO (PBLO),11-037,1065,63.21,23.55,335.72,248.96
2019-04-30,2019,2,TLAHUAC,SAN PEDRO TLAHUAC (PBLO),11-038,4606,731.13,880.06,6414.84,4803.65
2019-04-30,2019,2,TLAHUAC,SANTA CATARINA (AMPL),11-039,459,92.44,282.90999999999997,719.81,344.46
2019-04-30,2019,2,TLAHUAC,SANTA CATARINA YECAHUIZOTL (PBLO),11-040,1760,127.1,245.41,1048.7,676.19
2019-04-30,2019,2,TLAHUAC,SANTA CECILIA,11-041,1635,301.87,129.29000000000002,3213.99,2782.83
2019-04-30,2019,2,TLAHUAC,SANTIAGO ZAPOTITLAN (PBLO),11-042,3376,324.0,1213.21,6570.79,5033.58
2019-04-30,2019,2,TLAHUAC,SELENE (AMPL),11-043,1503,156.15,156.06,1295.98,983.77
2019-04-30,2019,2,TLAHUAC,SELENE 1a SECC,11-044,2528,44.91,164.59,544.4499999999999,334.95
2019-04-30,2019,2,TLAHUAC,SELENE 2da SECC,11-045,2412,90.4,137.18,556.23,328.65000000000003
2019-04-30,2019,2,TLAHUAC,TEZONTITLA-ZOMPANTITLA,11-049,244,204.34,162.87,367.21000000000004,0.0
2019-04-30,2019,2,TLAHUAC,TIERRA BLANCA,11-050,844,0.0,19.7,19.7,0.0
2019-04-30,2019,2,TLAHUAC,TIERRA Y LIBERTAD,11-051,492,112.88,441.89,554.77,0.0
2019-04-30,2019,2,TLAHUAC,UNIDADES HABITACIONALES DE SANTA ANA PONIENTE I,11-055,4072,704.21,15255.72,17017.48,1057.55
2019-04-30,2019,2,TLAHUAC,UNIDADES HABITACIONALES DE SANTA ANA PONIENTE II,11-058,3923,42.56999999999999,1128.51,2972.21,1801.13
2019-04-30,2019,2,TLAHUAC,VILLA CENTROAMERICANA (U HAB),11-052,2244,0.0,13641.470000000001,17873.559999999998,4232.09
2019-04-30,2019,2,TLAHUAC,VILLAS DE LOS TRABAJADORES (GDF) (U HAB),11-053,1236,0.0,19148.24,19232.74,84.5
2019-04-30,2019,2,TLALPAN,2 DE OCTUBRE,12-205,1594,0.0,0.0,28.06,28.06
2019-04-30,2019,2,TLALPAN,AMPLIACION MIGUEL HIDALGO 2A SECC,12-002,5282,0.0,59.17,1475.07,1415.8999999999999
2019-04-30,2019,2,TLALPAN,AMPLIACION MIGUEL HIDALGO 3A SECC,12-003,4674,40.88,0.0,418.34,377.46
2019-04-30,2019,2,TLALPAN,AMPLIACION MIGUEL HIDALGO 4A SECC,12-004,3035,0.0,0.0,105.03,105.03
2019-04-30,2019,2,TLALPAN,AMSA,12-005,193,16.06,107.36,7299.21,7175.79
2019-04-30,2019,2,TLALPAN,ARBOLEDAS DEL SUR,12-007,1492,2032.4,17459.02,22918.69,3427.2699999999995
2019-04-30,2019,2,TLALPAN,ARENAL GUADALUPE TLALPAN,12-008,620,418.21000000000004,4091.64,7878.58,3368.7300000000005
2019-04-30,2019,2,TLALPAN,ARENAL PUERTA TEPEPAN,12-009,259,308.06,2592.4500000000003,16740.79,13840.28
2019-04-30,2019,2,TLALPAN,BELISARIO DOMINGUEZ,12-215,259,1218.3400000000001,2399.32,82008.86,78391.2
2019-04-30,2019,2,TLALPAN,BELVEDERE,12-013,1020,0.0,0.0,222.28,222.28
2019-04-30,2019,2,TLALPAN,BOSQUES DEL PEDREGAL,12-016,1587,0.0,0.0,2.44,2.44
2019-04-30,2019,2,TLALPAN,CALVARIO CAMISETAS,12-017,195,549.0,2145.43,4134.4,1439.97
2019-04-30,2019,2,TLALPAN,CANTERA PUENTE DE PIEDRA,12-018,1337,637.45,8637.53,9764.0,489.02
2019-04-30,2019,2,TLALPAN,CHICHICASPATL,12-019,725,0.0,0.0,0.0,0.0
2019-04-30,2019,2,TLALPAN,CLUB DE GOLF MEXICO-SAN BUENAVENTURA,12-023,900,0.0,8299.98,15703.470000000001,7403.49
2019-04-30,2019,2,TLALPAN,COAPA 2A SECCION-RAMOS MILLAN,12-024,1090,346.18,14790.63,19451.51,4314.7
2019-04-30,2019,2,TLALPAN,COAPA-VILLA CUEMANCO,12-093,626,460.4,7426.9,8790.26,902.96
2019-04-30,2019,2,TLALPAN,COLINAS DEL BOSQUE-LAS TORTOLAS,12-025,1864,0.0,10821.66,10921.86,100.2
2019-04-30,2019,2,TLALPAN,CONDOMINIO DEL BOSQUE (FRACC)-BOSQUE DE TLALPAN,12-026,243,0.0,0.0,408.7,408.7
2019-04-30,2019,2,TLALPAN,CONJUNTO HABITACIONAL PEDREGAL DEL LAGO,12-218,492,6.1,17034.9,18772.47,1731.47
2019-04-30,2019,2,TLALPAN,CONJUNTO URBANO CUEMANCO (U HAB),12-027,676,0.0,0.0,713.1,713.1
2019-04-30,2019,2,TLALPAN,CRUZ DEL FAROL,12-029,845,0.0,0.0,54.660000000000004,54.660000000000004
2019-04-30,2019,2,TLALPAN,CUCHILLA DE PADIERNA,12-030,975,0.0,0.0,14.81,14.81
2019-04-30,2019,2,TLALPAN,CULTURA MAYA,12-032,1116,19.52,0.0,144.1,124.57999999999998
2019-04-30,2019,2,TLALPAN,DOLORES TLALI,12-034,360,0.0,0.0,0.0,0.0
2019-04-30,2019,2,TLALPAN,EJIDOS DE SAN PEDRO MARTIR I (NORTE),12-035,1923,0.0,0.0,186.20999999999998,186.20999999999998
2019-04-30,2019,2,TLALPAN,EJIDOS DE SAN PEDRO MARTIR II (SUR),12-219,2200,0.0,0.0,311.86,311.86
2019-04-30,2019,2,TLALPAN,EL DIVISADERO,12-037,267,0.0,0.0,0.0,0.0
2019-04-30,2019,2,TLALPAN,EX HACIENDA SAN JUAN DE DIOS,12-042,1358,3516.69,16071.08,30121.25,10533.480000000001
2019-04-30,2019,2,TLALPAN,FLORESTA-PRADO-VERGEL COAPA,12-043,1048,381.14,10011.710000000001,15328.68,4935.83
2019-04-30,2019,2,TLALPAN,FOVISSSTE SAN PEDRO MARTIR ( U HAB),12-045,317,0.0,0.0,0.0,0.0
2019-04-30,2019,2,TLALPAN,FUENTES BROTANTES MIGUEL HIDALGO (U HAB),12-047,2444,0.0,41851.43,43510.53999999999,1659.1100000000001
2019-04-30,2019,2,TLALPAN,FUENTES DEL PEDREGAL,12-049,1393,0.0,18443.58,48611.79,30168.21
2019-04-30,2019,2,TLALPAN,FUENTES Y PEDREGAL DE TEPEPAN,12-048,1641,0.0,27.45,27.45,0.0
2019-04-30,2019,2,TLALPAN,GRANJAS COAPA,12-050,1776,1354.44,39184.59,47755.53999999999,7216.51
2019-04-30,2019,2,TLALPAN,GRANJAS COAPA ORIENTE,12-051,368,0.0,6308.28,13191.880000000001,6883.6
2019-04-30,2019,2,TLALPAN,HACIENDA SAN JUAN-RINCON DE SAN JUAN-CHIMALI,12-053,1265,280.26,10248.869999999999,15652.550000000001,5123.42
2019-04-30,2019,2,TLALPAN,HEROES DE PADIERNA I,12-209,2395,327.6,1195.6299999999999,2876.21,1352.98
2019-04-30,2019,2,TLALPAN,HEROES DE PADIERNA II,12-210,2444,0.0,0.0,693.0799999999999,693.0799999999999
2019-04-30,2019,2,TLALPAN,HUESO PERIFERICO-ISSSFAM NO. 7 (U HABS),12-057,1039,0.0,13805.79,15614.18,1808.39
2019-04-30,2019,2,TLALPAN,IGNACIO CHAVEZ (U HAB),12-059,516,0.0,10191.63,10488.09,296.46
2019-04-30,2019,2,TLALPAN,ISIDRO  FABELA (AMPL),12-061,359,613.09,1583.67,2278.2999999999997,81.54
2019-04-30,2019,2,TLALPAN,ISIDRO FABELA I (PONIENTE),12-060,1525,2195.3,11345.69,15332.58,1791.5900000000001
2019-04-30,2019,2,TLALPAN,ISIDRO FABELA II (ORIENTE),12-220,1984,5260.76,25268.97,32155.63,1625.9
2019-04-30,2019,2,TLALPAN,ISSSFAM No. 1 (U HAB)-VILLA TLALPAN,12-062,818,0.0,5011.0599999999995,5519.8,508.74
2019-04-30,2019,2,TLALPAN,JARDINES COAPA-BELISARIO DOMINGUEZ,12-064,576,271.34000000000003,3317.75,4465.349999999999,876.26
2019-04-30,2019,2,TLALPAN,JARDINES DEL AJUSCO,12-066,1218,0.0,76.86,328.6,251.74
2019-04-30,2019,2,TLALPAN,JARDINES EN LA MONTAA,12-067,1387,0.0,25415.94,77406.6,51990.66
2019-04-30,2019,2,TLALPAN,LA  LONJA,12-069,995,1075.78,7992.46,9736.14,667.9
2019-04-30,2019,2,TLALPAN,LA FAMA,12-070,469,1077.28,9335.93,22094.29,11681.08
2019-04-30,2019,2,TLALPAN,LA JOYA,12-072,851,1568.21,16547.51,19475.63,1359.91
2019-04-30,2019,2,TLALPAN,LA MAGDALENA PETLACALCO (PBLO),12-074,1922,0.0,0.0,39.559999999999995,39.559999999999995
2019-04-30,2019,2,TLALPAN,LOMAS DE  PADIERNA I,12-211,2956,0.0,0.0,794.78,794.78
2019-04-30,2019,2,TLALPAN,LOMAS DE  PADIERNA II,12-212,2554,0.0,37.21,12659.04,12621.83
2019-04-30,2019,2,TLALPAN,LOMAS DE CUILOTEPEC,12-080,510,0.0,0.0,0.0,0.0
2019-04-30,2019,2,TLALPAN,LOMAS DE PADIERNA (AMPL),12-211,2956,0.0,0.0,15283.98,15283.98
2019-04-30,2019,2,TLALPAN,LOMAS HIDALGO,12-086,653,0.0,0.0,71.98,71.98
2019-04-30,2019,2,TLALPAN,LOS  ENCINOS,12-087,610,0.0,0.0,126.17,126.17
2019-04-30,2019,2,TLALPAN,LOS VOLCANES,12-089,1343,0.0,510.28,777.3399999999999,267.06
2019-04-30,2019,2,TLALPAN,MA ESTHER ZUNO DE ECHEVERRIA-TLALPUENTE,12-092,774,0.0,0.0,75.55,75.55
2019-04-30,2019,2,TLALPAN,"MESA LOS HORNOS, TEXCALTENCO",12-094,2849,127.96,822.46,1161.33,210.91
2019-04-30,2019,2,TLALPAN,MIGUEL HIDALGO,12-095,4245,1152.56,9397.46,13645.48,3095.46
2019-04-30,2019,2,TLALPAN,MIRADOR 1A SECC,12-096,539,0.0,0.0,14.03,14.03
2019-04-30,2019,2,TLALPAN,MIRADOR DEL VALLE,12-099,215,0.0,0.0,1.83,1.83
2019-04-30,2019,2,TLALPAN,MIRADOR I,12-100,556,0.0,0.0,0.0,0.0
2019-04-30,2019,2,TLALPAN,MOVIMIENTO ORGANIZADO DE TLALPAN-EL MIRADOR (RNCDA),12-102,200,0.0,0.0,0.0,0.0
2019-04-30,2019,2,TLALPAN,NARCISO MENDOZA VILLA COAPA SUPERMANZANA 8 (U HAB),12-217,586,438.21000000000004,10332.68,13263.71,2492.82
2019-04-30,2019,2,TLALPAN,NARCISO MENDOZA-VILLA COAPA SUPER MANZANA 1 (U HAB),12-103,1261,33.18,28920.09,29379.51,426.24
2019-04-30,2019,2,TLALPAN,NARCISO MENDOZA-VILLA COAPA SUPER MANZANA 2 (U HAB),12-104,1249,96.56,27303.57,27937.300000000003,537.17
2019-04-30,2019,2,TLALPAN,NARCISO MENDOZA-VILLA COAPA SUPER MANZANA 3 (U HAB),12-105,1347,50.06,29554.47,30257.26,652.73
2019-04-30,2019,2,TLALPAN,NARCISO MENDOZA-VILLA COAPA SUPER MANZANA 6 (U HAB),12-106,1049,398.03999999999996,26517.01,34338.61,7423.5599999999995
2019-04-30,2019,2,TLALPAN,NARCISO MENDOZA-VILLA COAPA SUPER MANZANA 7 (U HAB),12-107,1095,39.66,30096.27,32301.76,2165.83
2019-04-30,2019,2,TLALPAN,NIO JESUS (BARR),12-124,0,1289.03,18614.81,36630.090000000004,16726.25
2019-04-30,2019,2,TLALPAN,NUEVA ORIENTAL COAPA-EX HACIENDA COAPA,12-109,1239,405.14,21410.22,27666.25,5850.89
2019-04-30,2019,2,TLALPAN,NUEVO RENACIMIENTO DE AXALCO,12-110,218,0.0,0.0,67.33,67.33
2019-04-30,2019,2,TLALPAN,PARAJE 38,12-113,875,0.0,0.0,7.93,7.93
2019-04-30,2019,2,TLALPAN,PARQUES DEL PEDREGAL,12-114,659,0.0,14057.51,29365.18,15307.669999999998
2019-04-30,2019,2,TLALPAN,PARRES EL GUARDA (PBLO),12-115,804,0.0,0.0,3.7800000000000002,3.7800000000000002
2019-04-30,2019,2,TLALPAN,PEDREGAL DE LAS AGUILAS,12-116,589,645.16,2368.11,3867.5699999999997,854.3
2019-04-30,2019,2,TLALPAN,PEDREGAL DE SN NICOLAS 1A SECC,12-117,3127,0.0,6.71,243.72000000000003,237.01
2019-04-30,2019,2,TLALPAN,PEDREGAL DE SN NICOLAS 2A SECC,12-118,2295,0.0,0.0,225.85999999999999,225.85999999999999
2019-04-30,2019,2,TLALPAN,PEDREGAL DE SN NICOLAS 3A SECC,12-119,2978,0.0,0.0,156.1,156.1
2019-04-30,2019,2,TLALPAN,PEDREGAL DE SN NICOLAS 4A SECC I,12-213,2972,0.0,0.0,16.42,16.42
2019-04-30,2019,2,TLALPAN,PEDREGAL DE SN NICOLAS 4A SECC II,12-214,2975,0.0,0.0,466.71,466.71
2019-04-30,2019,2,TLALPAN,PEDREGAL DE STA URSULA XITLA,12-121,1447,0.0,0.0,146.78,146.78
2019-04-30,2019,2,TLALPAN,PLAN DE AYALA,12-125,385,0.0,0.0,16.47,16.47
2019-04-30,2019,2,TLALPAN,POPULAR STA TERESA,12-127,2209,0.0,0.0,388.07000000000005,388.07000000000005
2019-04-30,2019,2,TLALPAN,PRADO COAPA 2A SECCION,12-130,650,432.96000000000004,6695.82,9218.73,2089.95
2019-04-30,2019,2,TLALPAN,PRADO COAPA 3A SECCION-POTRERO ACOXPA,12-131,795,1847.6399999999999,8467.5,12639.03,2323.8900000000003
2019-04-30,2019,2,TLALPAN,PUEBLO QUIETO,12-133,182,73.14,2367.75,2725.15,284.26
2019-04-30,2019,2,TLALPAN,RANCHO LOS COLORINES (FRACC),12-136,225,0.0,5181.24,11350.42,6169.18
2019-04-30,2019,2,TLALPAN,REAL DEL SUR-VILLAS DEL SUR-RESIDENCIAL ACOXPA,12-137,494,137.02,2820.7200000000003,13577.67,10619.93
2019-04-30,2019,2,TLALPAN,RINCON LAS HADAS-VILLA ROYALE-FUENTES Y ARCONADA COAPA,12-142,580,111.64,828.21,991.92,52.07
2019-04-30,2019,2,TLALPAN,RINCONADA (U HAB),12-143,330,0.0,7541.65,7803.5199999999995,261.87
2019-04-30,2019,2,TLALPAN,ROMULO SANCHEZ-SAN FERNANDO (BARR)-PEA POBRE,12-146,297,400.24,1210.0900000000001,11510.68,9900.349999999999
2019-04-30,2019,2,TLALPAN,SAN ANDRES TOTOLTEPEC (PBLO),12-147,7923,0.0,0.0,1160.07,1160.07
2019-04-30,2019,2,TLALPAN,SAN BARTOLO EL CHICO,12-148,445,385.14,7200.09,11575.970000000001,3990.74
2019-04-30,2019,2,TLALPAN,SAN LORENZO HUIPULCO,12-153,2278,4606.22,44765.62,74726.86,25355.02
2019-04-30,2019,2,TLALPAN,SAN MIGUEL  XICALCO (PBLO),12-154,3425,0.0,0.0,132.49,132.49
2019-04-30,2019,2,TLALPAN,SAN MIGUEL AJUSCO (PBLO),12-155,3866,0.0,0.0,126.42,126.42
2019-04-30,2019,2,TLALPAN,SAN MIGUEL TOPILEJO (PBLO),12-157,5430,0.0,0.0,787.15,787.15
2019-04-30,2019,2,TLALPAN,SAN PEDRO APOSTOL (BARR),12-159,145,490.45,903.13,1700.06,306.48
2019-04-30,2019,2,TLALPAN,SAN PEDRO MARTIR (PBLO),12-160,3960,33.56,26.840000000000003,2320.7,2260.3
2019-04-30,2019,2,TLALPAN,SANTA URSULA XITLA,12-161,3245,0.0,2078.94,15790.89,13711.95
2019-04-30,2019,2,TLALPAN,SANTO TOMAS AJUSCO (PBLO),12-163,4166,0.0,0.0,401.94,401.94
2019-04-30,2019,2,TLALPAN,SAUZALES CEBADALES (U HAB),12-164,768,0.0,27428.05,27847.79,419.74
2019-04-30,2019,2,TLALPAN,SECCION XVI,12-165,386,1543.91,4466.84,34862.79,28852.04
2019-04-30,2019,2,TLALPAN,SN JUAN TEPEXIMILPA,12-151,705,0.0,0.0,0.48,0.48
2019-04-30,2019,2,TLALPAN,TENORIOS INFONAVIT 1 Y 2 (U HAB),12-168,588,0.0,9167.7,9321.42,153.72
2019-04-30,2019,2,TLALPAN,TEPETONGO,12-171,517,0.0,0.0,42.21,42.21
2019-04-30,2019,2,TLALPAN,TETENCO (PJE),12-172,176,0.0,0.0,2199.05,2199.05
2019-04-30,2019,2,TLALPAN,TLALCOLIGIA,12-175,2148,1342.1999999999998,7323.450000000001,11460.61,2794.96
2019-04-30,2019,2,TLALPAN,TLALMILLE,12-176,944,0.0,0.0,34.88,34.88
2019-04-30,2019,2,TLALPAN,TLALPAN CENTRO,12-177,2693,11558.75,83000.94,150019.74,55460.05
2019-04-30,2019,2,TLALPAN,TORIELLO GUERRA,12-180,2450,4106.72,48628.15,93412.23,40677.35999999999
2019-04-30,2019,2,TLALPAN,TORRES DE PADIERNA,12-181,635,0.0,0.0,36.1,36.1
2019-04-30,2019,2,TLALPAN,TRES FUENTES (U HAB),12-182,445,0.0,10790.98,11011.17,220.19
2019-04-30,2019,2,TLALPAN,UNIDADES HABITACIONALES DE TENORIOS,12-044,477,0.0,11679.67,11704.45,24.78
2019-04-30,2019,2,TLALPAN,VALLE DE TEPEPAN,12-183,803,0.0,31.72,354.51,322.78999999999996
2019-04-30,2019,2,TLALPAN,VALLE ESCONDIDO,12-184,635,73.80000000000001,12341.73,25958.059999999998,13542.53
2019-04-30,2019,2,TLALPAN,VALLE VERDE,12-185,220,0.0,0.0,0.0,0.0
2019-04-30,2019,2,TLALPAN,VERGEL DE COYOACAN-VERGEL DEL SUR,12-188,713,0.0,2790.85,25097.95,22307.1
2019-04-30,2019,2,TLALPAN,VILLA COAPA (RDCIAL),12-191,701,1039.5,11785.64,15615.31,2790.17
2019-04-30,2019,2,TLALPAN,VILLA DEL PUENTE FOVISSSTE  (U HAB),12-193,217,0.0,2243.58,3211.07,967.49
2019-04-30,2019,2,TLALPAN,VILLA LAZARO CARDENAS,12-194,1255,3820.81,21179.01,28677.710000000003,3677.89
2019-04-30,2019,2,TLALPAN,VILLA OLIMPICA LIBERADOR MIGUEL HIDALGO (U HAB),12-195,800,0.0,752.59,13746.980000000001,12994.390000000001
2019-04-30,2019,2,TLALPAN,VISTAS DEL PEDREGAL,12-198,675,0.0,0.0,0.0,0.0
2019-04-30,2019,2,TLALPAN,VIVEROS DE COACTETLAN,12-199,1042,0.0,0.0,0.0,0.0
2019-04-30,2019,2,TLALPAN,XAXALIPAC,12-201,428,0.0,0.0,0.0,0.0
2019-04-30,2019,2,TLALPAN,ZAPOTE-LUIS DONALDO COLOSIO (U HABS),12-204,512,14.05,2007.7,2220.61,198.86
2019-04-30,2019,2,VENUSTIANO CARRANZA,10 DE MAYO,17-065,547,754.51,13503.99,15831.900000000001,1573.4
2019-04-30,2019,2,VENUSTIANO CARRANZA,20 DE NOVIEMBRE,17-066,3591,6180.45,25651.87,33540.13,1707.81
2019-04-30,2019,2,VENUSTIANO CARRANZA,20 DE NOVIEMBRE (AMPL),17-067,241,589.19,3259.13,10977.17,7128.85
2019-04-30,2019,2,VENUSTIANO CARRANZA,24 DE ABRIL,17-068,66,250.48000000000002,787.87,2566.76,1528.41
2019-04-30,2019,2,VENUSTIANO CARRANZA,5TO TRAMO DE 20 DE NOVIEMBRE,17-069,2277,5364.4400000000005,21397.35,30367.43,3605.64
2019-04-30,2019,2,VENUSTIANO CARRANZA,7 DE JULIO,17-070,295,34.16,2839.61,9183.24,6309.47
2019-04-30,2019,2,VENUSTIANO CARRANZA,7 DE JULIO (AMPL),17-071,612,27.44,13100.11,14132.22,1004.6700000000001
2019-04-30,2019,2,VENUSTIANO CARRANZA,AARON SAENZ,17-001,129,336.52,1823.83,2208.85,48.5
2019-04-30,2019,2,VENUSTIANO CARRANZA,ADOLFO LOPEZ MATEOS,17-002,1852,4417.03,21233.23,29854.31,4204.05
2019-04-30,2019,2,VENUSTIANO CARRANZA,AERONAUTICA MILITAR,17-003,931,7955.4,11260.39,25550.78,6334.99
2019-04-30,2019,2,VENUSTIANO CARRANZA,ALVARO OBREGON,17-004,854,2665.48,10651.68,13689.33,372.17
2019-04-30,2019,2,VENUSTIANO CARRANZA,AMPL CARACOL,,,333.41999999999996,3850.2699999999995,5471.889999999999,1288.1999999999998
2019-04-30,2019,2,VENUSTIANO CARRANZA,AQUILES SERDAN,17-005,2551,4806.63,25957.63,33019.8,2255.54
2019-04-30,2019,2,VENUSTIANO CARRANZA,ARTES GRAFICAS,17-006,3185,1078.34,42684.97,46917.8,3154.4900000000002
2019-04-30,2019,2,VENUSTIANO CARRANZA,AVIACION CIVIL,17-007,1871,7110.92,26031.06,35679.2,2537.22
2019-04-30,2019,2,VENUSTIANO CARRANZA,AVIACION CIVIL (AMPL),17-008,668,947.4100000000001,4129.76,5198.1,120.92999999999999
2019-04-30,2019,2,VENUSTIANO CARRANZA,AZTECA,17-009,502,277.86,3642.34,4030.9,110.7
2019-04-30,2019,2,VENUSTIANO CARRANZA,CANDELARIA DELOS PATOS (U HAB),17-011,599,29.64,2866.34,3341.1299999999997,445.15000000000003
2019-04-30,2019,2,VENUSTIANO CARRANZA,CARACOL,17-012,1519,3557.98,17750.92,23602.5,2293.6
2019-04-30,2019,2,VENUSTIANO CARRANZA,CENTRO I,17-072,2169,2673.58,36734.46,48697.42,9289.380000000001
2019-04-30,2019,2,VENUSTIANO CARRANZA,CENTRO II,17-073,1070,9776.33,18340.58,46171.22,18054.31
2019-04-30,2019,2,VENUSTIANO CARRANZA,CUATRO ARBOLES,17-015,719,3076.29,9278.94,13016.39,661.16
2019-04-30,2019,2,VENUSTIANO CARRANZA,CUCHILLA PANTITLAN,17-016,2470,2552.28,30581.35,35892.23,2758.6
2019-04-30,2019,2,VENUSTIANO CARRANZA,DAMIAN CARMONA,17-017,851,465.17,1579.42,2045.81,1.22
2019-04-30,2019,2,VENUSTIANO CARRANZA,EL ARENAL 1A SECCION,17-018,1565,4462.3,15542.48,20711.86,707.08
2019-04-30,2019,2,VENUSTIANO CARRANZA,EL ARENAL 2A SECCION,17-019,150,522.01,1074.74,1711.67,114.92
2019-04-30,2019,2,VENUSTIANO CARRANZA,EL ARENAL 3A SECCION,17-020,553,606.97,1263.13,1948.6,78.5
2019-04-30,2019,2,VENUSTIANO CARRANZA,EL ARENAL 4A SECCION,17-021,2867,3051.31,16194.15,23463.34,4217.88
2019-04-30,2019,2,VENUSTIANO CARRANZA,EL PARQUE,17-023,880,454.38,3819.81,33403.42,29129.23
2019-04-30,2019,2,VENUSTIANO CARRANZA,EMILIO CARRANZA,17-025,1368,6558.51,23518.8,37086.16,7008.85
2019-04-30,2019,2,VENUSTIANO CARRANZA,FEDERAL,17-026,3538,11201.48,42236.16,64949.08,11511.44
2019-04-30,2019,2,VENUSTIANO CARRANZA,FELIPE ANGELES,17-027,835,3253.35,6004.4,16036.21,6778.46
2019-04-30,2019,2,VENUSTIANO CARRANZA,FIVIPORT (U HAB),17-028,1670,0.0,13581.75,14757.83,1176.08
2019-04-30,2019,2,VENUSTIANO CARRANZA,IGNACIO ZARAGOZA I,17-074,3492,7358.61,28291.19,42681.81,7032.01
2019-04-30,2019,2,VENUSTIANO CARRANZA,IGNACIO ZARAGOZA II,17-075,2078,6054.08,21455.09,29205.56,1696.3899999999999
2019-04-30,2019,2,VENUSTIANO CARRANZA,INDUSTRIAL PUERTO AEREO (FRACC),17-030,41,140.96,551.9599999999999,15285.150000000001,14592.23
2019-04-30,2019,2,VENUSTIANO CARRANZA,JAMAICA,17-031,1551,1659.85,29545.399999999998,42165.69,10960.439999999999
2019-04-30,2019,2,VENUSTIANO CARRANZA,JANITZIO,17-032,722,3408.2599999999998,9063.96,13459.17,986.95
2019-04-30,2019,2,VENUSTIANO CARRANZA,JARDIN BALBUENA I,17-076,4129,5381.26,41923.57,55987.38,8682.55
2019-04-30,2019,2,VENUSTIANO CARRANZA,JARDIN BALBUENA II,17-077,1567,1524.6,18413.2,31769.41,11831.61
2019-04-30,2019,2,VENUSTIANO CARRANZA,JARDIN BALBUENA III,17-078,4561,5682.22,46753.37,62641.16,10205.57
2019-04-30,2019,2,VENUSTIANO CARRANZA,KENNEDY (U HAB),17-034,2796,0.0,174.67,1125.28,950.61
2019-04-30,2019,2,VENUSTIANO CARRANZA,LORENZO BOTURINI,17-035,2840,4857.3,37002.49,52912.44,11052.65
2019-04-30,2019,2,VENUSTIANO CARRANZA,MAGDALENA  MIXHUCA,17-036,1409,5367.5,28746.57,44207.55,10093.48
2019-04-30,2019,2,VENUSTIANO CARRANZA,MAGDALENA  MIXHUCA (PBLO),17-037,1761,5850.16,22489.54,35541.75,7202.05
2019-04-30,2019,2,VENUSTIANO CARRANZA,MERCED BALBUENA,17-038,1286,3224.03,27122.02,39936.06,9590.01
2019-04-30,2019,2,VENUSTIANO CARRANZA,MICHOACANA,17-039,301,574.76,1556.94,7261.83,5130.13
2019-04-30,2019,2,VENUSTIANO CARRANZA,MICHOACANA (AMPL),17-040,704,2299.51,8841.54,11954.87,813.8199999999999
2019-04-30,2019,2,VENUSTIANO CARRANZA,MIGUEL HIDALGO,17-041,95,290.96,1246.04,1651.4,114.39999999999999
2019-04-30,2019,2,VENUSTIANO CARRANZA,MOCTEZUMA 1A SECCION,17-042,3545,16183.38,47601.31,68542.67,4757.9800000000005
2019-04-30,2019,2,VENUSTIANO CARRANZA,MOCTEZUMA 2A SECCION I,17-079,4008,13284.26,71791.64,106248.43,21172.53
2019-04-30,2019,2,VENUSTIANO CARRANZA,MOCTEZUMA 2A SECCION II,17-080,3234,12147.64,50288.13,67300.94,4865.17
2019-04-30,2019,2,VENUSTIANO CARRANZA,MOCTEZUMA 2A SECCION III,17-081,3969,11666.08,54036.16,71263.57,5561.33
2019-04-30,2019,2,VENUSTIANO CARRANZA,MOCTEZUMA 2A SECCION IV,17-082,3180,10538.98,39695.53,56568.17,6333.66
2019-04-30,2019,2,VENUSTIANO CARRANZA,MORELOS I,17-083,5195,6345.3099999999995,107241.8,119485.06,5897.95
2019-04-30,2019,2,VENUSTIANO CARRANZA,MORELOS II,17-084,5633,5724.82,99926.25,119887.01,14235.94
2019-04-30,2019,2,VENUSTIANO CARRANZA,NICOLAS BRAVO,17-045,1445,2521.8199999999997,15273.27,18660.88,865.7900000000001
2019-04-30,2019,2,VENUSTIANO CARRANZA,PENITENCIARIA (AMPL),17-046,2126,2952.7400000000002,42081.7,48754.29,3719.85
2019-04-30,2019,2,VENUSTIANO CARRANZA,PENSADOR MEXICANO I,17-085,1447,6336.11,22672.71,33193.36,4184.54
2019-04-30,2019,2,VENUSTIANO CARRANZA,PENSADOR MEXICANO II,17-086,2016,8772.95,21254.28,33280.47,3253.24
2019-04-30,2019,2,VENUSTIANO CARRANZA,PEON DE LOS BAOS,,,6755.58,20191.62,92209.54,65262.34
2019-04-30,2019,2,VENUSTIANO CARRANZA,POPULAR RASTRO,17-050,2035,1855.9,31254.68,34448.84,1338.26
2019-04-30,2019,2,VENUSTIANO CARRANZA,PRIMERO DE MAYO,17-051,716,208.68,3073.54,3700.31,418.09000000000003
2019-04-30,2019,2,VENUSTIANO CARRANZA,PROGRESISTA,17-052,178,0.0,710.51,1288.68,578.17
2019-04-30,2019,2,VENUSTIANO CARRANZA,PUEBLA,17-053,1997,6101.63,21756.29,32109.98,4252.06
2019-04-30,2019,2,VENUSTIANO CARRANZA,REVOLUCION,17-054,1877,3526.85,21549.350000000002,25595.87,519.67
2019-04-30,2019,2,VENUSTIANO CARRANZA,ROMERO RUBIO,17-055,3478,12248.15,51743.05,71652.73,7661.53
2019-04-30,2019,2,VENUSTIANO CARRANZA,SANTA CRUZ AVIACION,17-056,712,1035.17,12447.89,16956.45,3473.39
2019-04-30,2019,2,VENUSTIANO CARRANZA,SEVILLA,17-057,550,1444.49,8299.75,11547.47,1803.23
2019-04-30,2019,2,VENUSTIANO CARRANZA,SIMON  BOLIVAR,17-058,1838,2757.73,14788.470000000001,27133.88,9587.68
2019-04-30,2019,2,VENUSTIANO CARRANZA,TRES MOSQUETEROS,17-059,67,0.0,291.0,383.6,92.60000000000001
2019-04-30,2019,2,VENUSTIANO CARRANZA,VALENTIN GOMEZ FARIAS,17-060,1612,6625.08,23783.95,33248.13,2839.1
2019-04-30,2019,2,VENUSTIANO CARRANZA,VALLE GOMEZ,17-061,3039,3644.64,41724.32,49508.24,4139.28
2019-04-30,2019,2,VENUSTIANO CARRANZA,VENUSTIANO CARRANZA,17-062,900,1942.75,8612.43,12009.14,1453.96
2019-04-30,2019,2,VENUSTIANO CARRANZA,VENUSTIANO CARRANZA (AMPL),17-063,550,412.15,3312.05,3753.6,29.4
2019-04-30,2019,2,VENUSTIANO CARRANZA,VIADUCTO  - BALBUENA )CONJ HAB),,,232.15,48708.7,50899.38,1958.53
2019-04-30,2019,2,XOCHIMILCO,BARRIO 18,13-003,1849,0.0,397.21000000000004,700.01,302.8
2019-04-30,2019,2,XOCHIMILCO,BELEM (BARR),13-004,386,2008.13,2781.32,5235.24,445.78999999999996
2019-04-30,2019,2,XOCHIMILCO,BOSQUE RESIDENCIAL DEL SUR (FRACC),13-005,1179,64.66,8269.359999999999,8498.84,164.82
2019-04-30,2019,2,XOCHIMILCO,CALTONGO (BARR),13-007,2258,1.24,284.04,293.21,7.93
2019-04-30,2019,2,XOCHIMILCO,CANAL ONCE (U HAB),13-078,269,217.36,4703.429999999999,4941.63,20.84
2019-04-30,2019,2,XOCHIMILCO,CERRO GRANDE,13-008,649,320.61,1234.4099999999999,1556.3600000000001,1.34
2019-04-30,2019,2,XOCHIMILCO,CRISTO REY,13-009,574,117.12,0.0,459.33,342.21
2019-04-30,2019,2,XOCHIMILCO,EL CARMEN,13-011,1971,0.0,0.0,59.019999999999996,59.019999999999996
2019-04-30,2019,2,XOCHIMILCO,EL ROSARIO (BARR),13-012,192,2477.7,1298.6100000000001,12014.48,8238.17
2019-04-30,2019,2,XOCHIMILCO,GUADALUPE,13-013,855,31.39,418.08000000000004,516.4200000000001,66.95
2019-04-30,2019,2,XOCHIMILCO,HUICHAPAN,13-014,317,1896.42,2142.0299999999997,8798.76,4760.3099999999995
2019-04-30,2019,2,XOCHIMILCO,INFONAVIT PROLONGACION DIVISION DEL NORTE (U HAB),13-080,443,0.0,7163.75,7183.27,19.52
2019-04-30,2019,2,XOCHIMILCO,JARDINES DEL SUR,13-015,1635,394.94,13219.5,20159.01,6544.57
2019-04-30,2019,2,XOCHIMILCO,LA ASUNCION (BARR),13-017,1429,1415.89,5226.6,7627.45,984.96
2019-04-30,2019,2,XOCHIMILCO,LA CAADA,,,64.48,53.19,130.96,13.29
2019-04-30,2019,2,XOCHIMILCO,LA CEBADA,13-019,444,798.44,3312.68,4798.23,687.11
2019-04-30,2019,2,XOCHIMILCO,LA CONCEPCION TLACOAPA (BARR),13-020,795,355.61,3870.67,4778.57,552.29
2019-04-30,2019,2,XOCHIMILCO,LA CONCHA,13-021,1092,847.58,15795.94,20485.440000000002,3841.92
2019-04-30,2019,2,XOCHIMILCO,LA GUADALUPITA (BARR),13-022,153,1020.78,2045.23,3626.55,560.5400000000001
2019-04-30,2019,2,XOCHIMILCO,LA NORIA,13-081,418,139.94,13110.13,16513.42,3263.35
2019-04-30,2019,2,XOCHIMILCO,LA NORIA TEPEPAN,13-023,1112,915.56,12995.34,18509.0,4598.1
2019-04-30,2019,2,XOCHIMILCO,LORETO PEA POBRE (U HAB),13-079,348,0.0,5924.53,6095.870000000001,171.34
2019-04-30,2019,2,XOCHIMILCO,LOS CERRILLOS II,13-026,1664,105.7,644.37,759.49,9.42
2019-04-30,2019,2,XOCHIMILCO,LOS CERRILLOS III,13-027,1561,0.0,445.47,445.47,0.0
2019-04-30,2019,2,XOCHIMILCO,NATIVITAS,13-028,574,28.05,0.0,46.95,18.9
2019-04-30,2019,2,XOCHIMILCO,NATIVITAS (U HAB),13-029,739,0.0,17119.22,17310.039999999997,190.82
2019-04-30,2019,2,XOCHIMILCO,NATIVITAS LA JOYA (AMPL),13-030,4354,11.6,0.0,173.25,161.65000000000003
2019-04-30,2019,2,XOCHIMILCO,PASEOS DEL SUR,13-032,528,719.8199999999999,9575.61,10992.44,697.01
2019-04-30,2019,2,XOCHIMILCO,POTRERO DE SAN BERNARDINO,13-033,735,876.04,9827.43,20627.29,9923.820000000002
2019-04-30,2019,2,XOCHIMILCO,RINCONADA DEL SUR (U HAB),13-034,577,0.0,12752.84,12764.18,11.34
2019-04-30,2019,2,XOCHIMILCO,SAN ANDRES AHUAYUCAN (PBLO),13-035,2981,814.1999999999999,2634.16,4059.2799999999997,610.9200000000001
2019-04-30,2019,2,XOCHIMILCO,SAN ANTONIO (BARR),13-036,445,1753.29,2210.8,5282.47,1318.3799999999999
2019-04-30,2019,2,XOCHIMILCO,SAN BARTOLO EL CHICO,13-037,120,48.18,523.2,2136.48,1565.1000000000001
2019-04-30,2019,2,XOCHIMILCO,SAN CRISTOBAL (BARR),13-038,622,242.39,1371.82,1720.8,106.58999999999999
2019-04-30,2019,2,XOCHIMILCO,SAN DIEGO (BARR),13-039,386,549.25,2002.16,2562.4,10.99
2019-04-30,2019,2,XOCHIMILCO,SAN ESTEBAN (BARR),13-040,568,1191.64,5076.8099999999995,6441.33,172.88
2019-04-30,2019,2,XOCHIMILCO,SAN FRANCISCO TLALNEPANTLA (PBLO),13-042,1775,42.7,56.3,464.79,365.79
2019-04-30,2019,2,XOCHIMILCO,SAN GREGORIO ATLAPULCO (PBLO),13-043,7426,5079.92,13262.58,20717.49,2374.9900000000002
2019-04-30,2019,2,XOCHIMILCO,SAN JOSE LAS PERITAS,,,668.8699999999999,3565.06,4694.29,460.36
2019-04-30,2019,2,XOCHIMILCO,SAN JOSE ZACATEPEC,13-046,789,35.14,576.2,611.95,0.61
2019-04-30,2019,2,XOCHIMILCO,SAN JUAN (BARR),13-047,447,425.70000000000005,1395.4099999999999,1943.49,122.38000000000001
2019-04-30,2019,2,XOCHIMILCO,SAN JUAN TEPEPAN,13-048,1043,422.73,7058.23,9193.17,1712.21
2019-04-30,2019,2,XOCHIMILCO,SAN LORENZO,13-006,275,558.8199999999999,3521.11,8573.43,4493.5
2019-04-30,2019,2,XOCHIMILCO,SAN LORENZO (BARR),13-049,1140,265.65,2122.2700000000004,2406.8,18.88
2019-04-30,2019,2,XOCHIMILCO,SAN LORENZO ATEMOAYA (PBLO),13-050,2620,802.46,9347.01,11011.56,862.09
2019-04-30,2019,2,XOCHIMILCO,SAN LORENZO LA CEBADA I,13-075,2931,1597.7,8970.14,10912.57,344.73
2019-04-30,2019,2,XOCHIMILCO,SAN LORENZO LA CEBADA II,13-076,2058,3539.79,12727.45,17464.85,1197.61
2019-04-30,2019,2,XOCHIMILCO,SAN LUCAS XOCHIMANCA (PBLO),13-052,3326,1564.12,8236.56,11076.74,1276.06
2019-04-30,2019,2,XOCHIMILCO,SAN LUIS TLAXIALTEMALCO (PBLO),13-053,3794,1510.54,3467.04,6207.46,1229.88
2019-04-30,2019,2,XOCHIMILCO,SAN MARCOS (AMPL),13-054,4508,1325.1100000000001,6266.45,25835.31,18243.75
2019-04-30,2019,2,XOCHIMILCO,SAN MARCOS (BARR),13-055,996,1757.41,5503.75,10903.380000000001,3642.22
2019-04-30,2019,2,XOCHIMILCO,SAN MATEO XALPA (PBLO),13-056,102654,2710.64,6226.92,26094.989999999998,17157.43
2019-04-30,2019,2,XOCHIMILCO,SAN PEDRO (BARR),13-057,814,4008.15,7545.22,18914.34,7360.97
2019-04-30,2019,2,XOCHIMILCO,SANTA CECILIA TEPETLAPA (PBLO),13-058,2881,860.53,4324.88,5967.650000000001,782.24
2019-04-30,2019,2,XOCHIMILCO,SANTA CRUCITA (BARR),13-059,84,1123.02,939.73,4992.35,2929.6
2019-04-30,2019,2,XOCHIMILCO,SANTA CRUZ ACALPIXCA (PBLO),13-060,6124,1798.08,4525.79,7884.639999999999,1560.77
2019-04-30,2019,2,XOCHIMILCO,SANTA CRUZ CHAVARRIETA,13-061,480,168.84,1205.15,1412.5800000000002,38.59
2019-04-30,2019,2,XOCHIMILCO,SANTA CRUZ XOCHITEPEC (PBLO),13-062,3870,2370.75,17469.47,21841.26,2001.04
2019-04-30,2019,2,XOCHIMILCO,SANTA INES,13-063,375,49.14,565.88,664.47,49.45
2019-04-30,2019,2,XOCHIMILCO,SANTA MARIA NATIVITAS (PBLO),13-064,4515,1390.03,6201.09,8809.95,1218.83
2019-04-30,2019,2,XOCHIMILCO,SANTA MARIA TEPEPAN (PBLO),13-065,4561,4369.77,35973.74,58411.2,18067.69
2019-04-30,2019,2,XOCHIMILCO,SANTIAGO TEPALCATLALPAN (PBLO),13-066,4072,3653.88,13546.56,18797.22,1596.78
2019-04-30,2019,2,XOCHIMILCO,SANTIAGO TULYEHUALCO (PBLO),13-067,5978,7063.49,20395.6,32985.4,5526.31
2019-04-30,2019,2,XOCHIMILCO,TEPEPAN (AMPL),13-069,1796,1894.58,11641.84,14516.12,979.7
2019-04-30,2019,2,XOCHIMILCO,TESMIC (RDCIAL),13-070,287,62.22,2824.32,2912.52,25.98
2019-04-30,2019,2,XOCHIMILCO,TIERRA NUEVA,13-071,526,819.0999999999999,5372.8099999999995,7359.28,1167.3700000000001
2019-04-30,2019,2,XOCHIMILCO,VILLA XOCHIMILCO (U HAB),13-083,284,0.0,4381.69,4877.62,495.93
2019-04-30,2019,2,XOCHIMILCO,XALTOCAN (BARR),13-073,3000,7771.25,18210.28,40894.18,14912.65
2019-06-30,2019,3,ALVARO OBREGON,19 DE MAYO,10-241,337,244.70999999999998,4977.56,5237.52,15.25
2019-06-30,2019,3,ALVARO OBREGON,1RA VICTORIA,10-242,592,272.09,4243.06,4524.91,9.76
2019-06-30,2019,3,ALVARO OBREGON,1RA VICTORIA SECCION BOSQUES,10-243,631,1495.3600000000001,5085.610000000001,7015.67,434.7
2019-06-30,2019,3,ALVARO OBREGON,2DA  JALALPA TEPITO (AMPL),10-246,1281,2730.4,6849.17,9702.5,122.93
2019-06-30,2019,3,ALVARO OBREGON,2DA EL PIRUL (AMPL),10-245,239,321.67,2299.03,2665.55,44.85
2019-06-30,2019,3,ALVARO OBREGON,ABRAHAM GONZALEZ,10-001,75,0.0,123.68,263.37,139.69
2019-06-30,2019,3,ALVARO OBREGON,ACUEDUCTO,10-002,889,318.59999999999997,2124.32,2697.49,254.57
2019-06-30,2019,3,ALVARO OBREGON,AGUILAS 3ER PARQUE,10-005,893,215.26999999999998,3661.19,4183.91,307.45
2019-06-30,2019,3,ALVARO OBREGON,AGUILAS PILARES,10-006,672,636.27,20038.2,22031.75,1357.28
2019-06-30,2019,3,ALVARO OBREGON,ALCANTARILLA,10-007,475,0.0,0.0,276.09,276.09
2019-06-30,2019,3,ALVARO OBREGON,ALFALFAR,10-008,519,491.66999999999996,5836.59,9202.310000000001,2874.05
2019-06-30,2019,3,ALVARO OBREGON,ALFONSO XIII,10-009,3340,8285.05,47634.53,62647.51,6727.93
2019-06-30,2019,3,ALVARO OBREGON,ALPES,10-010,1590,2355.48,41237.14,59950.659999999996,16358.04
2019-06-30,2019,3,ALVARO OBREGON,ALPES (AMPL),10-011,920,122.03,4974.26,5505.07,408.78
2019-06-30,2019,3,ALVARO OBREGON,ARBOLEDAS POLITOCO,10-015,145,50.64,210.14,323.6,62.82
2019-06-30,2019,3,ALVARO OBREGON,ARCOS DE CENTENARIO,10-016,54,96.4,515.31,642.07,30.36
2019-06-30,2019,3,ALVARO OBREGON,ARTURO MARTINEZ,10-018,441,686.04,3703.71,4438.87,49.12
2019-06-30,2019,3,ALVARO OBREGON,ARVIDE,10-019,155,0.0,478.68,5428.349999999999,4949.67
2019-06-30,2019,3,ALVARO OBREGON,ATLAMAYA,10-021,463,36.6,21494.81,24429.2,2897.79
2019-06-30,2019,3,ALVARO OBREGON,AVE REAL,10-022,279,21.18,564.14,1158.72,573.4
2019-06-30,2019,3,ALVARO OBREGON,AXOTLA,10-024,846,3313.55,22344.07,39826.32,14168.699999999999
2019-06-30,2019,3,ALVARO OBREGON,BALCONES DE CEHUAYO,10-025,376,132.49,69.86,212.11,9.76
2019-06-30,2019,3,ALVARO OBREGON,BARRIO NORTE,10-026,3558,1463.35,13734.2,15401.83,204.27999999999997
2019-06-30,2019,3,ALVARO OBREGON,BEJERO,10-028,513,285.63,3306.34,3609.67,17.7
2019-06-30,2019,3,ALVARO OBREGON,BELEN DE LAS FLORES,10-029,633,176.28,324.37,6558.76,6058.11
2019-06-30,2019,3,ALVARO OBREGON,BELEN DE LAS FLORES (U HAB),10-231,1229,0.0,37445.23,38258.59,813.36
2019-06-30,2019,3,ALVARO OBREGON,BELEN DE LAS FLORES SECCION RELLENO,10-030,193,249.52,4607.62,4880.32,23.18
2019-06-30,2019,3,ALVARO OBREGON,BELEN DE LAS FLORES_,10-249,157,0.0,0.0,10.37,10.37
2019-06-30,2019,3,ALVARO OBREGON,BELLA VISTA,10-031,2932,8249.35,42086.73,79258.97,28922.89
2019-06-30,2019,3,ALVARO OBREGON,BONANZA,10-032,497,478.39,3582.73,4427.75,366.63
2019-06-30,2019,3,ALVARO OBREGON,BOSQUES DE TARANGO,10-033,1706,128.95,3181.5499999999997,5543.38,2232.88
2019-06-30,2019,3,ALVARO OBREGON,CANUTILLO 3RA SECCION,10-038,1106,305.64,20525.420000000002,21473.399999999998,642.3399999999999
2019-06-30,2019,3,ALVARO OBREGON,CAROLA,10-040,129,0.0,3691.8,4973.19,1281.39
2019-06-30,2019,3,ALVARO OBREGON,CHIMALISTAC,10-042,340,1153.57,8859.18,20922.68,10909.93
2019-06-30,2019,3,ALVARO OBREGON,COLINAS DE TARANGO,10-043,194,0.0,675.37,1382.08,706.71
2019-06-30,2019,3,ALVARO OBREGON,COLINAS DEL SUR,10-044,3789,300.17,13483.69,17207.2,3423.3399999999997
2019-06-30,2019,3,ALVARO OBREGON,CORPUS CHRISTY,10-047,2402,1741.79,13298.61,16382.42,1342.02
2019-06-30,2019,3,ALVARO OBREGON,CORPUS CURISTY AMPL XOCOMECATLA,10-048,895,0.0,8983.44,9054.81,71.37
2019-06-30,2019,3,ALVARO OBREGON,COVE,10-049,1249,3465.0299999999997,22030.14,29009.86,3514.69
2019-06-30,2019,3,ALVARO OBREGON,CRISTO REY,10-050,242,2193.71,4801.99,8614.99,1619.29
2019-06-30,2019,3,ALVARO OBREGON,DESARROLLO URBANO,10-052,1383,0.0,794.03,794.03,0.0
2019-06-30,2019,3,ALVARO OBREGON,EL BOSQUE,10-056,149,158.82,1009.9,1191.7,22.98
2019-06-30,2019,3,ALVARO OBREGON,EL BOSQUE 2DA SECCION (AMPL),10-057,72,227.92,922.34,1150.26,0.0
2019-06-30,2019,3,ALVARO OBREGON,EL CAPULIN,10-059,338,104.32,1632.67,2119.46,382.47
2019-06-30,2019,3,ALVARO OBREGON,EL CAPULIN (AMPL),10-060,170,81.19,380.5,483.35,21.66
2019-06-30,2019,3,ALVARO OBREGON,EL CUERNITO,10-187,584,0.0,0.0,2232.6,2232.6
2019-06-30,2019,3,ALVARO OBREGON,EL PARAISO,10-063,1350,598.8199999999999,14014.939999999999,16362.86,1749.1000000000001
2019-06-30,2019,3,ALVARO OBREGON,EL PIRUL,10-065,577,881.3,4763.46,6528.09,883.33
2019-06-30,2019,3,ALVARO OBREGON,EL POCITO,10-066,265,515.79,737.56,1261.28,7.93
2019-06-30,2019,3,ALVARO OBREGON,EL RODEO,10-067,74,70.77,184.62,255.39,0.0
2019-06-30,2019,3,ALVARO OBREGON,EMANCIPACION DEL PUEBLO,10-069,235,121.98,4526.88,4770.86,122.0
2019-06-30,2019,3,ALVARO OBREGON,ESTADO DE HIDALGO,10-071,404,602.89,4203.03,31756.02,26950.1
2019-06-30,2019,3,ALVARO OBREGON,ESTADO DE HIDALGO_,10-247,612,1066.32,1754.68,3568.94,747.94
2019-06-30,2019,3,ALVARO OBREGON,FLOR DE MARIA,10-072,329,534.85,8780.24,10782.24,1467.1499999999999
2019-06-30,2019,3,ALVARO OBREGON,FLORIDA,10-073,1959,2644.48,66952.08,93905.33,24308.77
2019-06-30,2019,3,ALVARO OBREGON,FRANCISCO VILLA,10-074,699,630.59,2329.56,4086.48,1126.33
2019-06-30,2019,3,ALVARO OBREGON,GARCIMARRERO,10-076,700,168.36,744.09,921.6,9.15
2019-06-30,2019,3,ALVARO OBREGON,GARCIMARRERO NORTE,10-077,1188,1299.27,19540.16,23834.67,2995.24
2019-06-30,2019,3,ALVARO OBREGON,GARCIMARRERO REACOMODO,10-078,225,787.4,1188.54,2239.97,264.03
2019-06-30,2019,3,ALVARO OBREGON,GOLONDRINAS,10-079,980,145.8,1130.68,1536.95,260.47
2019-06-30,2019,3,ALVARO OBREGON,GOLONDRINAS 1RA SECCION,10-080,618,0.0,584.02,1025.05,441.03000000000003
2019-06-30,2019,3,ALVARO OBREGON,GRAL A ROSALES,10-082,69,0.0,531.63,591.99,60.36
2019-06-30,2019,3,ALVARO OBREGON,GRAL C  A  MADRAZO,10-083,240,67.11,365.22,434.4,2.07
2019-06-30,2019,3,ALVARO OBREGON,GUADALUPE INN,10-084,1687,4830.7,48222.48,114102.27,61049.090000000004
2019-06-30,2019,3,ALVARO OBREGON,HACIENDA DE GUADALUPE CHIMALISTAC,10-004,448,216.69,14432.75,27506.99,12857.55
2019-06-30,2019,3,ALVARO OBREGON,HERON PROAL,10-085,807,346.96999999999997,3021.17,3621.29,253.15000000000003
2019-06-30,2019,3,ALVARO OBREGON,HOGAR Y REDENCION,10-086,829,1112.8700000000001,4613.62,5915.08,188.59
2019-06-30,2019,3,ALVARO OBREGON,JALALPA,10-088,1511,0.0,0.0,447.74,447.74
2019-06-30,2019,3,ALVARO OBREGON,JALALPA (AMPL),10-014,445,170.19,1294.27,1643.74,179.28
2019-06-30,2019,3,ALVARO OBREGON,JALALPA EL GRANDE,10-089,2783,592.4000000000001,6797.37,10922.85,3533.08
2019-06-30,2019,3,ALVARO OBREGON,JALALPA TEPITO,10-090,998,1713.65,10170.68,12016.39,132.06
2019-06-30,2019,3,ALVARO OBREGON,JARDINES DEL PEDREGAL,10-091,4191,1227.96,198843.49,237506.81,37435.36
2019-06-30,2019,3,ALVARO OBREGON,JOSE MARIA PINO SUAREZ,10-092,1780,3101.0699999999997,17777.18,23501.91,2623.66
2019-06-30,2019,3,ALVARO OBREGON,JURISTAS,10-093,206,156.95,1895.8600000000001,2129.69,76.88
2019-06-30,2019,3,ALVARO OBREGON,LA ANGOSTURA,10-094,394,362.98,1268.13,2336.88,705.77
2019-06-30,2019,3,ALVARO OBREGON,LA CAADA,10-096,968,0.0,0.0,120.78,120.78
2019-06-30,2019,3,ALVARO OBREGON,LA CASCADA,10-097,578,191.74,6994.04,7224.210000000001,38.43
2019-06-30,2019,3,ALVARO OBREGON,LA CEBADA (AMPL),10-098,326,0.0,930.47,936.57,6.1
2019-06-30,2019,3,ALVARO OBREGON,LA CONCHITA,10-100,921,847.04,3175.34,4587.86,565.48
2019-06-30,2019,3,ALVARO OBREGON,LA HERRADURA,10-101,157,388.58,848.21,1271.56,34.77
2019-06-30,2019,3,ALVARO OBREGON,LA JOYA,10-103,584,0.0,532.63,1375.66,843.03
2019-06-30,2019,3,ALVARO OBREGON,LA LOMA,10-104,1611,0.0,30665.34,31467.0,801.66
2019-06-30,2019,3,ALVARO OBREGON,LA MARTINICA,10-105,716,0.0,1633.2,2262.22,629.0200000000001
2019-06-30,2019,3,ALVARO OBREGON,LA MEXICANA,10-106,1865,1086.17,3734.81,5132.27,311.29
2019-06-30,2019,3,ALVARO OBREGON,LA MEXICANA (AMPL),10-013,467,494.7,3966.7200000000003,4853.81,392.39
2019-06-30,2019,3,ALVARO OBREGON,LA OTRA BANDA,10-108,284,2840.1,9192.89,17575.19,5542.200000000001
2019-06-30,2019,3,ALVARO OBREGON,LA PALMITA,10-109,386,69.55,1758.0900000000001,1892.02,64.38
2019-06-30,2019,3,ALVARO OBREGON,LA PRESA,10-111,278,390.95,1560.38,1975.73,24.4
2019-06-30,2019,3,ALVARO OBREGON,LAS AGUILAS,10-114,2252,1277.6000000000001,54779.39,63304.89,7247.9
2019-06-30,2019,3,ALVARO OBREGON,LAS AGUILAS (AMPL),10-115,2633,5178.47,32806.84,42364.17,4378.86
2019-06-30,2019,3,ALVARO OBREGON,LAS CUEVITAS,10-118,1116,634.2900000000001,2571.39,8313.49,5107.8099999999995
2019-06-30,2019,3,ALVARO OBREGON,LAS PALMAS,10-119,494,365.89,4211.860000000001,4988.08,410.33
2019-06-30,2019,3,ALVARO OBREGON,LIBERALES DE 1857,10-121,1359,361.2,6281.92,6882.5599999999995,239.44
2019-06-30,2019,3,ALVARO OBREGON,LLANO REDONDO,10-122,296,0.0,716.7,734.39,17.69
2019-06-30,2019,3,ALVARO OBREGON,LOMAS DE AXOMIATLA,10-123,510,173.86,6706.74,9195.19,2314.59
2019-06-30,2019,3,ALVARO OBREGON,LOMAS DE BECERRA,10-124,2311,0.0,349.23,349.23,0.0
2019-06-30,2019,3,ALVARO OBREGON,LOMAS DE BECERRA (U HAB),10-125,672,0.0,17568.43,19095.68,1527.25
2019-06-30,2019,3,ALVARO OBREGON,LOMAS DE BECERRA ARVIDE (U HAB),10-126,870,0.0,16239.73,16642.33,402.6
2019-06-30,2019,3,ALVARO OBREGON,LOMAS DE CAPULA,10-127,1351,265.03999999999996,1722.6899999999998,2133.83,146.1
2019-06-30,2019,3,ALVARO OBREGON,LOMAS DE CHAMONTOYA,10-130,1747,27.06,530.4,878.9300000000001,321.46999999999997
2019-06-30,2019,3,ALVARO OBREGON,LOMAS DE GUADALUPE,10-131,390,13.42,15220.07,16046.62,813.1299999999999
2019-06-30,2019,3,ALVARO OBREGON,LOMAS DE LA ERA,10-132,3774,194.0,241.56,959.2099999999999,523.65
2019-06-30,2019,3,ALVARO OBREGON,LOMAS DE LAS AGUILAS,10-133,914,0.0,3278.4399999999996,3563.9300000000003,285.49
2019-06-30,2019,3,ALVARO OBREGON,LOMAS DE LOS ANGELES TETELPAN,10-134,1181,1027.21,7184.03,8313.0,101.76
2019-06-30,2019,3,ALVARO OBREGON,LOMAS DE LOS CEDROS,10-135,1345,0.0,0.0,0.0,0.0
2019-06-30,2019,3,ALVARO OBREGON,LOMAS DE NUEVO MEXICO,10-136,418,382.77,983.48,1558.92,192.67
2019-06-30,2019,3,ALVARO OBREGON,LOMAS DE PLATEROS (U HAB) I,10-250,3313,0.0,68754.19,74425.41,5671.22
2019-06-30,2019,3,ALVARO OBREGON,LOMAS DE PLATEROS (U HAB) II,10-251,2484,0.0,57388.19,64815.75,7427.56
2019-06-30,2019,3,ALVARO OBREGON,LOMAS DE PUERTA GRANDE,10-138,952,341.64,2292.83,3019.74,385.27
2019-06-30,2019,3,ALVARO OBREGON,LOMAS DE SAN ANGEL INN,10-139,908,80.52,15692.85,32187.69,16414.32
2019-06-30,2019,3,ALVARO OBREGON,LOMAS DE SANTA FE,10-140,85,0.0,2231.22,2463.63,232.41
2019-06-30,2019,3,ALVARO OBREGON,LOMAS DE SANTA FE II,10-248,1122,0.0,22466.84,169328.62,146861.78
2019-06-30,2019,3,ALVARO OBREGON,LOMAS DE SANTO DOMINGO,10-141,187,0.0,893.71,924.82,31.11
2019-06-30,2019,3,ALVARO OBREGON,LOMAS DE SANTO DOMINGO (AMPL),10-142,284,43.46,1963.05,2636.18,629.6700000000001
2019-06-30,2019,3,ALVARO OBREGON,LOMAS DE TARANGO,10-143,944,47.58,7969.889999999999,11173.45,3155.98
2019-06-30,2019,3,ALVARO OBREGON,LOMAS DE TETELPAN,10-144,1552,79.98,7524.720000000001,7806.13,201.43
2019-06-30,2019,3,ALVARO OBREGON,LORETO,10-145,286,0.0,292.07,311.59,19.52
2019-06-30,2019,3,ALVARO OBREGON,MARGARITA M DE JUAREZ,10-148,240,851.42,1681.85,3237.22,703.95
2019-06-30,2019,3,ALVARO OBREGON,MARIA G DE GARCIA RUIZ,10-149,739,1268.47,8473.09,10056.82,315.26
2019-06-30,2019,3,ALVARO OBREGON,MARTIRES DE TACUBAYA,10-150,195,1060.28,2738.24,4043.1400000000003,244.62
2019-06-30,2019,3,ALVARO OBREGON,MERCED GOMEZ,10-151,2239,10247.98,48274.82,69738.04,11215.24
2019-06-30,2019,3,ALVARO OBREGON,METROPOLITANO (U HAB),10-152,611,0.0,7792.68,8264.21,471.53
2019-06-30,2019,3,ALVARO OBREGON,MIGUEL GAONA ARMENTA,10-153,534,0.0,0.0,0.0,0.0
2019-06-30,2019,3,ALVARO OBREGON,MIGUEL HIDALGO,10-154,614,189.7,5055.969999999999,5998.389999999999,752.7199999999999
2019-06-30,2019,3,ALVARO OBREGON,MINAS DE CRISTO,10-156,861,869.85,6387.22,12025.42,4768.35
2019-06-30,2019,3,ALVARO OBREGON,MOLINO DE ROSAS,10-157,2186,3721.6800000000003,24972.36,34810.799999999996,6116.76
2019-06-30,2019,3,ALVARO OBREGON,MOLINO DE ROSAS (AMPL),10-158,320,279.57,2829.23,3344.87,236.07
2019-06-30,2019,3,ALVARO OBREGON,MOLINO DE SANTO DOMINGO,10-159,1420,2295.65,13909.74,17463.85,1258.46
2019-06-30,2019,3,ALVARO OBREGON,MOLINO DE SANTO DOMINGO (U HAB),10-160,426,26.4,993.14,1116.3600000000001,96.82
2019-06-30,2019,3,ALVARO OBREGON,OCHO DE AGOSTO,10-161,619,0.0,2538.89,9410.44,6871.55
2019-06-30,2019,3,ALVARO OBREGON,OCOTILLOS,10-162,164,0.0,1936.59,1940.25,3.66
2019-06-30,2019,3,ALVARO OBREGON,OLIVAR DE LOS PADRES,10-163,4952,6072.2,93187.91,127676.92,28416.81
2019-06-30,2019,3,ALVARO OBREGON,OLIVAR DEL CONDE 1RA SECCION I,10-252,1999,3345.85,12604.69,16617.6,667.06
2019-06-30,2019,3,ALVARO OBREGON,OLIVAR DEL CONDE 1RA SECCION II,10-253,2100,2162.83,11770.9,14606.369999999999,672.64
2019-06-30,2019,3,ALVARO OBREGON,OLIVAR DEL CONDE 2DA SECCION I,10-254,2287,4813.53,17285.27,25709.79,3610.9900000000002
2019-06-30,2019,3,ALVARO OBREGON,OLIVAR DEL CONDE 2DA SECCION II,10-255,2197,2567.05,15594.15,19523.670000000002,1362.47
2019-06-30,2019,3,ALVARO OBREGON,PALMAS,10-166,889,185.09,3520.5,3763.62,58.03
2019-06-30,2019,3,ALVARO OBREGON,PASEO DE LAS LOMAS-SAN GABRIEL,10-170,1248,0.0,24367.21,28675.14,4307.93
2019-06-30,2019,3,ALVARO OBREGON,PILOTO (ADOLFO LOPEZ MATEOS),10-171,1464,2892.37,8648.98,13371.789999999999,1830.4399999999998
2019-06-30,2019,3,ALVARO OBREGON,PILOTO (ADOLFO LOPEZ MATEOS) (AMPL),10-172,2510,1808.02,8082.0599999999995,10509.22,619.14
2019-06-30,2019,3,ALVARO OBREGON,POLVORA,10-174,473,299.74,3999.87,7138.969999999999,2839.36
2019-06-30,2019,3,ALVARO OBREGON,PRADOS LA PROVIDENCIA,10-176,531,318.8,760.4599999999999,1423.05,343.78999999999996
2019-06-30,2019,3,ALVARO OBREGON,PRESIDENTES,10-177,1522,1923.8,10429.69,13320.5,967.01
2019-06-30,2019,3,ALVARO OBREGON,PRESIDENTES 1RA (AMPL),10-178,789,383.05,3090.52,3907.88,434.31
2019-06-30,2019,3,ALVARO OBREGON,PRESIDENTES 2DA (AMPL),10-179,1412,393.96,1063.0700000000002,1461.3,4.27
2019-06-30,2019,3,ALVARO OBREGON,PRIVADA CENTENARIO,10-180,348,93.34,819.82,1119.34,206.18
2019-06-30,2019,3,ALVARO OBREGON,PROF JOSE ARTURO LOPEZ,10-181,643,111.04,468.57,633.91,54.3
2019-06-30,2019,3,ALVARO OBREGON,PROGRESO TIZAPAN,10-182,2846,15262.539999999999,54899.04,77710.38,7548.8
2019-06-30,2019,3,ALVARO OBREGON,PUEBLO NUEVO,10-183,87,474.06,2511.56,2996.15,10.530000000000001
2019-06-30,2019,3,ALVARO OBREGON,PUENTE COLORADO,10-184,787,1177.87,3511.46,6610.04,1920.71
2019-06-30,2019,3,ALVARO OBREGON,PUENTE COLORADO (AMPL),10-185,829,913.81,3979.79,4938.65,45.05
2019-06-30,2019,3,ALVARO OBREGON,PUNTA DE CEHUAYO,10-186,621,0.0,304.27,356.73,52.46
2019-06-30,2019,3,ALVARO OBREGON,REACOMODO EL CUERNITO,10-187,584,873.56,11616.35,14881.17,2391.2599999999998
2019-06-30,2019,3,ALVARO OBREGON,REACOMODO PINO SUAREZ,10-188,163,95.78,615.95,714.78,3.05
2019-06-30,2019,3,ALVARO OBREGON,REAL DEL MONTE,10-189,320,0.0,0.0,2591.28,2591.28
2019-06-30,2019,3,ALVARO OBREGON,SAN ANGEL,10-192,706,5784.17,44102.19,111344.28,61457.92
2019-06-30,2019,3,ALVARO OBREGON,SAN ANGEL INN,10-193,548,18.92,23775.43,36268.39,12474.04
2019-06-30,2019,3,ALVARO OBREGON,SAN BARTOLO AMEYALCO (PBLO),10-194,6579,0.0,0.0,935.68,935.68
2019-06-30,2019,3,ALVARO OBREGON,SAN CLEMENTE,10-195,2815,349.87,17234.78,19237.85,1653.2
2019-06-30,2019,3,ALVARO OBREGON,SAN PEDRO DE LOS PINOS,10-197,31,65.88,5403.7699999999995,23901.79,18432.14
2019-06-30,2019,3,ALVARO OBREGON,SANTA FE,10-198,2168,3485.4,14814.880000000001,28726.59,10426.31
2019-06-30,2019,3,ALVARO OBREGON,SANTA FE (U HAB),10-199,2004,0.0,7135.19,9404.25,2269.06
2019-06-30,2019,3,ALVARO OBREGON,SANTA FE KM 8.5,10-256,102,258.65999999999997,281.59000000000003,866.59,326.34000000000003
2019-06-30,2019,3,ALVARO OBREGON,SANTA LUCIA,10-200,1907,873.0699999999999,8111.150000000001,9899.91,915.69
2019-06-30,2019,3,ALVARO OBREGON,SANTA MARIA NONOALCO,10-203,1481,1185.03,33749.729999999996,36349.39,1414.63
2019-06-30,2019,3,ALVARO OBREGON,SANTA ROSA XOCHIAC (PBLO),10-204,4476,0.0,0.0,0.0,0.0
2019-06-30,2019,3,ALVARO OBREGON,TARANGO (U HAB),10-206,641,0.0,13452.19,22061.73,8609.54
2019-06-30,2019,3,ALVARO OBREGON,TECOLALCO,10-208,302,0.0,80.25,80.25,0.0
2019-06-30,2019,3,ALVARO OBREGON,TEPEACA,10-210,357,54.3,131.05,187.78,2.43
2019-06-30,2019,3,ALVARO OBREGON,TEPEACA (AMPL),10-211,326,0.0,538.56,562.96,24.4
2019-06-30,2019,3,ALVARO OBREGON,TEPOPOTLA,10-212,133,0.0,1280.87,1312.29,31.42
2019-06-30,2019,3,ALVARO OBREGON,TETELPAN,10-213,2229,932.95,12106.51,13351.51,312.05
2019-06-30,2019,3,ALVARO OBREGON,TETELPAN (PBLO),10-214,1297,373.41,15033.550000000001,17265.21,1858.2499999999998
2019-06-30,2019,3,ALVARO OBREGON,TIZAMPAMPANO,10-216,103,31.71,6535.54,6662.7,95.45
2019-06-30,2019,3,ALVARO OBREGON,TIZAPAN_TIZAPAN SAN ANGEL,10-217,3230,4240.5599999999995,71440.13,126658.65000000001,50977.96
2019-06-30,2019,3,ALVARO OBREGON,TLACOPAC,10-218,798,2578.99,34529.46,49361.92,12253.47
2019-06-30,2019,3,ALVARO OBREGON,TLACUITLAPA,10-222,647,151.91,1159.26,1379.81,68.64
2019-06-30,2019,3,ALVARO OBREGON,TLACUITLAPA 2DO REACOMODO (AMPL),10-223,998,190.10999999999999,2667.63,2994.09,136.35
2019-06-30,2019,3,ALVARO OBREGON,TLAPECHICO,10-224,784,390.06,2176.65,2911.74,345.03
2019-06-30,2019,3,ALVARO OBREGON,TOLTECA,10-226,417,434.95,1890.35,11035.97,8710.67
2019-06-30,2019,3,ALVARO OBREGON,TORRES DE MIXCOAC (U HAB),10-227,650,0.0,15764.53,15976.55,212.02
2019-06-30,2019,3,ALVARO OBREGON,TORRES DE POTRERO,10-228,3490,907.01,2840.41,5322.87,1575.45
2019-06-30,2019,3,ALVARO OBREGON,TORRES SAN ANTONIO (U HAB),10-229,3304,0.0,82689.38,84164.55,1475.17
2019-06-30,2019,3,ALVARO OBREGON,TORRES SAN PEDRO (U HAB),10-230,1270,0.0,25743.93,28655.71,2911.78
2019-06-30,2019,3,ALVARO OBREGON,UNION POPULAR EMILIANO ZAPATA (U HAB),10-234,757,0.0,21358.86,22134.52,775.66
2019-06-30,2019,3,ALVARO OBREGON,VALENTIN GOMEZ FARIAS,10-235,373,134.82999999999998,469.57,829.08,224.67999999999998
2019-06-30,2019,3,ALVARO OBREGON,VILLA PROGRESISTA,10-236,608,888.95,7106.92,8080.0199999999995,84.15
2019-06-30,2019,3,ALVARO OBREGON,VILLA VERDUN,10-238,1134,0.0,10971.28,11357.470000000001,386.19
2019-06-30,2019,3,ALVARO OBREGON,ZENON DELGADO,10-239,529,337.42,2747.1900000000005,3151.1,66.49
2019-06-30,2019,3,ALVARO OBREGON,ZOTOLTITLA,10-240,180,0.0,214.72,214.72,0.0
2019-06-30,2019,3,AZCAPOTZALCO,AGUILERA,02-001,608,5085.47,8063.99,13759.05,609.5899999999999
2019-06-30,2019,3,AZCAPOTZALCO,ALDANA,02-002,1114,2801.14,12759.06,16423.82,863.62
2019-06-30,2019,3,AZCAPOTZALCO,AMPLIACION PETROLERA,02-059,964,1199.04,12047.400000000001,14421.130000000001,1174.69
2019-06-30,2019,3,AZCAPOTZALCO,ANGEL ZIMBRON,02-005,823,4850.1,17019.35,26043.99,4174.54
2019-06-30,2019,3,AZCAPOTZALCO,ARENAL,02-006,1351,3774.37,19990.77,30388.07,6622.93
2019-06-30,2019,3,AZCAPOTZALCO,CENTRO DE AZCAPOTZALCO,02-007,1143,9719.76,14401.48,43220.63,19099.39
2019-06-30,2019,3,AZCAPOTZALCO,CLAVERIA,02-008,3264,13184.0,60805.42,91540.1,17550.68
2019-06-30,2019,3,AZCAPOTZALCO,COLTONGO,02-009,991,1709.97,9232.76,22640.85,11698.12
2019-06-30,2019,3,AZCAPOTZALCO,COSMOPOLITA,02-010,747,1722.42,6793.849999999999,8732.5,216.23
2019-06-30,2019,3,AZCAPOTZALCO,COSMOPOLITA (AMPL),02-011,303,104.16,1356.14,1742.08,281.78000000000003
2019-06-30,2019,3,AZCAPOTZALCO,CUITLHUAC 1 Y 2 (U HAB),02-013,779,0.0,19278.41,20515.76,1237.35
2019-06-30,2019,3,AZCAPOTZALCO,CUITLHUAC 3 Y 4 (U HAB),02-014,1529,107.95,35857.41,40825.34,4859.98
2019-06-30,2019,3,AZCAPOTZALCO,DEL GAS,02-015,2540,2902.3599999999997,27191.15,32320.019999999997,2226.5099999999998
2019-06-30,2019,3,AZCAPOTZALCO,DEL GAS (AMPL),02-016,2330,1220.97,36896.78,43765.67,5647.92
2019-06-30,2019,3,AZCAPOTZALCO,DEL MAESTRO,02-017,213,1323.69,3467.06,5162.530000000001,371.78
2019-06-30,2019,3,AZCAPOTZALCO,DEL RECREO,02-018,3210,5752.86,49295.0,59529.659999999996,4481.8
2019-06-30,2019,3,AZCAPOTZALCO,DEMET (U HAB),02-019,1463,689.03,22190.86,23222.42,342.53
2019-06-30,2019,3,AZCAPOTZALCO,EL JAGUEY-ESTACION PANTACO,02-021,561,0.0,21079.9,32153.02,11073.12
2019-06-30,2019,3,AZCAPOTZALCO,EL ROSARIO A (U HAB),02-023,1677,70.75999999999999,57218.39,62839.86,5550.71
2019-06-30,2019,3,AZCAPOTZALCO,EL ROSARIO B (U HAB),02-024,3109,0.0,66205.65,81605.53,15399.88
2019-06-30,2019,3,AZCAPOTZALCO,EL ROSARIO C (U HAB),02-025,2656,0.0,0.0,2102.2,2102.2
2019-06-30,2019,3,AZCAPOTZALCO,EUZKADI,02-026,1194,3194.49,15548.11,19679.86,937.26
2019-06-30,2019,3,AZCAPOTZALCO,EX-HACIENDA EL ROSARIO,02-027,635,792.0,10286.61,13077.18,1998.57
2019-06-30,2019,3,AZCAPOTZALCO,FERRERIA,02-028,1054,1439.84,6402.42,8560.5,718.24
2019-06-30,2019,3,AZCAPOTZALCO,FRANCISCO VILLA (U HAB),02-030,1102,563.78,12678.99,17461.02,4218.25
2019-06-30,2019,3,AZCAPOTZALCO,FUENTES DE AZCAPOTZALCO-PARQUES DE AZCAPOTZALCO (U HAB),02-031,574,115.06,11692.42,13278.43,1470.95
2019-06-30,2019,3,AZCAPOTZALCO,HOGAR Y SEGURIDAD/NUEVA SANTA MARIA,02-032,1108,2695.12,18736.03,23786.91,2355.7599999999998
2019-06-30,2019,3,AZCAPOTZALCO,HOGARES FERROCARRILEROS (U HAB),02-033,452,0.0,10296.9,10568.35,271.45
2019-06-30,2019,3,AZCAPOTZALCO,HUAUTLA DE LAS SALINAS (BARR),02-034,49,455.34,579.89,1863.51,828.28
2019-06-30,2019,3,AZCAPOTZALCO,IGNACIO ALLENDE,02-035,453,1538.56,4166.08,8834.91,3130.2700000000004
2019-06-30,2019,3,AZCAPOTZALCO,INDUSTRIAL VALLEJO (U HAB),02-036,109,639.39,4821.64,137424.04,131963.01
2019-06-30,2019,3,AZCAPOTZALCO,JARDIN AZPEITIA,02-038,737,2509.7200000000003,15248.210000000001,20187.64,2429.71
2019-06-30,2019,3,AZCAPOTZALCO,LA PRECIOSA,02-040,1072,3359.98,18685.05,23565.53,1520.5
2019-06-30,2019,3,AZCAPOTZALCO,LA RAZA,02-041,716,4025.64,9284.03,67092.03,53782.36
2019-06-30,2019,3,AZCAPOTZALCO,LAS SALINAS,02-042,253,1497.65,2014.1699999999998,27362.46,23850.64
2019-06-30,2019,3,AZCAPOTZALCO,LIBERACION,02-043,786,2433.73,8586.79,11845.86,825.34
2019-06-30,2019,3,AZCAPOTZALCO,LIBERTAD,02-044,478,666.18,9192.52,10898.960000000001,1040.26
2019-06-30,2019,3,AZCAPOTZALCO,LOS REYES (BARR),02-045,1161,3405.79,18499.61,22726.78,821.38
2019-06-30,2019,3,AZCAPOTZALCO,MIGUEL HIDALGO (U HAB),02-047,765,0.0,4207.59,4262.56,54.97
2019-06-30,2019,3,AZCAPOTZALCO,MONTE ALTO,02-048,291,808.6999999999999,2358.41,3520.93,353.82
2019-06-30,2019,3,AZCAPOTZALCO,NEXTENGO (BARR),02-049,725,1679.4,15005.1,19434.42,2749.92
2019-06-30,2019,3,AZCAPOTZALCO,NUEVA EL ROSARIO,02-050,66,232.63,1322.65,13839.25,12283.970000000001
2019-06-30,2019,3,AZCAPOTZALCO,NUEVA ESPAA,02-051,529,521.15,5942.35,6523.62,60.12
2019-06-30,2019,3,AZCAPOTZALCO,NUEVA SANTA MARIA,02-052,3300,13501.62,58682.03,83871.79000000001,11688.140000000001
2019-06-30,2019,3,AZCAPOTZALCO,NUEVO SAN RAFAEL (BARR),02-053,645,592.15,2316.4300000000003,2974.0299999999997,65.45
2019-06-30,2019,3,AZCAPOTZALCO,OBRERO POPULAR,02-054,1707,8978.1,37100.07,53171.57,7093.400000000001
2019-06-30,2019,3,AZCAPOTZALCO,PANTACO (U HAB),02-055,336,0.0,5324.63,6008.67,684.04
2019-06-30,2019,3,AZCAPOTZALCO,PASTEROS,02-056,2284,6787.53,27419.31,36217.85,2011.01
2019-06-30,2019,3,AZCAPOTZALCO,PATRIMONIO FAMILIAR,02-057,270,261.21999999999997,1609.34,1985.24,114.68
2019-06-30,2019,3,AZCAPOTZALCO,PEMEX PRADOS DEL ROSARIO (U HAB),02-058,1008,0.0,4468.9,4509.77,40.87
2019-06-30,2019,3,AZCAPOTZALCO,PETROLERA,02-059,964,1794.21,15218.46,19902.43,2889.76
2019-06-30,2019,3,AZCAPOTZALCO,PLENITUD,02-060,1179,1490.04,10254.279999999999,18282.27,6537.95
2019-06-30,2019,3,AZCAPOTZALCO,PORVENIR,02-061,887,3295.5899999999997,14781.41,18487.3,410.3
2019-06-30,2019,3,AZCAPOTZALCO,POTRERO DEL LLANO,02-062,313,449.45,1967.4499999999998,3769.99,1353.09
2019-06-30,2019,3,AZCAPOTZALCO,PRADOS DEL ROSARIO,02-063,651,1270.78,7302.41,9443.539999999999,870.35
2019-06-30,2019,3,AZCAPOTZALCO,PRESIDENTE MADERO (U HAB),02-064,1390,0.0,34626.76,34845.16,218.4
2019-06-30,2019,3,AZCAPOTZALCO,PRO HOGAR I,02-113,1678,11474.85,27378.61,45645.03,6791.57
2019-06-30,2019,3,AZCAPOTZALCO,PRO HOGAR II,02-114,2206,11677.92,29329.85,43474.2,2466.43
2019-06-30,2019,3,AZCAPOTZALCO,PROVIDENCIA,02-066,2311,8973.14,19622.03,34422.44,5827.27
2019-06-30,2019,3,AZCAPOTZALCO,REYNOSA TAMAULIPAS,02-067,2131,4786.73,21682.54,27330.52,861.2500000000001
2019-06-30,2019,3,AZCAPOTZALCO,SAN  MIGUEL AMANTLA (PBLO),02-069,2139,4816.77,18380.54,27002.48,3805.17
2019-06-30,2019,3,AZCAPOTZALCO,SAN ALVARO,02-070,2546,8338.09,38365.4,48376.06,1672.57
2019-06-30,2019,3,AZCAPOTZALCO,SAN ANDRES (BARR),02-071,1932,3407.03,24108.63,33953.31,6437.65
2019-06-30,2019,3,AZCAPOTZALCO,SAN ANDRES (PBLO),02-072,1742,4221.84,19978.77,25820.73,1620.12
2019-06-30,2019,3,AZCAPOTZALCO,SAN ANDRES DE LAS SALINAS (PBLO),02-073,71,476.61,1009.45,2249.83,763.77
2019-06-30,2019,3,AZCAPOTZALCO,SAN ANTONIO (FRACC),02-074,1183,1549.84,9073.24,16547.26,5924.179999999999
2019-06-30,2019,3,AZCAPOTZALCO,SAN BARTOLO CAHUALTONGO (PBLO),02-075,919,1227.5,16623.68,18685.199999999997,834.02
2019-06-30,2019,3,AZCAPOTZALCO,SAN BERNABE (BARR),02-076,198,921.97,4560.1,8191.789999999999,2709.7200000000003
2019-06-30,2019,3,AZCAPOTZALCO,SAN FRANCISCO TETECALA (PBLO),02-077,1202,1846.46,17782.32,23449.8,3821.02
2019-06-30,2019,3,AZCAPOTZALCO,SAN FRANCISCO XOCOTITLA,02-078,572,729.64,4707.15,9068.17,3631.38
2019-06-30,2019,3,AZCAPOTZALCO,SAN JUAN TLIHUACA (PBLO),02-079,3442,4953.01,43369.94,53017.59,4694.639999999999
2019-06-30,2019,3,AZCAPOTZALCO,SAN MARCOS (BARR),02-080,1129,2511.63,15924.19,19522.78,1086.96
2019-06-30,2019,3,AZCAPOTZALCO,SAN MARTIN XOCHINAHUAC (PBLO),02-081,2932,4806.3,36239.19,64750.76,23705.27
2019-06-30,2019,3,AZCAPOTZALCO,SAN MATEO,02-082,1054,1943.21,12835.27,15778.130000000001,999.65
2019-06-30,2019,3,AZCAPOTZALCO,SAN PABLO 396-CONJ HAB SAN PABLO (U HAB),02-083,979,117.73,31825.45,31958.76,15.58
2019-06-30,2019,3,AZCAPOTZALCO,SAN PABLO XALPA (U HAB),02-084,1309,0.0,33296.85,34014.2,717.35
2019-06-30,2019,3,AZCAPOTZALCO,SAN PEDRO XALPA (AMPL) I,02-111,3298,13781.87,26682.8,42238.32,1773.6499999999999
2019-06-30,2019,3,AZCAPOTZALCO,SAN PEDRO XALPA (AMPL) II,02-112,2516,10915.98,21875.56,33660.8,869.26
2019-06-30,2019,3,AZCAPOTZALCO,SAN PEDRO XALPA (PBLO),02-085,3470,3072.57,68769.09,75672.81999999999,3831.16
2019-06-30,2019,3,AZCAPOTZALCO,SAN RAFAEL,02-086,726,1659.87,5256.530000000001,7591.469999999999,675.07
2019-06-30,2019,3,AZCAPOTZALCO,SAN SALVADOR XOCHIMANCA,02-087,285,1093.1100000000001,3175.45,13339.439999999999,9070.88
2019-06-30,2019,3,AZCAPOTZALCO,SAN SEBASTIAN,02-088,1480,742.28,17042.43,19680.510000000002,1895.8
2019-06-30,2019,3,AZCAPOTZALCO,SANTA APOLONIA (BARR),02-089,1311,3364.62,13373.82,17369.03,630.59
2019-06-30,2019,3,AZCAPOTZALCO,SANTA BARBARA (PBLO),02-090,1893,4446.28,25322.730000000003,51504.090000000004,21735.08
2019-06-30,2019,3,AZCAPOTZALCO,SANTA CATARINA (PBLO),02-091,1325,2656.94,19135.670000000002,24989.550000000003,3196.94
2019-06-30,2019,3,AZCAPOTZALCO,SANTA CRUZ ACAYUCAN (PBLO),02-092,507,1754.25,5405.650000000001,7706.9400000000005,547.04
2019-06-30,2019,3,AZCAPOTZALCO,SANTA CRUZ DE LAS SALINAS,02-093,93,335.34000000000003,976.6100000000001,3578.92,2266.97
2019-06-30,2019,3,AZCAPOTZALCO,SANTA INES,02-094,1124,1049.6,14906.96,18243.31,2286.75
2019-06-30,2019,3,AZCAPOTZALCO,SANTA LUCIA (BARR),02-095,767,1163.19,9103.42,26436.4,16169.789999999999
2019-06-30,2019,3,AZCAPOTZALCO,SANTA MARIA MALINALCO (PBLO),02-096,2205,5288.44,24409.07,31013.11,1315.6
2019-06-30,2019,3,AZCAPOTZALCO,SANTIAGO AHUIZOTLA (PBLO),02-097,3383,7479.95,38772.79,52307.94,6055.2
2019-06-30,2019,3,AZCAPOTZALCO,SANTO DOMINGO (PBLO),02-098,1586,7566.160000000001,34568.58,46954.07,4819.33
2019-06-30,2019,3,AZCAPOTZALCO,SANTO TOMAS,02-099,988,1883.65,10401.4,31409.76,19124.71
2019-06-30,2019,3,AZCAPOTZALCO,SECTOR NAVAL,02-100,140,429.07,2713.22,3823.13,680.8399999999999
2019-06-30,2019,3,AZCAPOTZALCO,SINDICATO MEXICANO DE ELECTRICISTAS,02-101,1296,2685.09,23779.61,29002.67,2537.9700000000003
2019-06-30,2019,3,AZCAPOTZALCO,TEZOZOMOC,02-102,2482,5381.7,25101.3,32601.31,2118.31
2019-06-30,2019,3,AZCAPOTZALCO,TIERRA NUEVA,02-103,915,4003.98,8613.9,13305.95,688.07
2019-06-30,2019,3,AZCAPOTZALCO,TLATILCO,02-104,1262,2466.01,13777.98,19588.84,3344.85
2019-06-30,2019,3,AZCAPOTZALCO,TLATILCO (U HAB),02-105,703,6.08,13378.869999999999,13503.2,118.25
2019-06-30,2019,3,AZCAPOTZALCO,TRABAJADORES DEL HIERRO,02-106,932,2225.53,15142.17,17826.79,459.09000000000003
2019-06-30,2019,3,AZCAPOTZALCO,UN HOGAR PARA CADA TRABAJADOR,02-107,509,3251.25,8347.619999999999,12384.57,785.7
2019-06-30,2019,3,AZCAPOTZALCO,VICTORIA DE LAS DEMOCRACIAS,02-108,1179,2791.96,9655.31,16711.98,4264.71
2019-06-30,2019,3,AZCAPOTZALCO,XOCHINAHUAC (U HAB),02-110,2175,0.0,51802.14,52214.53,412.39
2019-06-30,2019,3,BENITO JUAREZ,ACACIAS,14-001,2708,604.91,48931.9,54864.0,5327.1900000000005
2019-06-30,2019,3,BENITO JUAREZ,ACTIPAN,14-002,1835,1469.6000000000001,31288.239999999998,53117.19,20359.35
2019-06-30,2019,3,BENITO JUAREZ,ALAMOS I,14-051,4617,11461.0,85004.12,113682.25,17217.13
2019-06-30,2019,3,BENITO JUAREZ,ALAMOS II,14-052,4194,9483.12,79289.37,97829.86,9057.37
2019-06-30,2019,3,BENITO JUAREZ,ALBERT,14-004,1505,1182.65,27510.41,31357.27,2664.21
2019-06-30,2019,3,BENITO JUAREZ,AMERICAS UNIDAS-DEL LAGO,14-005,1810,2436.33,27354.44,33276.11,3485.34
2019-06-30,2019,3,BENITO JUAREZ,ATENOR SALAS,14-007,811,972.46,10961.77,12829.21,894.98
2019-06-30,2019,3,BENITO JUAREZ,CENTRO URBANO PRESIDENTE ALEMAN (U HAB),14-008,938,0.0,16365.0,16845.66,480.66
2019-06-30,2019,3,BENITO JUAREZ,CIUDAD DE LOS DEPORTES,14-009,2320,6043.55,38458.74,59405.39,14903.1
2019-06-30,2019,3,BENITO JUAREZ,CREDITO CONSTRUCTOR,14-010,337,915.68,7889.41,18615.87,9810.78
2019-06-30,2019,3,BENITO JUAREZ,DEL VALLE I,14-053,4598,8942.95,95246.27,150310.13999999998,46120.92
2019-06-30,2019,3,BENITO JUAREZ,DEL VALLE II,14-054,5019,13158.14,109336.02,153186.63,30692.47
2019-06-30,2019,3,BENITO JUAREZ,DEL VALLE III,14-055,4096,10495.619999999999,104939.64,145305.74,29870.48
2019-06-30,2019,3,BENITO JUAREZ,DEL VALLE IV,14-056,3723,6405.99,90458.98,119601.62,22736.65
2019-06-30,2019,3,BENITO JUAREZ,DEL VALLE V,14-057,3504,4518.97,81828.4,105052.3,18704.93
2019-06-30,2019,3,BENITO JUAREZ,DEL VALLE VI,14-058,3310,4703.72,74948.18000000001,97172.8,17520.9
2019-06-30,2019,3,BENITO JUAREZ,DEL VALLE VII,14-059,4661,3758.2200000000003,88552.95999999999,113865.28,21554.1
2019-06-30,2019,3,BENITO JUAREZ,ERMITA,14-013,529,345.76,8339.18,9732.73,1047.79
2019-06-30,2019,3,BENITO JUAREZ,EXTREMADURA INSURGENTES,14-014,807,2102.23,13028.84,19127.73,3996.66
2019-06-30,2019,3,BENITO JUAREZ,GENERAL PEDRO MARIA ANAYA,14-015,2567,1245.72,45083.27,77237.7,30908.710000000003
2019-06-30,2019,3,BENITO JUAREZ,INDEPENDENCIA,14-016,4234,8833.84,59724.69,74079.49,5520.96
2019-06-30,2019,3,BENITO JUAREZ,INSURGENTES MIXCOAC,14-017,2545,5260.97,53171.13,87299.7,28867.600000000002
2019-06-30,2019,3,BENITO JUAREZ,INSURGENTES SAN BORJA,14-018,243,1101.69,9281.92,19518.23,9134.619999999999
2019-06-30,2019,3,BENITO JUAREZ,IZTACCIHUATL,14-019,977,4096.64,19327.63,25128.96,1704.69
2019-06-30,2019,3,BENITO JUAREZ,JOSEFA ORTIZ DE DOMINGUEZ,14-020,579,1511.6299999999999,10503.41,13950.4,1935.36
2019-06-30,2019,3,BENITO JUAREZ,LETRAN VALLE,14-021,4378,8951.88,84636.04000000001,102853.86,9265.94
2019-06-30,2019,3,BENITO JUAREZ,MARIA DEL CARMEN,14-022,1318,2352.57,20426.8,24947.17,2167.8
2019-06-30,2019,3,BENITO JUAREZ,MERCED GOMEZ,14-023,1062,2011.57,10707.83,15780.07,3060.6699999999996
2019-06-30,2019,3,BENITO JUAREZ,MIGUEL ALEMAN,14-024,335,2286.7400000000002,5737.5,10680.060000000001,2655.82
2019-06-30,2019,3,BENITO JUAREZ,MIRAVALLE,14-025,824,1954.94,12746.97,18754.5,4052.5899999999997
2019-06-30,2019,3,BENITO JUAREZ,MIXCOAC,14-026,1913,6065.3099999999995,33272.04,64798.090000000004,25460.739999999998
2019-06-30,2019,3,BENITO JUAREZ,MODERNA,14-027,3695,9304.87,68612.61,84228.61,6311.13
2019-06-30,2019,3,BENITO JUAREZ,NAPOLES,14-028,7501,12001.59,149475.79,241522.81,80045.43000000001
2019-06-30,2019,3,BENITO JUAREZ,NAPOLES (AMPL),14-006,1911,1897.06,41524.42,60702.81,17281.33
2019-06-30,2019,3,BENITO JUAREZ,NARVARTE I,14-060,5147,14730.5,90727.39,131167.34,25709.45
2019-06-30,2019,3,BENITO JUAREZ,NARVARTE II,14-061,3614,10817.5,65419.33,85459.1,9222.27
2019-06-30,2019,3,BENITO JUAREZ,NARVARTE III,14-062,3363,9370.45,55468.06,77517.4,12678.89
2019-06-30,2019,3,BENITO JUAREZ,NARVARTE IV,14-063,4484,11507.85,88774.17,112333.5,12051.48
2019-06-30,2019,3,BENITO JUAREZ,NARVARTE V,14-064,3800,8099.95,75896.87,94481.86,10485.039999999999
2019-06-30,2019,3,BENITO JUAREZ,NARVARTE VI,14-065,3123,6718.51,54687.85,68499.13,7092.7699999999995
2019-06-30,2019,3,BENITO JUAREZ,NATIVITAS,14-030,3444,16134.62,63312.33,86741.85,7294.9
2019-06-30,2019,3,BENITO JUAREZ,NIOS HEROES DE CHAPULTEPEC,14-031,5002,6560.66,57846.29,69515.9,5108.950000000001
2019-06-30,2019,3,BENITO JUAREZ,NOCHE BUENA,14-032,1346,1469.1299999999999,25234.6,39418.72,12714.99
2019-06-30,2019,3,BENITO JUAREZ,NONOALCO,14-033,4309,8389.72,68040.35,90707.54,14277.47
2019-06-30,2019,3,BENITO JUAREZ,OCHO DE AGOSTO,14-034,1367,2073.61,24840.059999999998,29466.96,2553.29
2019-06-30,2019,3,BENITO JUAREZ,PERIODISTA FRANCISCO ZARCO,14-035,319,459.39,2828.7799999999997,4060.83,772.6600000000001
2019-06-30,2019,3,BENITO JUAREZ,PIEDAD NARVARTE,14-036,2064,3576.61,39288.47,61997.42,19132.34
2019-06-30,2019,3,BENITO JUAREZ,PORTALES I,14-066,3871,13254.5,65516.34,98533.05,19762.21
2019-06-30,2019,3,BENITO JUAREZ,PORTALES II,14-067,5322,10135.61,90735.29,110119.67,9248.77
2019-06-30,2019,3,BENITO JUAREZ,PORTALES III,14-068,4472,9164.28,76542.46,97085.48,11378.74
2019-06-30,2019,3,BENITO JUAREZ,PORTALES IV,14-069,2468,5344.5,31628.27,40645.7,3672.93
2019-06-30,2019,3,BENITO JUAREZ,PORTALES ORIENTE,14-038,2545,6789.18,39916.86,49965.74,3259.7000000000003
2019-06-30,2019,3,BENITO JUAREZ,POSTAL,14-039,1383,3223.82,24583.68,30488.79,2681.29
2019-06-30,2019,3,BENITO JUAREZ,RESIDENCIAL EMPERADORES,14-040,555,641.1,11798.39,19182.63,6743.14
2019-06-30,2019,3,BENITO JUAREZ,SAN JOSE INSURGENTES,14-041,2978,5732.26,63861.14,114784.96,45191.56
2019-06-30,2019,3,BENITO JUAREZ,SAN JUAN,14-042,1382,1440.63,29873.09,41872.26,10558.54
2019-06-30,2019,3,BENITO JUAREZ,SAN PEDRO DE LOS  PINOS,14-043,5872,10200.28,114795.24,173935.66,48940.14
2019-06-30,2019,3,BENITO JUAREZ,SAN SIMON TICUMAC,14-044,4377,13777.84,76898.36,106906.4,16230.2
2019-06-30,2019,3,BENITO JUAREZ,STA CRUZ ATOYAC,14-045,4106,5306.4,89859.14,157618.81,62453.270000000004
2019-06-30,2019,3,BENITO JUAREZ,TLACOQUEMECATL DEL VALLE,14-046,2987,3931.86,70385.05,99501.0,25184.09
2019-06-30,2019,3,BENITO JUAREZ,VERTIZ NARVARTE,14-047,2859,7333.21,53334.06,74645.37,13978.1
2019-06-30,2019,3,BENITO JUAREZ,VILLA DE CORTES,14-048,887,4369.34,17133.36,23967.94,2465.24
2019-06-30,2019,3,BENITO JUAREZ,XOCO,14-049,2169,2813.5,61083.759999999995,100185.3,36288.04
2019-06-30,2019,3,BENITO JUAREZ,ZACAHUITZCO,14-050,1074,2470.16,19301.07,24035.39,2264.16
2019-06-30,2019,3,COYOACAN,ADOLFO RUIZ CORTINES I,03-126,2129,0.0,0.0,1179.1100000000001,1179.1100000000001
2019-06-30,2019,3,COYOACAN,ADOLFO RUIZ CORTINES II,03-127,2191,0.0,0.0,1897.92,1897.92
2019-06-30,2019,3,COYOACAN,AJUSCO HUAYAMILPAS,03-003,724,0.0,0.0,1566.73,1566.73
2019-06-30,2019,3,COYOACAN,AJUSCO I,03-128,3549,124.0,0.0,6682.849999999999,6558.849999999999
2019-06-30,2019,3,COYOACAN,AJUSCO II,03-129,3389,25.02,0.0,2814.06,2789.04
2019-06-30,2019,3,COYOACAN,AJUSCO III,03-130,2415,0.0,1.1,2930.43,2929.33
2019-06-30,2019,3,COYOACAN,ALIANZA POPULAR REVOLUCIONARIA NORTE (U HAB),03-131,1131,0.0,0.0,37149.76,37149.76
2019-06-30,2019,3,COYOACAN,ALIANZA POPULAR REVOLUCIONARIA ORIENTE (U HAB),03-148,1720,0.0,5354.219999999999,7996.589999999999,2642.37
2019-06-30,2019,3,COYOACAN,ALIANZA POPULAR REVOLUCIONARIA PONIENTE (U HAB),03-132,1709,0.0,6308.38,6810.01,501.63
2019-06-30,2019,3,COYOACAN,ALTILLO (COND ALTILLO UNIVERSIDAD),03-005,915,0.0,20098.219999999998,20618.550000000003,520.33
2019-06-30,2019,3,COYOACAN,AMPLIACION CANDELARIA,03-006,1409,1135.92,9301.27,13050.87,2613.6800000000003
2019-06-30,2019,3,COYOACAN,AMPLIACION SAN FRANCISCO CULHUACAN (EJ),03-102,1092,1732.15,11009.2,17357.42,4616.07
2019-06-30,2019,3,COYOACAN,ATLANTIDA,03-007,375,661.12,5105.78,9802.68,4035.7799999999997
2019-06-30,2019,3,COYOACAN,AVANTE,03-008,3069,1861.0,30832.09,42495.32,9802.23
2019-06-30,2019,3,COYOACAN,BOSQUES DE TETLAMEYA,03-009,290,103.68,5066.400000000001,20693.46,15523.38
2019-06-30,2019,3,COYOACAN,CAFETALES I (RDCIAL),03-010,492,740.78,9151.17,12586.91,2694.96
2019-06-30,2019,3,COYOACAN,CAFETALES II (RDCIAL),03-011,469,53.54,2652.73,3065.19,358.92
2019-06-30,2019,3,COYOACAN,CAMPESTRE CHURUBUSCO,03-012,4000,6890.4800000000005,58689.11,88496.23,22916.64
2019-06-30,2019,3,COYOACAN,CAMPESTRE COYOACAN (FRACC),03-013,785,253.1,11961.43,12749.92,535.39
2019-06-30,2019,3,COYOACAN,CANTIL DEL PEDREGAL,03-016,174,95.5,5032.28,5642.59,514.81
2019-06-30,2019,3,COYOACAN,CARMEN SERDAN,03-017,2218,1650.83,5266.74,7736.86,819.29
2019-06-30,2019,3,COYOACAN,CENTRO URBANO (U HAB),03-155,152,0.0,3079.6,3533.57,453.97
2019-06-30,2019,3,COYOACAN,CENTRO URBANO TLALPAN (U HAB),03-018,215,0.0,13431.81,13431.81,0.0
2019-06-30,2019,3,COYOACAN,CHIMALISTAC,03-019,236,0.0,4389.6,9518.55,5128.95
2019-06-30,2019,3,COYOACAN,CIUDAD JARDIN,03-020,951,590.32,7558.24,12423.99,4275.43
2019-06-30,2019,3,COYOACAN,CIUDAD UNIVERSITARIA,03-021,144,0.0,1152.29,7260.62,6108.33
2019-06-30,2019,3,COYOACAN,COPILCO EL ALTO,03-022,1090,985.63,4521.1900000000005,6117.8,610.98
2019-06-30,2019,3,COYOACAN,COPILCO EL BAJO,03-023,1561,1157.11,32908.78,38723.18,4657.29
2019-06-30,2019,3,COYOACAN,COPILCO UNIVERSIDAD,03-024,1148,2672.1,16096.21,25471.32,6703.01
2019-06-30,2019,3,COYOACAN,COUNTRY CLUB,03-025,1055,706.11,17769.88,29977.82,11501.83
2019-06-30,2019,3,COYOACAN,CTM IX CULHUACAN 32-33 (U HAB),03-156,1232,507.06000000000006,14753.29,15603.62,343.27
2019-06-30,2019,3,COYOACAN,CTM IX CULHUACAN ZONA 29-30 (U HAB),03-027,1182,536.99,5022.0,6812.19,1253.2
2019-06-30,2019,3,COYOACAN,CTM IXA CULHUACAN (U HAB),03-028,978,0.0,8012.669999999999,9059.17,1046.5
2019-06-30,2019,3,COYOACAN,CTM V CULHUACAN (U HAB),03-029,1986,1165.9,5170.92,14117.97,7781.15
2019-06-30,2019,3,COYOACAN,CTM VI CULHUACAN (U HAB),03-030,4653,837.17,20909.6,26357.83,4611.0599999999995
2019-06-30,2019,3,COYOACAN,CTM VII CULHUACAN (U HAB),03-031,2424,1081.92,34152.26,45694.35,10460.17
2019-06-30,2019,3,COYOACAN,CTM VIIA CULHUACAN (U HAB),03-032,362,206.06,486.81,743.32,50.45
2019-06-30,2019,3,COYOACAN,CTM VIII CULHUACAN (U HAB),03-033,3451,675.54,21118.32,23833.79,2039.93
2019-06-30,2019,3,COYOACAN,CTM X CULHUACAN (U HAB),03-034,1647,331.54,24889.32,26654.579999999998,1433.72
2019-06-30,2019,3,COYOACAN,CUADRANTE DE SAN FRANCISCO,03-035,1089,833.1600000000001,11007.86,15019.740000000002,3178.7200000000003
2019-06-30,2019,3,COYOACAN,DE LA CANDELARIA (PBLO),03-036,2360,2483.85,27380.24,35243.88,5379.79
2019-06-30,2019,3,COYOACAN,DEL CARMEN,03-037,3610,9708.54,90574.89,154155.34,53871.91
2019-06-30,2019,3,COYOACAN,DEL NIO JESUS (BARR),03-038,781,245.21999999999997,5037.45,5754.87,472.2
2019-06-30,2019,3,COYOACAN,EDUCACION,03-039,2464,2690.45,21851.33,26584.79,2043.01
2019-06-30,2019,3,COYOACAN,EL CARACOL,03-041,986,635.97,12177.68,34150.82,21337.170000000002
2019-06-30,2019,3,COYOACAN,EL CENTINELA,03-042,621,446.48,4440.91,6292.28,1404.8899999999999
2019-06-30,2019,3,COYOACAN,EL MIRADOR,03-043,1195,103.75,25516.269999999997,28171.46,2551.44
2019-06-30,2019,3,COYOACAN,EL PARQUE DE COYOACAN (FRACC),03-044,460,0.0,1094.97,1096.19,1.22
2019-06-30,2019,3,COYOACAN,EL RELOJ,03-045,1069,573.46,5290.800000000001,16870.85,11006.59
2019-06-30,2019,3,COYOACAN,EL ROSEDAL I,03-046,622,660.02,14648.14,19295.84,3987.68
2019-06-30,2019,3,COYOACAN,EL ROSEDAL II,03-149,885,262.32,20122.88,21746.7,1361.5
2019-06-30,2019,3,COYOACAN,EL VERGEL DE COYOACAN ( INFONAVIT EL HUESO) (U HAB),03-047,222,0.0,4644.63,6533.9,1889.27
2019-06-30,2019,3,COYOACAN,EMILIANO ZAPATA,03-048,431,1299.65,4835.76,6581.21,445.8
2019-06-30,2019,3,COYOACAN,EMILIANO ZAPATA (U HAB),03-049,1658,790.49,5664.53,7171.1900000000005,716.17
2019-06-30,2019,3,COYOACAN,ESPARTACO,03-050,1452,3711.5299999999997,20268.489999999998,30858.41,6878.39
2019-06-30,2019,3,COYOACAN,EX EJIDO SAN FRANCISCO CULHUACAN I,03-040,181,429.63,3408.86,4479.11,640.62
2019-06-30,2019,3,COYOACAN,EX EJIDO SAN FRANCISCO CULHUACAN II,03-157,358,443.34000000000003,5282.34,7365.49,1639.81
2019-06-30,2019,3,COYOACAN,EX EJIDO SAN FRANCISCO CULHUACAN III,03-158,389,2004.1100000000001,5976.96,9698.15,1717.08
2019-06-30,2019,3,COYOACAN,EX HACIENDA COAPA,03-051,603,528.32,13262.35,53035.200000000004,39244.530000000006
2019-06-30,2019,3,COYOACAN,HACIENDAS DE COYOACAN (FRACC),03-052,563,1143.5700000000002,10497.13,14081.96,2441.2599999999998
2019-06-30,2019,3,COYOACAN,HERMOSILLO,03-053,544,918.1500000000001,8853.64,19789.77,10017.98
2019-06-30,2019,3,COYOACAN,IMAN,03-054,451,418.44,3936.95,4438.19,82.8
2019-06-30,2019,3,COYOACAN,IMAN 580 (U HAB),03-055,934,0.0,0.0,0.0,0.0
2019-06-30,2019,3,COYOACAN,INFONAVIT CULHUACAN ZONA 1 (U HAB),03-056,298,0.0,230.31,230.31,0.0
2019-06-30,2019,3,COYOACAN,INFONAVIT CULHUACAN ZONA 2 (U HAB),03-057,520,0.0,0.0,674.05,674.05
2019-06-30,2019,3,COYOACAN,INFONAVIT CULHUACAN ZONA 3 (U HAB),03-058,585,85.55,4335.51,5171.97,750.9100000000001
2019-06-30,2019,3,COYOACAN,INSURGENTES CUICUILCO,03-059,1581,0.0,38075.29,58280.369999999995,20205.08
2019-06-30,2019,3,COYOACAN,INTEGRACION LATINOAMERICANA (U HAB),03-060,1394,0.0,33618.42,35365.05,1746.63
2019-06-30,2019,3,COYOACAN,JARDINES DE COYOACAN (FRACC),03-061,583,743.74,10635.05,13511.03,2132.24
2019-06-30,2019,3,COYOACAN,JARDINES DEL PEDREGAL,03-062,373,59.16,4349.01,46223.62,41815.450000000004
2019-06-30,2019,3,COYOACAN,JOYAS DEL PEDREGAL (FRACC),03-063,498,0.0,8244.05,8376.42,132.37
2019-06-30,2019,3,COYOACAN,LA CANTERA (U HAB),03-064,566,352.85,12282.48,13040.84,405.51
2019-06-30,2019,3,COYOACAN,LA CONCEPCION (BARR),03-065,475,1310.6100000000001,12147.970000000001,21602.94,8144.360000000001
2019-06-30,2019,3,COYOACAN,LA MAGDALENA CULHUACAN (BARR),03-066,3228,6361.7699999999995,35918.11,44443.24,2163.36
2019-06-30,2019,3,COYOACAN,LAS CAMPANAS,03-069,267,95.76,5123.31,11841.01,6621.9400000000005
2019-06-30,2019,3,COYOACAN,LOS CEDROS (FRACC),03-071,314,274.06,5560.469999999999,6386.85,552.3199999999999
2019-06-30,2019,3,COYOACAN,LOS CIPRESES,03-072,604,350.51,10487.5,21786.3,10948.29
2019-06-30,2019,3,COYOACAN,LOS GIRASOLES I,03-073,302,0.0,4177.6,9397.16,5219.5599999999995
2019-06-30,2019,3,COYOACAN,LOS GIRASOLES II,03-074,501,0.0,6180.61,6827.95,647.34
2019-06-30,2019,3,COYOACAN,LOS GIRASOLES III,03-075,1200,0.0,6310.29,20814.05,14503.76
2019-06-30,2019,3,COYOACAN,LOS OLIVOS (FRACC),03-076,349,67.12,3833.49,4530.83,630.22
2019-06-30,2019,3,COYOACAN,LOS OLIVOS (U HAB),03-077,185,0.0,4053.54,5720.22,1666.6799999999998
2019-06-30,2019,3,COYOACAN,LOS REYES (PBLO),03-078,5586,4577.7699999999995,50462.84,72014.28,16973.67
2019-06-30,2019,3,COYOACAN,LOS SAUCES (FRACC),03-080,372,70.78,2635.23,2820.33,114.32
2019-06-30,2019,3,COYOACAN,MEDIA LUNA,03-081,171,362.09999999999997,1063.5,1732.26,306.65999999999997
2019-06-30,2019,3,COYOACAN,MONTE DE PIEDAD,03-151,715,234.88,3356.9900000000002,6168.21,2576.34
2019-06-30,2019,3,COYOACAN,NUEVA DIAZ ORDAZ,03-082,612,0.0,0.0,245.22,245.22
2019-06-30,2019,3,COYOACAN,OLIMPICA,03-083,425,4.88,4011.3,5446.13,1429.95
2019-06-30,2019,3,COYOACAN,OXTOPULCO UNIVERSIDAD,03-084,866,412.87,19154.43,24036.940000000002,4469.639999999999
2019-06-30,2019,3,COYOACAN,PARQUE SAN ANDRES,03-085,2084,3650.24,40317.9,63242.68,19274.54
2019-06-30,2019,3,COYOACAN,PASEOS DE TAXQUEA I,03-133,2820,0.0,13419.470000000001,13498.630000000001,79.16
2019-06-30,2019,3,COYOACAN,PASEOS DE TAXQUEA II,03-134,2134,959.04,14052.969999999998,19020.31,4008.2999999999997
2019-06-30,2019,3,COYOACAN,PEDREGAL DE SAN ANGEL (AMPL),03-088,468,0.0,8554.3,11399.13,2844.83
2019-06-30,2019,3,COYOACAN,PEDREGAL DE SAN FRANCISCO (FRACC),03-089,408,57.96,6433.07,6562.71,71.67999999999999
2019-06-30,2019,3,COYOACAN,PEDREGAL DE SANTA URSULA I,03-135,2884,0.0,362.06,5830.6900000000005,5468.63
2019-06-30,2019,3,COYOACAN,PEDREGAL DE SANTA URSULA II,03-136,2946,47.370000000000005,1.45,433.18,384.36
2019-06-30,2019,3,COYOACAN,PEDREGAL DE SANTA URSULA III,03-137,2574,23.79,0.0,2556.58,2532.79
2019-06-30,2019,3,COYOACAN,PEDREGAL DE SANTA URSULA IV,03-138,3216,0.0,4.62,1032.17,1027.55
2019-06-30,2019,3,COYOACAN,PEDREGAL DE STO DOMINGO I,03-139,2516,28.84,0.0,894.82,865.98
2019-06-30,2019,3,COYOACAN,PEDREGAL DE STO DOMINGO II,03-140,3270,23.8,27.0,2321.1299999999997,2270.33
2019-06-30,2019,3,COYOACAN,PEDREGAL DE STO DOMINGO III,03-141,2549,185.44,138.07999999999998,2689.97,2366.45
2019-06-30,2019,3,COYOACAN,PEDREGAL DE STO DOMINGO IV,03-142,2841,0.0,0.0,105.47,105.47
2019-06-30,2019,3,COYOACAN,PEDREGAL DE STO DOMINGO IX,03-147,2175,73.2,6.71,2451.16,2371.25
2019-06-30,2019,3,COYOACAN,PEDREGAL DE STO DOMINGO V,03-143,2991,0.0,0.0,454.45,454.45
2019-06-30,2019,3,COYOACAN,PEDREGAL DE STO DOMINGO VI,03-144,3630,0.0,0.0,523.68,523.68
2019-06-30,2019,3,COYOACAN,PEDREGAL DE STO DOMINGO VII,03-145,3442,0.0,0.0,2446.39,2446.39
2019-06-30,2019,3,COYOACAN,PEDREGAL DE STO DOMINGO VIII,03-146,2032,0.0,7.93,223.36,215.43
2019-06-30,2019,3,COYOACAN,PEDREGAL DEL MAUREL,03-091,840,0.0,40865.84,41795.51,929.67
2019-06-30,2019,3,COYOACAN,PETROLERA TAXQUEA,03-092,387,263.40999999999997,6527.05,9021.84,2231.38
2019-06-30,2019,3,COYOACAN,PILOTO CULHUACAN (U HAB),03-093,919,411.45000000000005,13780.75,15072.89,880.6899999999999
2019-06-30,2019,3,COYOACAN,PRADO CHURUBUSCO,03-094,3504,3210.28,59181.130000000005,71252.89,8861.48
2019-06-30,2019,3,COYOACAN,PRADOS DE COYOACAN,03-095,856,892.41,5957.4800000000005,9379.7,2529.81
2019-06-30,2019,3,COYOACAN,PRESIDENTES EJIDALES PRIMERA SECCION,03-096,1038,449.39,8387.35,8947.95,111.21
2019-06-30,2019,3,COYOACAN,PRESIDENTES EJIDALES SEGUNDA SECCION,03-152,1177,1014.6,13563.7,27517.03,12938.729999999998
2019-06-30,2019,3,COYOACAN,RANCHO EL ROSARIO,03-097,156,35.38,826.2,3017.45,2155.87
2019-06-30,2019,3,COYOACAN,ROMERO DE TERREROS,03-098,856,1758.8400000000001,16145.74,31832.74,13928.160000000002
2019-06-30,2019,3,COYOACAN,ROMERO DE TERREROS (FRACC),03-099,816,177.5,12520.26,38720.67,26022.91
2019-06-30,2019,3,COYOACAN,SAN DIEGO CHURUBUSCO,03-100,517,1549.58,14082.460000000001,24106.15,8474.11
2019-06-30,2019,3,COYOACAN,SAN FRANCISCO CULHUACAN (PBLO),03-101,3721,6806.93,43264.63,52818.96,2747.4
2019-06-30,2019,3,COYOACAN,SAN LUCAS (BARR),03-103,1478,1482.74,28526.56,35447.14,5437.84
2019-06-30,2019,3,COYOACAN,SAN MATEO (BARR),03-104,1154,2428.42,17276.89,27964.48,8259.17
2019-06-30,2019,3,COYOACAN,SAN PABLO TEPETLAPA (PBLO),03-105,2349,1267.0,13181.51,15993.49,1544.98
2019-06-30,2019,3,COYOACAN,SANTA CATARINA (BARR),03-106,986,1710.47,28831.69,45349.81,14807.65
2019-06-30,2019,3,COYOACAN,SANTA CECILIA,03-107,862,109.81,8237.73,8776.57,429.03
2019-06-30,2019,3,COYOACAN,SANTA URSULA COAPA (PBLO),03-109,3349,3478.87,54179.12,68983.39,11325.4
2019-06-30,2019,3,COYOACAN,STUNAM CULHUACAN (U HAB),03-112,1119,0.0,24907.17,25443.05,535.88
2019-06-30,2019,3,COYOACAN,VIEJO EJIDO SANTA URSULA COAPA,03-113,2529,2629.01,17738.79,28226.93,7859.13
2019-06-30,2019,3,COYOACAN,VILLA COYOACAN,03-114,917,6754.66,19246.34,42020.99,16019.99
2019-06-30,2019,3,COYOACAN,VILLA PANAMERICANA 1ERA. SECCIN (U HAB),03-115,1103,37.22,7069.95,10819.81,3712.6400000000003
2019-06-30,2019,3,COYOACAN,VILLA PANAMERICANA 2DA. SECCIN (U HAB),03-116,568,0.0,4277.19,5242.81,965.62
2019-06-30,2019,3,COYOACAN,VILLA PANAMERICANA 3ERA. SECCIN (U HAB),03-117,810,63.08,3817.13,7365.92,3485.71
2019-06-30,2019,3,COYOACAN,VILLA PANAMERICANA 5TA. SECCIN (U HAB),03-119,850,0.0,25496.77,25765.02,268.25
2019-06-30,2019,3,COYOACAN,VILLA PANAMERICANA 7MA. SECCIN (U HAB),03-121,633,0.0,672.7,3311.19,2638.49
2019-06-30,2019,3,COYOACAN,VILLA QUIETUD (FRACC),03-122,891,339.99,6258.68,15011.09,8412.42
2019-06-30,2019,3,COYOACAN,VISTAS DEL MAUREL (U HAB),03-124,573,0.0,17413.23,18750.56,1337.33
2019-06-30,2019,3,COYOACAN,XOTEPINGO,03-125,537,1168.85,8247.99,12393.64,2976.8
2019-06-30,2019,3,CUAJIMALPA DE MORELOS,ABDIAS GARCIA SOTO,04-001,694,296.81,5282.0599999999995,5923.7,344.83
2019-06-30,2019,3,CUAJIMALPA DE MORELOS,ADOLFO LOPEZ MATEOS,04-002,236,44.17,2563.21,2783.6699999999996,176.29000000000002
2019-06-30,2019,3,CUAJIMALPA DE MORELOS,AGUA BENDITA,04-003,924,0.0,0.0,3252.44,3252.44
2019-06-30,2019,3,CUAJIMALPA DE MORELOS,AHUATENCO,04-004,1074,620.99,8850.91,10189.71,717.81
2019-06-30,2019,3,CUAJIMALPA DE MORELOS,AMADO NERVO,04-005,100,0.0,649.6,1043.67,394.07
2019-06-30,2019,3,CUAJIMALPA DE MORELOS,BOSQUES DE LAS LOMAS,04-006,4021,1521.22,76572.58,100412.52,22318.72
2019-06-30,2019,3,CUAJIMALPA DE MORELOS,CORREDOR SANTA FE,04-012,5432,9351.119999999999,108074.19,191825.72,74400.41
2019-06-30,2019,3,CUAJIMALPA DE MORELOS,EL CONTADERO,04-015,2316,1140.27,33668.369999999995,39478.29,4669.65
2019-06-30,2019,3,CUAJIMALPA DE MORELOS,EL MOLINITO,04-016,89,124.5,777.25,1041.44,139.69
2019-06-30,2019,3,CUAJIMALPA DE MORELOS,EL MOLINO,04-017,446,1275.03,9410.65,11943.51,1257.83
2019-06-30,2019,3,CUAJIMALPA DE MORELOS,EL TIANGUILLO,04-018,558,0.0,0.0,0.0,0.0
2019-06-30,2019,3,CUAJIMALPA DE MORELOS,EL YAQUI,04-019,591,80.8,10050.95,10602.650000000001,470.9
2019-06-30,2019,3,CUAJIMALPA DE MORELOS,JARDINES DE LA PALMA (HUIZACHITO),04-021,1035,322.11,22366.36,27114.93,4426.46
2019-06-30,2019,3,CUAJIMALPA DE MORELOS,JESUS DEL MONTE,04-022,858,672.24,8532.23,11751.77,2547.3
2019-06-30,2019,3,CUAJIMALPA DE MORELOS,LA PILA,04-023,1222,0.0,0.0,2.32,2.32
2019-06-30,2019,3,CUAJIMALPA DE MORELOS,LA VENTA,04-025,0,5.4,548.65,871.05,317.0
2019-06-30,2019,3,CUAJIMALPA DE MORELOS,LAS TINAJAS,04-028,578,371.28999999999996,38909.29,60440.86,21160.28
2019-06-30,2019,3,CUAJIMALPA DE MORELOS,LOMA DEL PADRE,04-030,1155,0.0,0.0,1.26,1.26
2019-06-30,2019,3,CUAJIMALPA DE MORELOS,LOMAS DE MEMETLA,04-031,1564,341.64,11683.36,14481.220000000001,2456.2200000000003
2019-06-30,2019,3,CUAJIMALPA DE MORELOS,LOMAS DE VISTA HERMOSA,04-032,2317,189.68,117297.6,152789.57,35302.29
2019-06-30,2019,3,CUAJIMALPA DE MORELOS,LOMAS DEL CHAMIZAL,04-033,1395,3878.31,18032.69,25581.5,3670.5
2019-06-30,2019,3,CUAJIMALPA DE MORELOS,MANZANASTITLA,04-034,1347,0.0,2517.7,2533.76,16.06
2019-06-30,2019,3,CUAJIMALPA DE MORELOS,MEMETLA,04-035,189,64.06,1187.24,1259.23,7.93
2019-06-30,2019,3,CUAJIMALPA DE MORELOS,NAVIDAD (GRANJAS DE NAVIDAD),04-036,2754,5370.58,18571.03,28597.17,4655.56
2019-06-30,2019,3,CUAJIMALPA DE MORELOS,PALO ALTO (GRANJAS),04-038,619,1111.04,14613.09,36918.53,21194.399999999998
2019-06-30,2019,3,CUAJIMALPA DE MORELOS,PORTAL DEL SOL,04-055,944,0.0,72969.61,83700.6,10730.99
2019-06-30,2019,3,CUAJIMALPA DE MORELOS,SAN JOSE DE LOS CEDROS I,04-058,1811,4104.54,17337.52,23135.3,1693.24
2019-06-30,2019,3,CUAJIMALPA DE MORELOS,SAN JOSE DE LOS CEDROS II,04-059,2114,6458.78,28714.08,48275.79,13102.93
2019-06-30,2019,3,CUAJIMALPA DE MORELOS,SAN LORENZO ACOPILCO (PBLO),04-045,2512,0.0,0.0,55.51,55.51
2019-06-30,2019,3,CUAJIMALPA DE MORELOS,SAN MATEO TLALTENANGO (PBLO),04-046,5824,0.0,0.0,317.20000000000005,317.20000000000005
2019-06-30,2019,3,CUAJIMALPA DE MORELOS,SAN PABLO CHIMALPA (PBLO),04-047,2285,0.0,0.0,387.15,387.15
2019-06-30,2019,3,CUAJIMALPA DE MORELOS,SAN PEDRO CUAJIMALPA (PBLO),04-056,5902,12260.84,62674.54,86363.79,11428.41
2019-06-30,2019,3,CUAJIMALPA DE MORELOS,TEPETONGO,04-050,1080,1639.77,5991.4,7693.66,62.489999999999995
2019-06-30,2019,3,CUAJIMALPA DE MORELOS,ZENTLAPATL,04-052,1055,0.0,9.15,544.12,534.97
2019-06-30,2019,3,CUAUHTEMOC,ALGARIN,15-001,2338,13419.49,30445.44,55664.450000000004,11799.52
2019-06-30,2019,3,CUAUHTEMOC,ASTURIAS,15-002,1566,3261.23,22787.78,28791.329999999998,2742.3199999999997
2019-06-30,2019,3,CUAUHTEMOC,ASTURIAS (AMPL),15-003,1941,4534.36,29076.49,41581.83,7970.9800000000005
2019-06-30,2019,3,CUAUHTEMOC,ATLAMPA,15-004,4074,1432.56,72341.14,92256.73,18483.03
2019-06-30,2019,3,CUAUHTEMOC,BUENAVISTA I,15-035,2700,3568.27,52404.36,66249.39,10276.76
2019-06-30,2019,3,CUAUHTEMOC,BUENAVISTA II,15-036,3107,7363.63,53356.44,98621.47,37901.4
2019-06-30,2019,3,CUAUHTEMOC,CENTRO I,15-037,2159,7409.56,52773.08,84201.98000000001,24019.34
2019-06-30,2019,3,CUAUHTEMOC,CENTRO II,15-038,2360,10803.51,48120.87,68337.47,9413.09
2019-06-30,2019,3,CUAUHTEMOC,CENTRO III,15-039,1517,9389.35,30715.05,69342.63,29238.23
2019-06-30,2019,3,CUAUHTEMOC,CENTRO IV,15-040,2472,42387.74,33420.09,269082.56,193274.73
2019-06-30,2019,3,CUAUHTEMOC,CENTRO V,15-041,863,8593.68,16151.74,43490.869999999995,18745.45
2019-06-30,2019,3,CUAUHTEMOC,CENTRO VI,15-042,2623,16361.67,41280.97,117369.27,59726.630000000005
2019-06-30,2019,3,CUAUHTEMOC,CENTRO VII,15-043,2233,28238.78,25167.22,83464.23,30058.23
2019-06-30,2019,3,CUAUHTEMOC,CENTRO VIII,15-044,103831,30092.29,64951.18,220901.69,125858.22
2019-06-30,2019,3,CUAUHTEMOC,CONDESA,15-008,3946,14062.4,70366.64,117712.46,33283.420000000006
2019-06-30,2019,3,CUAUHTEMOC,CUAUHTEMOC,15-009,5730,21573.67,105111.31999999999,245614.16,118929.17
2019-06-30,2019,3,CUAUHTEMOC,DOCTORES I,15-045,3467,6393.43,70495.27,115592.47,38703.77
2019-06-30,2019,3,CUAUHTEMOC,DOCTORES II,15-046,4995,6906.33,72524.41,109502.52,30071.78
2019-06-30,2019,3,CUAUHTEMOC,DOCTORES III,15-047,2914,5939.28,58717.73,82054.72,17397.710000000003
2019-06-30,2019,3,CUAUHTEMOC,DOCTORES IV,15-048,3132,12435.119999999999,55582.15,245122.63,177105.36000000002
2019-06-30,2019,3,CUAUHTEMOC,DOCTORES V,15-049,3153,8802.54,62404.049999999996,76363.5,5156.91
2019-06-30,2019,3,CUAUHTEMOC,ESPERANZA,15-011,1792,2465.67,33366.3,40201.04,4369.07
2019-06-30,2019,3,CUAUHTEMOC,EX HIPODROMO DE PERALVILLO,15-012,3489,8547.79,39982.52,56062.159999999996,7531.849999999999
2019-06-30,2019,3,CUAUHTEMOC,FELIPE PESCADOR,15-013,902,1315.79,8053.62,11411.890000000001,2042.48
2019-06-30,2019,3,CUAUHTEMOC,GUERRERO I,15-050,4183,9062.91,82587.42,97286.05,5635.72
2019-06-30,2019,3,CUAUHTEMOC,GUERRERO II,15-051,4330,8769.69,78900.52,97993.1,10322.89
2019-06-30,2019,3,CUAUHTEMOC,GUERRERO III,15-052,4144,11721.24,73425.03,102028.02,16881.75
2019-06-30,2019,3,CUAUHTEMOC,GUERRERO IV,15-053,2967,4445.82,55779.89,79262.6,19036.89
2019-06-30,2019,3,CUAUHTEMOC,HIPODROMO CONDESA,15-016,1513,7428.700000000001,33577.58,68481.42,27475.14
2019-06-30,2019,3,CUAUHTEMOC,HIPODROMO I,15-054,2621,19130.03,62956.35,104535.25,22448.87
2019-06-30,2019,3,CUAUHTEMOC,HIPODROMO II,15-055,3171,11455.57,63557.75,108857.58,33844.26
2019-06-30,2019,3,CUAUHTEMOC,JUAREZ,15-017,4133,33016.95,86008.68000000001,344621.02,225595.39
2019-06-30,2019,3,CUAUHTEMOC,MORELOS I,15-056,3548,6204.47,69509.83,84588.19,8873.89
2019-06-30,2019,3,CUAUHTEMOC,MORELOS II,15-057,3763,3073.38,76534.01,86659.65,7052.26
2019-06-30,2019,3,CUAUHTEMOC,MORELOS III,15-058,3400,5789.19,82939.69,96162.27,7433.39
2019-06-30,2019,3,CUAUHTEMOC,OBRERA I,15-062,3704,17784.43,60105.37,101439.99,23550.19
2019-06-30,2019,3,CUAUHTEMOC,OBRERA II,15-063,3137,14279.41,52855.01,79223.29,12088.87
2019-06-30,2019,3,CUAUHTEMOC,OBRERA III,15-064,3022,10801.08,56277.02,71993.38,4915.28
2019-06-30,2019,3,CUAUHTEMOC,OBRERA IV,15-065,2445,16857.57,46181.67,69448.75,6409.51
2019-06-30,2019,3,CUAUHTEMOC,PAULINO NAVARRO,15-022,1484,4279.71,25448.9,31575.0,1846.3899999999999
2019-06-30,2019,3,CUAUHTEMOC,PERALVILLO I,15-066,3510,12768.18,56486.62,74577.34,5322.54
2019-06-30,2019,3,CUAUHTEMOC,PERALVILLO II,15-067,3276,14530.2,57759.22,78434.19,6144.77
2019-06-30,2019,3,CUAUHTEMOC,ROMA NORTE I,15-068,2920,24165.4,58691.82,151223.46,68366.24
2019-06-30,2019,3,CUAUHTEMOC,ROMA NORTE II,15-069,3045,18406.62,61238.1,128609.01000000001,48964.29
2019-06-30,2019,3,CUAUHTEMOC,ROMA NORTE III,15-070,5324,30393.06,94188.17,178658.02,54076.79
2019-06-30,2019,3,CUAUHTEMOC,ROMA SUR I,15-071,3353,13668.69,56971.39,98930.85,28290.77
2019-06-30,2019,3,CUAUHTEMOC,ROMA SUR II,15-072,4520,16141.31,75240.91,113299.47,21917.25
2019-06-30,2019,3,CUAUHTEMOC,SAN RAFAEL I,15-073,2723,11380.06,47714.74,86097.25,27002.45
2019-06-30,2019,3,CUAUHTEMOC,SAN RAFAEL II,15-074,6202,19173.62,92056.04000000001,136850.75,25621.09
2019-06-30,2019,3,CUAUHTEMOC,SAN SIMON TOLNAHUAC,15-027,4033,6850.75,68453.59,80070.73,4766.39
2019-06-30,2019,3,CUAUHTEMOC,SANTA MARIA (U HAB),15-028,912,0.0,18518.15,18518.15,0.0
2019-06-30,2019,3,CUAUHTEMOC,SANTA MARIA INSURGENTES,15-029,524,2141.9,8517.460000000001,33046.46,22387.1
2019-06-30,2019,3,CUAUHTEMOC,SANTA MARIA LA RIBERA I,15-075,5633,16983.64,98101.33,125819.86,10734.89
2019-06-30,2019,3,CUAUHTEMOC,SANTA MARIA LA RIBERA II,15-076,4199,12377.0,83779.1,109335.12,13179.02
2019-06-30,2019,3,CUAUHTEMOC,SANTA MARIA LA RIBERA IV,15-078,5534,23243.28,97859.11,144211.89,23109.5
2019-06-30,2019,3,CUAUHTEMOC,TABACALERA,15-031,1393,11236.76,33745.59,130071.78000000001,85089.43000000001
2019-06-30,2019,3,CUAUHTEMOC,TRANSITO,15-032,3662,6202.07,67873.02,101930.33,27855.24
2019-06-30,2019,3,CUAUHTEMOC,VALLE GOMEZ,15-033,2454,2434.75,42896.3,48494.74,3163.69
2019-06-30,2019,3,CUAUHTEMOC,VISTA ALEGRE,15-034,1008,7252.759999999999,15516.44,24993.96,2224.76
2019-06-30,2019,3,GUSTAVO A. MADERO,15 DE AGOSTO,05-206,1079,2352.2599999999998,9706.89,14399.92,2340.77
2019-06-30,2019,3,GUSTAVO A. MADERO,25 DE JULIO,05-208,958,2537.94,7937.44,14851.95,4376.57
2019-06-30,2019,3,GUSTAVO A. MADERO,51 LEGISLATURA,05-210,170,0.0,238.82,238.82,0.0
2019-06-30,2019,3,GUSTAVO A. MADERO,6 DE JUNIO,05-211,710,0.0,0.0,14.489999999999998,14.489999999999998
2019-06-30,2019,3,GUSTAVO A. MADERO,7 DE NOVIEMBRE,05-212,1104,1226.01,12276.42,17676.21,4173.780000000001
2019-06-30,2019,3,GUSTAVO A. MADERO,ACUEDUCTO DE GUADALUPE (RDCIAL),05-001,1863,1258.63,19671.59,23056.0,2125.7799999999997
2019-06-30,2019,3,GUSTAVO A. MADERO,ACUEDUCTO DE GUADALUPE (U HAB),05-002,3879,0.0,67932.85,68409.16,476.31
2019-06-30,2019,3,GUSTAVO A. MADERO,AHUEHUETES,05-003,1086,0.62,53.58,62.36,8.16
2019-06-30,2019,3,GUSTAVO A. MADERO,ARAGON INGUARAN,05-005,892,3748.02,17463.39,21878.21,666.8000000000001
2019-06-30,2019,3,GUSTAVO A. MADERO,ARAGON LA VILLA (ARAGON),05-006,1315,6593.21,15592.22,32072.079999999998,9886.65
2019-06-30,2019,3,GUSTAVO A. MADERO,ARBOLEDAS DE CUAUTEPEC,05-007,2081,0.0,76.85,363.83,286.98
2019-06-30,2019,3,GUSTAVO A. MADERO,ARROYO GUADALUPE (U HAB),05-009,622,0.0,4485.03,7949.06,3464.03
2019-06-30,2019,3,GUSTAVO A. MADERO,BELISARIO DOMINGUEZ,05-010,347,1891.72,4255.24,7084.54,937.58
2019-06-30,2019,3,GUSTAVO A. MADERO,BENITO JUAREZ,05-011,1801,1521.66,2208.95,4893.61,1163.0
2019-06-30,2019,3,GUSTAVO A. MADERO,BENITO JUAREZ (AMPL),05-012,751,58.78,1098.69,1776.65,619.1800000000001
2019-06-30,2019,3,GUSTAVO A. MADERO,BONDOJITO,05-013,1685,1600.46,17423.29,28942.86,9919.11
2019-06-30,2019,3,GUSTAVO A. MADERO,C T M ARAGON (U),05-014,1830,818.13,5232.57,6451.62,400.91999999999996
2019-06-30,2019,3,GUSTAVO A. MADERO,C T M ARAGON AMPLIACION (U),05-015,102,49.0,209.05,279.79999999999995,21.75
2019-06-30,2019,3,GUSTAVO A. MADERO,CAMINO A SAN JUAN DE ARAGON (PBLO),05-016,1242,514.9000000000001,7836.43,14777.830000000002,6426.500000000001
2019-06-30,2019,3,GUSTAVO A. MADERO,CAMPESTRE ARAGON I,05-215,3264,5111.25,21545.33,28034.73,1378.15
2019-06-30,2019,3,GUSTAVO A. MADERO,CAMPESTRE ARAGON II,05-216,3453,10790.57,44173.64,56021.0,1056.79
2019-06-30,2019,3,GUSTAVO A. MADERO,CAPULTITLAN,05-018,1182,2965.01,22905.66,29643.230000000003,3772.56
2019-06-30,2019,3,GUSTAVO A. MADERO,CASAS ALEMAN (AMPL) I,05-217,3188,9183.77,36143.6,49258.58,3931.21
2019-06-30,2019,3,GUSTAVO A. MADERO,CASAS ALEMAN (AMPL) II,05-218,3146,7747.49,34684.62,48282.06,5849.95
2019-06-30,2019,3,GUSTAVO A. MADERO,CASTILLO CHICO,05-020,1183,54.92,1711.23,1873.57,107.42
2019-06-30,2019,3,GUSTAVO A. MADERO,CASTILLO GRANDE,05-021,1108,43.7,1453.17,1498.7,1.83
2019-06-30,2019,3,GUSTAVO A. MADERO,CERRO PRIETO,05-023,1164,2124.06,9478.2,12716.92,1114.66
2019-06-30,2019,3,GUSTAVO A. MADERO,CHALMA DE GUADALUPE I,05-219,3208,0.0,0.0,111.91,111.91
2019-06-30,2019,3,GUSTAVO A. MADERO,CHALMA DE GUADALUPE II,05-220,2885,0.0,0.0,2612.7999999999997,2612.7999999999997
2019-06-30,2019,3,GUSTAVO A. MADERO,CHURUBUSCO TEPEYAC,05-025,529,534.97,5580.62,6127.61,12.02
2019-06-30,2019,3,GUSTAVO A. MADERO,COCOYOTES,05-026,1329,36.79,157.87,196.49,1.83
2019-06-30,2019,3,GUSTAVO A. MADERO,COCOYOTES (AMPL),05-027,361,104.31,240.49,381.25,36.449999999999996
2019-06-30,2019,3,GUSTAVO A. MADERO,COMPOSITORES MEXICANOS,05-028,3254,1161.89,3282.29,5021.09,576.91
2019-06-30,2019,3,GUSTAVO A. MADERO,CONSTITUCION DE LA REPUBLICA,05-029,3720,1930.83,13933.8,18755.13,2890.5
2019-06-30,2019,3,GUSTAVO A. MADERO,CTM ATZACOALCO (U HAB),05-031,2557,1435.09,13395.17,15643.519999999999,813.26
2019-06-30,2019,3,GUSTAVO A. MADERO,CTM EL RISCO (U HAB),05-032,2597,465.65,6590.6,9176.39,2120.14
2019-06-30,2019,3,GUSTAVO A. MADERO,CUAUTEPEC DE MADERO,05-033,2336,5961.89,12401.42,19898.9,1535.59
2019-06-30,2019,3,GUSTAVO A. MADERO,CUAUTEPEC EL ALTO (PBLO),05-034,1630,122.41,0.0,1663.26,1540.85
2019-06-30,2019,3,GUSTAVO A. MADERO,CUCHILLA DEL TESORO,05-035,3144,12630.68,35978.97,50026.21,1416.56
2019-06-30,2019,3,GUSTAVO A. MADERO,CUCHILLA LA JOYA,05-036,718,2241.2,9419.99,13612.04,1950.85
2019-06-30,2019,3,GUSTAVO A. MADERO,DEFENSORES DE LA REPUBLICA,05-037,1250,4557.68,14347.57,20190.66,1285.41
2019-06-30,2019,3,GUSTAVO A. MADERO,DEL BOSQUE,05-038,1484,1724.8799999999999,10198.78,12550.58,626.9200000000001
2019-06-30,2019,3,GUSTAVO A. MADERO,DEL OBRERO,05-039,1173,2117.69,7756.16,10228.44,354.59000000000003
2019-06-30,2019,3,GUSTAVO A. MADERO,DM NACIONAL,05-040,2924,0.0,50296.69,58125.2,7828.51
2019-06-30,2019,3,GUSTAVO A. MADERO,EDUARDO MOLINA I (U HAB),05-041,420,0.0,7860.0,8916.25,1056.25
2019-06-30,2019,3,GUSTAVO A. MADERO,EJIDOS SAN JUAN DE ARAGON 1A SECCION (U HAB),05-043,814,1143.87,2365.01,4180.21,671.33
2019-06-30,2019,3,GUSTAVO A. MADERO,EJIDOS SAN JUAN DE ARAGON 2A SECCION (U HAB),05-044,238,321.17,498.15,2364.12,1544.8
2019-06-30,2019,3,GUSTAVO A. MADERO,EL ARBOLILLO,05-045,304,2.22,855.52,861.14,3.4
2019-06-30,2019,3,GUSTAVO A. MADERO,EL ARBOLILLO 1 (U HAB),05-046,2308,40.26,42526.07,43109.99,543.66
2019-06-30,2019,3,GUSTAVO A. MADERO,EL ARBOLILLO 2 (U HAB),05-047,1467,0.0,35450.55,37644.64,2194.09
2019-06-30,2019,3,GUSTAVO A. MADERO,EL ARBOLILLO 3 (U HAB),05-048,757,0.0,15697.26,15777.4,80.14
2019-06-30,2019,3,GUSTAVO A. MADERO,EL CARMEN,05-049,2028,878.98,3882.35,5035.06,273.73
2019-06-30,2019,3,GUSTAVO A. MADERO,EL COYOL (U HAB),05-050,655,0.0,1346.62,2829.9700000000003,1483.35
2019-06-30,2019,3,GUSTAVO A. MADERO,EL OLIVO,05-051,514,734.14,1932.05,2984.94,318.75
2019-06-30,2019,3,GUSTAVO A. MADERO,EMILIANO ZAPATA,05-052,1360,1569.5,18433.46,20507.49,504.53
2019-06-30,2019,3,GUSTAVO A. MADERO,EMILIANO ZAPATA (AMPL),05-053,377,1448.98,4503.67,6151.39,198.74
2019-06-30,2019,3,GUSTAVO A. MADERO,ESTANZUELA,05-054,1012,1059.11,6173.47,7465.36,232.78
2019-06-30,2019,3,GUSTAVO A. MADERO,ESTRELLA,05-055,2828,7112.15,36070.37,48924.78,5742.26
2019-06-30,2019,3,GUSTAVO A. MADERO,EX-ESCUELA DE TIRO,05-056,552,122.22,2132.78,2301.85,46.85
2019-06-30,2019,3,GUSTAVO A. MADERO,FAJA DE ORO,05-058,513,2098.01,8654.06,12666.119999999999,1914.05
2019-06-30,2019,3,GUSTAVO A. MADERO,FERNANDO CASAS ALEMAN,05-059,415,2557.82,4766.31,7430.8,106.67
2019-06-30,2019,3,GUSTAVO A. MADERO,FERROCARRILERA INSURGENTES,05-060,61,0.0,323.54,323.54,0.0
2019-06-30,2019,3,GUSTAVO A. MADERO,FOVISSSTE CUCHILLA (U HAB),05-061,171,277.94,11330.16,11631.39,23.29
2019-06-30,2019,3,GUSTAVO A. MADERO,FOVISSTE ARAGON (U HAB),05-057,399,85.41,729.2,2375.54,1560.93
2019-06-30,2019,3,GUSTAVO A. MADERO,GABRIEL HERNANDEZ,05-063,3468,2730.85,8830.369999999999,11864.66,303.44
2019-06-30,2019,3,GUSTAVO A. MADERO,GABRIEL HERNANDEZ (AMPL) I,05-221,2018,817.7099999999999,3791.9700000000003,6648.21,2038.53
2019-06-30,2019,3,GUSTAVO A. MADERO,GABRIEL HERNANDEZ (AMPL) II,05-222,2004,2351.12,9656.73,13823.65,1815.8
2019-06-30,2019,3,GUSTAVO A. MADERO,GENERAL FELIPE BERRIOZABAL,05-065,1377,0.0,0.0,76.92,76.92
2019-06-30,2019,3,GUSTAVO A. MADERO,GERTRUDIS SANCHEZ 1A SECCION,05-066,1109,2609.63,13706.640000000001,16946.35,630.08
2019-06-30,2019,3,GUSTAVO A. MADERO,GERTRUDIS SANCHEZ 2A SECCION,05-067,2235,4380.76,20912.26,29182.76,3889.7400000000002
2019-06-30,2019,3,GUSTAVO A. MADERO,GERTRUDIS SANCHEZ 3A SECCION,05-068,2204,6415.9800000000005,22788.14,31430.36,2226.24
2019-06-30,2019,3,GUSTAVO A. MADERO,GRANJAS MODERNAS-SAN JUAN DE ARAGON (AMPL),05-070,766,1520.53,10228.41,46096.04,34347.1
2019-06-30,2019,3,GUSTAVO A. MADERO,GUADALUPE INSURGENTES,05-071,1432,4293.87,25523.01,34429.22,4612.34
2019-06-30,2019,3,GUSTAVO A. MADERO,GUADALUPE PROLETARIA,05-072,2363,6915.54,20885.78,30150.23,2348.91
2019-06-30,2019,3,GUSTAVO A. MADERO,GUADALUPE PROLETARIA (AMPL),05-073,1003,583.5899999999999,3663.47,4369.400000000001,122.33999999999999
2019-06-30,2019,3,GUSTAVO A. MADERO,GUADALUPE TEPEYAC,05-074,2688,9169.66,35616.43,54028.91,9242.82
2019-06-30,2019,3,GUSTAVO A. MADERO,GUADALUPE VICTORIA,05-075,383,3258.01,1773.75,5513.9800000000005,482.22
2019-06-30,2019,3,GUSTAVO A. MADERO,GUADALUPE VICTORIA II,05-076,1181,5740.52,16787.17,26664.77,4137.08
2019-06-30,2019,3,GUSTAVO A. MADERO,HEROE DE NACOZARI,05-077,772,2982.0299999999997,11139.59,14926.64,805.02
2019-06-30,2019,3,GUSTAVO A. MADERO,HEROES DE CHAPULTEPEC,05-078,395,1211.54,5082.06,6513.3,219.70000000000002
2019-06-30,2019,3,GUSTAVO A. MADERO,INDECO (U HAB),05-080,522,12.82,728.75,764.22,22.65
2019-06-30,2019,3,GUSTAVO A. MADERO,INDUSTRIAL I,05-223,2970,10857.99,43581.8,62368.35,7928.56
2019-06-30,2019,3,GUSTAVO A. MADERO,INDUSTRIAL II,05-224,2978,6511.84,34276.28,43620.58,2832.46
2019-06-30,2019,3,GUSTAVO A. MADERO,JORGE NEGRETE,05-086,2493,4002.87,24376.36,29516.49,1137.26
2019-06-30,2019,3,GUSTAVO A. MADERO,JOYAS VALLEJO (U HAB),05-214,3059,0.0,90078.44,90132.54,54.1
2019-06-30,2019,3,GUSTAVO A. MADERO,JUAN DE DIOS BATIZ (U HAB),05-090,568,0.0,11607.109999999999,11631.76,24.65
2019-06-30,2019,3,GUSTAVO A. MADERO,JUAN GONZALEZ ROMERO,05-091,2495,5231.58,15437.26,24489.84,3821.0
2019-06-30,2019,3,GUSTAVO A. MADERO,JUVENTINO ROSAS,05-092,357,17.52,0.0,51.43,33.910000000000004
2019-06-30,2019,3,GUSTAVO A. MADERO,LA CANDELARIA TICOMAN (BARR),05-093,2496,0.0,0.0,189.68,189.68
2019-06-30,2019,3,GUSTAVO A. MADERO,LA CASILDA,05-094,2123,0.0,0.0,198.32999999999998,198.32999999999998
2019-06-30,2019,3,GUSTAVO A. MADERO,LA CRUZ (BARR),05-095,790,0.0,362.04,437.94,75.9
2019-06-30,2019,3,GUSTAVO A. MADERO,LA ESMERALDA (U HAB),05-097,562,0.0,0.0,29.34,29.34
2019-06-30,2019,3,GUSTAVO A. MADERO,LA ESMERALDA I,05-096,941,0.0,18416.39,18635.71,219.32
2019-06-30,2019,3,GUSTAVO A. MADERO,LA ESMERALDA II,05-253,427,613.78,2755.75,3750.15,380.62
2019-06-30,2019,3,GUSTAVO A. MADERO,LA ESMERALDA III,05-254,896,0.0,11856.97,11866.73,9.76
2019-06-30,2019,3,GUSTAVO A. MADERO,LA FORESTAL,05-098,1714,1456.9099999999999,1303.17,3753.0099999999998,992.93
2019-06-30,2019,3,GUSTAVO A. MADERO,LA FORESTAL 1,05-099,130,0.0,0.0,31.25,31.25
2019-06-30,2019,3,GUSTAVO A. MADERO,LA JOYA,05-102,1970,4659.92,21013.3,26475.3,802.08
2019-06-30,2019,3,GUSTAVO A. MADERO,LA JOYITA,05-103,557,1144.1,3292.68,4692.53,255.75
2019-06-30,2019,3,GUSTAVO A. MADERO,LA LAGUNA TICOMAN (BARR),05-104,2513,5074.71,16186.27,26161.24,4900.26
2019-06-30,2019,3,GUSTAVO A. MADERO,LA MALINCHE,05-105,1262,5751.7,21548.17,28593.04,1293.17
2019-06-30,2019,3,GUSTAVO A. MADERO,LA PASTORA,05-106,2733,0.0,0.0,2118.6099999999997,2118.6099999999997
2019-06-30,2019,3,GUSTAVO A. MADERO,LA PATERA-CONDOMODULOS (U HAB),05-107,1640,3608.76,38001.43,47535.950000000004,5925.76
2019-06-30,2019,3,GUSTAVO A. MADERO,LA PRADERA,05-108,2427,56.86,60.400000000000006,2761.23,2643.9700000000003
2019-06-30,2019,3,GUSTAVO A. MADERO,LA PRADERA I (U HAB),05-109,1057,9.74,0.0,234.83,225.09
2019-06-30,2019,3,GUSTAVO A. MADERO,LA PRADERA II (U HAB),05-110,501,0.0,0.0,103.22999999999999,103.22999999999999
2019-06-30,2019,3,GUSTAVO A. MADERO,LA PURISIMA TICOMAN (BARR),05-111,2064,2953.56,22732.379999999997,39238.04,13552.1
2019-06-30,2019,3,GUSTAVO A. MADERO,LINDAVISTA I,05-225,3273,10056.23,72253.61,122445.7,40135.86
2019-06-30,2019,3,GUSTAVO A. MADERO,LINDAVISTA II,05-226,3064,9311.36,78216.03,177202.44,89675.05
2019-06-30,2019,3,GUSTAVO A. MADERO,LINDAVISTA VALLEJO (U HAB),05-113,3745,0.0,78350.79000000001,80634.18,2283.3900000000003
2019-06-30,2019,3,GUSTAVO A. MADERO,LOMA DE LA PALMA,05-114,103630,620.0,3877.79,130804.03000000001,126306.24
2019-06-30,2019,3,GUSTAVO A. MADERO,LOMAS DE CUAUTEPEC,05-115,3087,379.49,1669.1599999999999,2219.51,170.86
2019-06-30,2019,3,GUSTAVO A. MADERO,MAGDALENA DE LAS SALINAS,05-119,989,1904.59,7458.32,156275.7,146912.79
2019-06-30,2019,3,GUSTAVO A. MADERO,MALACATES,05-120,1941,0.0,0.0,9.6,9.6
2019-06-30,2019,3,GUSTAVO A. MADERO,MALACATES (AMPL),05-121,1937,0.0,0.0,0.0,0.0
2019-06-30,2019,3,GUSTAVO A. MADERO,MARTIN CARRERA I,05-227,2768,7497.650000000001,45424.39,57161.36,4239.32
2019-06-30,2019,3,GUSTAVO A. MADERO,MARTIN CARRERA II,05-228,2448,8952.34,28909.24,39381.69,1520.1100000000001
2019-06-30,2019,3,GUSTAVO A. MADERO,MARTIRES DE RIO BLANCO,05-124,1650,7380.39,23530.53,36287.54,5376.62
2019-06-30,2019,3,GUSTAVO A. MADERO,MARTIRES DE RIO BLANCO (AMPL),05-125,291,1202.11,3433.3199999999997,4884.58,249.15
2019-06-30,2019,3,GUSTAVO A. MADERO,MAXIMINO AVILA CAMACHO,05-126,579,4569.37,6334.95,12092.61,1188.29
2019-06-30,2019,3,GUSTAVO A. MADERO,NARCISO BASSOLS (U HAB),05-127,1292,0.0,27572.690000000002,28562.01,989.3199999999999
2019-06-30,2019,3,GUSTAVO A. MADERO,NUEVA ATZACOALCO II,05-230,2875,9246.18,29741.92,40860.16,1872.06
2019-06-30,2019,3,GUSTAVO A. MADERO,NUEVA ATZACOALCO III,05-231,2998,6936.33,28617.38,36514.159999999996,960.45
2019-06-30,2019,3,GUSTAVO A. MADERO,NUEVA INDUSTRIAL VALLEJO (FRACC),05-129,1417,19.1,29477.2,52317.51,22821.21
2019-06-30,2019,3,GUSTAVO A. MADERO,NUEVA TENOCHTITLAN,05-130,2208,7238.59,28121.86,38170.32,2809.87
2019-06-30,2019,3,GUSTAVO A. MADERO,NUEVA VALLEJO,05-131,1187,5102.55,12944.1,42110.48,24063.829999999998
2019-06-30,2019,3,GUSTAVO A. MADERO,PALMATITLA,05-132,3192,183.6,0.0,1569.8600000000001,1386.26
2019-06-30,2019,3,GUSTAVO A. MADERO,PANAMERICANA,05-133,1630,3553.53,13621.119999999999,24206.54,7031.89
2019-06-30,2019,3,GUSTAVO A. MADERO,PANAMERICANA (AMPL),05-134,387,1170.82,4790.4800000000005,6535.38,574.08
2019-06-30,2019,3,GUSTAVO A. MADERO,PARQUE METROPOLITANO,05-135,877,0.0,0.0,51.1,51.1
2019-06-30,2019,3,GUSTAVO A. MADERO,PLANETARIO LINDAVISTA,05-137,260,277.24,4818.7,5408.26,312.32
2019-06-30,2019,3,GUSTAVO A. MADERO,PLAZA ORIENTE (RDCIAL),05-138,289,0.0,0.0,2280.6,2280.6
2019-06-30,2019,3,GUSTAVO A. MADERO,PRADOS DE CUAUTEPEC,05-139,139,0.0,0.0,100.0,100.0
2019-06-30,2019,3,GUSTAVO A. MADERO,PROGRESO NACIONAL (AMPL),05-141,1638,6094.52,27003.17,34370.94,1273.25
2019-06-30,2019,3,GUSTAVO A. MADERO,PROGRESO NACIONAL I,05-232,1859,12336.210000000001,25387.98,39098.15,1373.96
2019-06-30,2019,3,GUSTAVO A. MADERO,PROGRESO NACIONAL II,05-233,1857,8269.24,24014.54,34400.15,2116.37
2019-06-30,2019,3,GUSTAVO A. MADERO,PROVIDENCIA (AMPL),05-143,1787,0.0,18.91,1002.1800000000001,983.27
2019-06-30,2019,3,GUSTAVO A. MADERO,PROVIDENCIA I,05-234,2393,726.42,66.37,1503.24,710.45
2019-06-30,2019,3,GUSTAVO A. MADERO,PROVIDENCIA II,05-235,2061,549.13,159.78,1137.35,428.44
2019-06-30,2019,3,GUSTAVO A. MADERO,PROVIDENCIA III,05-236,2346,425.92,172.57,2134.8,1536.31
2019-06-30,2019,3,GUSTAVO A. MADERO,RESIDENCIAL LA ESCALERA (FRACC),05-145,723,310.74,34331.54,35423.55,781.27
2019-06-30,2019,3,GUSTAVO A. MADERO,RESIDENCIAL ZACATENCO,05-146,1581,4939.66,25942.04,42070.25,11188.55
2019-06-30,2019,3,GUSTAVO A. MADERO,REVOLUCION IMSS (U HAB),05-147,152,0.0,4071.22,4071.22,0.0
2019-06-30,2019,3,GUSTAVO A. MADERO,ROSAS DEL TEPEYAC,05-148,332,210.32,1361.91,2055.86,483.63
2019-06-30,2019,3,GUSTAVO A. MADERO,SALVADOR DIAZ MIRON,05-149,2228,3818.3599999999997,14030.84,19672.12,1822.92
2019-06-30,2019,3,GUSTAVO A. MADERO,SAN ANTONIO,05-150,150,18.62,801.19,819.8100000000001,0.0
2019-06-30,2019,3,GUSTAVO A. MADERO,SAN BARTOLO ATEPEHUACAN (PBLO),05-151,2418,8238.45,27299.36,41347.0,5809.1900000000005
2019-06-30,2019,3,GUSTAVO A. MADERO,SAN FELIPE DE JESUS I,05-237,2940,2939.53,10691.9,13884.39,252.96
2019-06-30,2019,3,GUSTAVO A. MADERO,SAN FELIPE DE JESUS II,05-238,3064,10298.86,25067.37,37866.07,2499.84
2019-06-30,2019,3,GUSTAVO A. MADERO,SAN FELIPE DE JESUS III,05-239,3244,8040.93,21521.76,31275.11,1712.42
2019-06-30,2019,3,GUSTAVO A. MADERO,SAN FELIPE DE JESUS IV,05-240,3444,6064.4800000000005,13209.32,21809.41,2535.61
2019-06-30,2019,3,GUSTAVO A. MADERO,SAN JOSE DE LA ESCALERA,05-153,1201,2373.19,17074.32,22305.76,2858.2499999999995
2019-06-30,2019,3,GUSTAVO A. MADERO,SAN JOSE TICOMAN,05-154,937,40.52,3978.7,4569.25,550.03
2019-06-30,2019,3,GUSTAVO A. MADERO,SAN JUAN DE ARAGON (PBLO),05-156,3015,4037.62,41873.79,54134.16,8222.75
2019-06-30,2019,3,GUSTAVO A. MADERO,SAN JUAN DE ARAGON 1A SECCION (U HAB) I,05-241,2233,1486.98,11778.64,21207.3,7941.680000000001
2019-06-30,2019,3,GUSTAVO A. MADERO,SAN JUAN DE ARAGON 1A SECCION (U HAB) II,05-242,2303,2524.41,15952.64,19625.260000000002,1148.21
2019-06-30,2019,3,GUSTAVO A. MADERO,SAN JUAN DE ARAGON 2A SECCION (U HAB) I,05-243,1964,1728.04,7712.6,10816.44,1375.8
2019-06-30,2019,3,GUSTAVO A. MADERO,SAN JUAN DE ARAGON 2A SECCION (U HAB) II,05-244,1576,409.0,6377.29,7237.43,451.14
2019-06-30,2019,3,GUSTAVO A. MADERO,SAN JUAN DE ARAGON 3A SECCION (U HAB) I,05-159,1450,594.63,11098.23,13380.01,1687.1499999999999
2019-06-30,2019,3,GUSTAVO A. MADERO,SAN JUAN DE ARAGON 3A SECCION (U HAB) II,05-255,1373,1700.97,7924.99,10580.66,954.7
2019-06-30,2019,3,GUSTAVO A. MADERO,SAN JUAN DE ARAGON 4A  Y 5A SECCION (U HAB) I,05-245,2072,771.71,9216.58,11582.68,1594.3899999999999
2019-06-30,2019,3,GUSTAVO A. MADERO,SAN JUAN DE ARAGON 4A  Y 5A SECCION (U HAB) II,05-246,1823,1209.03,9618.210000000001,13030.29,2203.0499999999997
2019-06-30,2019,3,GUSTAVO A. MADERO,SAN JUAN DE ARAGON 6A SECCION (U HAB) I,05-161,1526,542.11,7195.32,9097.24,1359.81
2019-06-30,2019,3,GUSTAVO A. MADERO,SAN JUAN DE ARAGON 6A SECCION (U HAB) II,05-256,1307,741.39,8162.03,10975.64,2072.2200000000003
2019-06-30,2019,3,GUSTAVO A. MADERO,SAN JUAN DE ARAGON 7 SECC (U HAB) I,05-247,1480,139.32,49.41,513.61,324.88
2019-06-30,2019,3,GUSTAVO A. MADERO,SAN JUAN DE ARAGON 7 SECC (U HAB) II,05-248,1506,115.71000000000001,32.94,1612.6,1463.9499999999998
2019-06-30,2019,3,GUSTAVO A. MADERO,SAN JUAN III (U HAB),05-163,1028,0.0,61738.77,66909.45,5170.68
2019-06-30,2019,3,GUSTAVO A. MADERO,SAN JUAN Y GUADALUPE TICOMAN (BARR),05-164,2238,0.0,0.0,534.95,534.95
2019-06-30,2019,3,GUSTAVO A. MADERO,SAN MIGUEL CUAUTEPEC,05-165,279,28.06,0.0,138.83,110.77000000000001
2019-06-30,2019,3,GUSTAVO A. MADERO,SAN MIGUEL-LA ESCALERA (BARR),05-166,454,0.0,1366.48,1498.45,131.97
2019-06-30,2019,3,GUSTAVO A. MADERO,SAN PEDRO EL CHICO,05-167,1406,2516.71,21253.43,25956.66,2186.52
2019-06-30,2019,3,GUSTAVO A. MADERO,SAN PEDRO ZACATENCO (PBLO),05-168,2566,2241.5099999999998,12664.41,15734.210000000001,828.29
2019-06-30,2019,3,GUSTAVO A. MADERO,SAN RAFAEL TICOMAN (BARR),05-169,470,335.03,665.79,5330.1900000000005,4329.37
2019-06-30,2019,3,GUSTAVO A. MADERO,SANTA ISABEL TOLA (PBLO),05-170,4076,7401.38,29666.44,43519.29,6451.47
2019-06-30,2019,3,GUSTAVO A. MADERO,SANTA ROSA,05-171,2481,12010.07,28794.76,44142.8,3337.9700000000003
2019-06-30,2019,3,GUSTAVO A. MADERO,SANTIAGO ATEPETLAC,05-172,1243,2690.9300000000003,11145.26,14189.24,353.05
2019-06-30,2019,3,GUSTAVO A. MADERO,SANTIAGO ATZACOALCO (PBLO),05-174,1592,5060.24,12612.02,20779.79,3107.53
2019-06-30,2019,3,GUSTAVO A. MADERO,SIETE MARAVILLAS,05-176,589,717.74,11966.730000000001,15635.27,2950.8
2019-06-30,2019,3,GUSTAVO A. MADERO,SOLIDARIDAD NACIONAL,05-177,578,788.34,2686.92,6256.99,2781.73
2019-06-30,2019,3,GUSTAVO A. MADERO,TABLAS DE SAN AGUSTIN,05-179,1468,3338.33,17163.65,24107.309999999998,3605.33
2019-06-30,2019,3,GUSTAVO A. MADERO,TEPETATAL,05-180,886,676.26,969.1899999999999,1798.13,152.68
2019-06-30,2019,3,GUSTAVO A. MADERO,TEPEYAC INSURGENTES,05-181,2640,12502.27,35912.01,68054.93000000001,19640.649999999998
2019-06-30,2019,3,GUSTAVO A. MADERO,TLACAMACA,05-183,433,1242.5,4382.77,13209.58,7584.31
2019-06-30,2019,3,GUSTAVO A. MADERO,TLALPEXCO,05-184,3438,42.699999999999996,0.0,229.9,187.2
2019-06-30,2019,3,GUSTAVO A. MADERO,TORRES DE QUIROGA (U HAB),05-185,5785,443.58,62184.31,63343.92,716.03
2019-06-30,2019,3,GUSTAVO A. MADERO,TORRES LINDAVISTA (FRACC),05-188,1105,168.25,22627.23,30633.760000000002,7838.28
2019-06-30,2019,3,GUSTAVO A. MADERO,TRES ESTRELLAS,05-189,1400,3792.79,18017.29,23275.39,1465.31
2019-06-30,2019,3,GUSTAVO A. MADERO,VALLE DE MADERO,05-192,1090,566.92,3783.55,6364.27,2013.8
2019-06-30,2019,3,GUSTAVO A. MADERO,VALLE DEL TEPEYAC,05-193,731,995.77,11643.58,13091.49,452.14
2019-06-30,2019,3,GUSTAVO A. MADERO,VALLEJO I,05-249,3195,6132.3,51077.45,63342.07,6132.32
2019-06-30,2019,3,GUSTAVO A. MADERO,VALLEJO II,05-250,2856,8584.02,41952.6,58838.97,8302.35
2019-06-30,2019,3,GUSTAVO A. MADERO,VALLEJO PONIENTE,05-195,717,1403.02,6777.13,10165.82,1985.67
2019-06-30,2019,3,GUSTAVO A. MADERO,VASCO DE QUIROGA,05-196,2708,6254.91,18806.76,28026.61,2964.94
2019-06-30,2019,3,GUSTAVO A. MADERO,VILLA DE ARAGON,05-213,174,11.25,2012.5,2120.75,97.0
2019-06-30,2019,3,GUSTAVO A. MADERO,VILLA DE ARAGON (FRACC),05-198,1322,1395.59,17161.239999999998,19813.489999999998,1256.6599999999999
2019-06-30,2019,3,GUSTAVO A. MADERO,VILLA GUSTAVO A MADERO,05-199,1065,3260.29,11043.4,29624.350000000002,15320.66
2019-06-30,2019,3,GUSTAVO A. MADERO,VILLA HERMOSA,05-200,352,909.93,4567.4400000000005,6022.13,544.76
2019-06-30,2019,3,GUSTAVO A. MADERO,VISTA HERMOSA,05-202,575,0.0,0.0,174.53,174.53
2019-06-30,2019,3,GUSTAVO A. MADERO,ZONA ESCOLAR I,05-251,1889,6766.93,13188.68,21033.31,1077.7
2019-06-30,2019,3,GUSTAVO A. MADERO,ZONA ESCOLAR II,05-252,2066,6281.83,12673.27,19728.66,773.5600000000001
2019-06-30,2019,3,GUSTAVO A. MADERO,ZONA ESCOLAR ORIENTE,05-205,824,505.72,3510.81,7424.389999999999,3407.86
2019-06-30,2019,3,IZTACALCO,AGRICOLA ORIENTAL I,06-040,5267,10796.13,91944.2,118688.04,15947.71
2019-06-30,2019,3,IZTACALCO,AGRICOLA ORIENTAL II,06-041,3139,7472.08,50357.81,62661.38,4831.49
2019-06-30,2019,3,IZTACALCO,AGRICOLA ORIENTAL III,06-042,3485,10352.91,45975.23,58796.1,2467.96
2019-06-30,2019,3,IZTACALCO,AGRICOLA ORIENTAL IV,06-043,2747,9828.5,46371.59,61568.91,5368.82
2019-06-30,2019,3,IZTACALCO,AGRICOLA ORIENTAL V,06-044,3279,12191.15,54223.6,72036.31,5621.56
2019-06-30,2019,3,IZTACALCO,AGRICOLA ORIENTAL VI,06-045,3830,10443.06,68553.15,81663.56,2667.35
2019-06-30,2019,3,IZTACALCO,AGRICOLA ORIENTAL VII,06-046,2695,6349.82,44090.35,52831.61,2391.44
2019-06-30,2019,3,IZTACALCO,AGRICOLA ORIENTAL VIII,06-047,3090,8254.97,38847.68,49447.61,2344.96
2019-06-30,2019,3,IZTACALCO,AMPLIACION RAMOS MILLAN,06-002,2275,2525.92,16147.14,21797.29,3124.23
2019-06-30,2019,3,IZTACALCO,CAMPAMENTO 2 DE OCTUBRE I,06-048,2259,514.26,4803.13,6060.39,743.0
2019-06-30,2019,3,IZTACALCO,CAMPAMENTO 2 DE OCTUBRE II,06-049,2344,1909.26,8455.09,13291.1,2926.75
2019-06-30,2019,3,IZTACALCO,CARLOS ZAPATA VELA,06-004,2204,1876.0900000000001,16356.93,25862.76,7629.740000000001
2019-06-30,2019,3,IZTACALCO,CUCHILLA AGRICOLA ORIENTAL,06-006,760,2534.23,7802.15,11189.94,853.5600000000001
2019-06-30,2019,3,IZTACALCO,CUCHILLA RAMOS MILLAN,06-007,1233,646.6999999999999,2410.03,4476.71,1419.98
2019-06-30,2019,3,IZTACALCO,EL RODEO,06-008,1563,5335.22,15865.44,22370.87,1170.21
2019-06-30,2019,3,IZTACALCO,EX EJIDOS DE LA MAGDALENA MIXIHUCA,06-009,446,1201.49,7144.77,9696.53,1350.27
2019-06-30,2019,3,IZTACALCO,FRACCIONAMIENTO COYUYA,06-005,779,3.64,17495.48,18010.0,510.88
2019-06-30,2019,3,IZTACALCO,GABRIEL RAMOS MILLAN,06-010,2033,2889.08,12631.62,19189.760000000002,3669.0600000000004
2019-06-30,2019,3,IZTACALCO,GRANJAS MEXICO I,06-050,3003,9456.16,47189.6,129741.29000000001,73095.53
2019-06-30,2019,3,IZTACALCO,GRANJAS MEXICO II,06-051,2772,7270.09,47533.72,94328.62,39524.81
2019-06-30,2019,3,IZTACALCO,INFONAVIT IZTACALCO (U HAB) I,06-052,2576,143.54000000000002,30104.17,36278.67,6030.96
2019-06-30,2019,3,IZTACALCO,INFONAVIT IZTACALCO (U HAB) II,06-053,2274,0.0,5628.52,9730.81,4102.29
2019-06-30,2019,3,IZTACALCO,INPI PICOS,06-013,758,221.53,6272.35,7999.890000000001,1506.01
2019-06-30,2019,3,IZTACALCO,JARDINES TECMA,06-014,488,1234.0800000000002,5496.32,7106.33,375.93
2019-06-30,2019,3,IZTACALCO,JUVENTINO ROSAS I,06-054,2114,4240.01,26110.71,31760.46,1409.7399999999998
2019-06-30,2019,3,IZTACALCO,JUVENTINO ROSAS II,06-055,2013,4388.77,22211.19,29403.89,2803.9300000000003
2019-06-30,2019,3,IZTACALCO,LA ASUNCION,06-016,464,792.73,8631.92,11408.55,1983.9
2019-06-30,2019,3,IZTACALCO,LA CRUZ,06-017,1136,3733.35,16595.94,27276.379999999997,6947.09
2019-06-30,2019,3,IZTACALCO,LOS REYES,06-018,2168,2473.04,26427.28,32039.34,3139.02
2019-06-30,2019,3,IZTACALCO,MILITAR MARTE,06-019,2189,2603.9,25549.98,34849.83,6695.950000000001
2019-06-30,2019,3,IZTACALCO,MOSCO CHINAMPA,06-020,307,302.26,1768.49,2153.71,82.96
2019-06-30,2019,3,IZTACALCO,NUEVA STA ANITA,06-021,792,3779.42,12227.78,20233.5,4226.3
2019-06-30,2019,3,IZTACALCO,PANTITLAN I,06-056,4065,8333.6,70336.51,84705.69,6035.58
2019-06-30,2019,3,IZTACALCO,PANTITLAN II,06-057,3249,9746.77,52725.69,66237.53,3765.07
2019-06-30,2019,3,IZTACALCO,PANTITLAN III,06-058,3327,4014.77,54917.77,65381.64,6449.099999999999
2019-06-30,2019,3,IZTACALCO,PANTITLAN IV,06-059,5587,7788.59,99616.94,115411.25,8005.72
2019-06-30,2019,3,IZTACALCO,PANTITLAN V,06-060,6457,9626.699999999999,111407.93,133943.25,12908.619999999999
2019-06-30,2019,3,IZTACALCO,PICOS IZTACALCO 1-A,06-023,488,0.0,21.29,1216.7700000000002,1195.48
2019-06-30,2019,3,IZTACALCO,PICOS IZTACALCO 1B,06-024,428,69.82,360.08,593.38,163.48
2019-06-30,2019,3,IZTACALCO,PICOS IZTACALCO 2A,06-025,497,67.88,158.03,527.25,301.34
2019-06-30,2019,3,IZTACALCO,RAMOS MILLAN BRAMADERO I,06-061,2122,4254.5,19705.09,29497.52,5537.929999999999
2019-06-30,2019,3,IZTACALCO,RAMOS MILLAN BRAMADERO II,06-062,2294,2793.41,18990.33,22750.13,966.39
2019-06-30,2019,3,IZTACALCO,REFORMA IZTACCIHUATL NORTE,06-027,1873,2331.8,25971.22,31649.24,3346.2200000000003
2019-06-30,2019,3,IZTACALCO,REFORMA IZTACCIHUATL SUR,06-028,1188,2790.67,20270.95,24269.81,1208.1899999999998
2019-06-30,2019,3,IZTACALCO,SAN FCO XICALTONGO,06-029,867,2427.62,10787.52,14084.23,869.09
2019-06-30,2019,3,IZTACALCO,SAN MIGUEL,06-030,1915,2958.66,22623.6,28333.89,2751.63
2019-06-30,2019,3,IZTACALCO,SAN PEDRO IZTACALCO,06-031,1649,5300.65,24214.66,32080.28,2564.97
2019-06-30,2019,3,IZTACALCO,SANTA ANITA,06-032,3350,8973.3,54551.59,79676.74,16151.849999999999
2019-06-30,2019,3,IZTACALCO,SANTA CRUZ,06-033,488,1057.63,7531.889999999999,8946.4,356.88
2019-06-30,2019,3,IZTACALCO,SANTIAGO NORTE,06-034,1220,2530.6,17849.34,21649.34,1269.3999999999999
2019-06-30,2019,3,IZTACALCO,SANTIAGO SUR,06-035,2379,1968.37,24591.76,30633.52,4073.39
2019-06-30,2019,3,IZTACALCO,TLACOTAL RAMOS MILLAN,06-036,2166,2246.86,16434.239999999998,19887.81,1206.71
2019-06-30,2019,3,IZTACALCO,TLAZINTLA,06-037,754,984.12,10440.119999999999,12274.94,850.6999999999999
2019-06-30,2019,3,IZTACALCO,VIADUCTO PIEDAD,06-038,3729,15049.75,57977.41,81673.84,8646.68
2019-06-30,2019,3,IZTACALCO,ZAPOTLA,06-039,1143,879.37,31665.08,35086.43,2541.98
2019-06-30,2019,3,IZTAPALAPA,12 DE DICIEMBRE,07-253,815,908.99,5011.36,6464.55,544.1999999999999
2019-06-30,2019,3,IZTAPALAPA,1A AMPLIACION SANTIAGO ACAHUALTEPEC,07-254,1870,77.06,17.69,630.34,535.59
2019-06-30,2019,3,IZTAPALAPA,2A AMPLIACION SANTIAGO ACAHUALTEPEC I,07-308,2221,22.58,54.3,797.78,720.9
2019-06-30,2019,3,IZTAPALAPA,2A AMPLIACION SANTIAGO ACAHUALTEPEC II,07-309,3985,29.28,0.0,1172.01,1142.73
2019-06-30,2019,3,IZTAPALAPA,8A DE SAN MIGUEL (AMPL),07-256,529,612.39,2069.13,7222.209999999999,4540.69
2019-06-30,2019,3,IZTAPALAPA,ACULCO (PBLO),07-001,1616,2676.66,18393.55,22279.64,1209.43
2019-06-30,2019,3,IZTAPALAPA,ALVARO OBREGON,07-005,1289,0.0,0.0,829.58,829.58
2019-06-30,2019,3,IZTAPALAPA,ALVARO OBREGON_(FRACC),07-006,1694,0.0,17.69,9071.92,9054.23
2019-06-30,2019,3,IZTAPALAPA,ANTORCHA POPULAR I (U HAB),07-008,206,0.0,9292.17,9976.59,684.42
2019-06-30,2019,3,IZTAPALAPA,AO DE JUAREZ,07-007,937,18.92,99.44,739.78,621.42
2019-06-30,2019,3,IZTAPALAPA,APATLACO,07-009,2682,3541.14,20815.86,26539.66,2182.66
2019-06-30,2019,3,IZTAPALAPA,ARBOLEDAS,07-010,619,32.48,2.16,61.04,26.4
2019-06-30,2019,3,IZTAPALAPA,BANJIDAL,07-012,1221,2327.62,19724.14,25403.0,3351.24
2019-06-30,2019,3,IZTAPALAPA,BELLAVISTA (U HAB),07-014,1322,407.69000000000005,5050.32,6180.8,722.79
2019-06-30,2019,3,IZTAPALAPA,BENITO JUAREZ,07-015,363,549.9300000000001,2059.63,3614.88,1005.32
2019-06-30,2019,3,IZTAPALAPA,BUENAVISTA I,07-258,3174,0.0,0.0,289.83,289.83
2019-06-30,2019,3,IZTAPALAPA,BUENAVISTA II,07-259,3777,0.0,0.0,1.58,1.58
2019-06-30,2019,3,IZTAPALAPA,CABEZA DE JUAREZ I (U HAB),07-017,281,0.0,11924.67,12041.18,116.51
2019-06-30,2019,3,IZTAPALAPA,CACAMA,07-020,597,2257.36,24605.53,30383.879999999997,3520.9900000000002
2019-06-30,2019,3,IZTAPALAPA,CAMPESTRE POTRERO,07-021,4015,0.0,0.0,167.76,167.76
2019-06-30,2019,3,IZTAPALAPA,CANANEA (U HAB),07-022,1367,0.0,0.0,305.0,305.0
2019-06-30,2019,3,IZTAPALAPA,CARLOS HANK GONZALEZ,07-023,3150,1444.36,9049.43,10931.43,437.64
2019-06-30,2019,3,IZTAPALAPA,CARMEN SERDAN ( U HAB),07-024,435,11.96,0.0,11.96,0.0
2019-06-30,2019,3,IZTAPALAPA,CASA BLANCA,07-025,1227,1115.42,9070.54,11040.8,854.8399999999999
2019-06-30,2019,3,IZTAPALAPA,CERRO DE LA ESTRELLA I,07-260,3358,2657.76,23752.74,29396.260000000002,2985.76
2019-06-30,2019,3,IZTAPALAPA,CERRO DE LA ESTRELLA II,07-261,2868,4142.77,27847.28,34723.93,2733.88
2019-06-30,2019,3,IZTAPALAPA,CHINAMPAC DE JUAREZ II,07-263,4440,0.0,0.0,453.84,453.84
2019-06-30,2019,3,IZTAPALAPA,CHINAMPAC DE JUAREZ III,07-320,2524,0.0,24800.74,25257.63,456.89
2019-06-30,2019,3,IZTAPALAPA,CHINAMPAS DE SANTA MA TOMATLAN,07-029,389,222.62,3625.89,3848.51,0.0
2019-06-30,2019,3,IZTAPALAPA,CITLALLI,07-030,4000,62.22,0.0,892.88,830.66
2019-06-30,2019,3,IZTAPALAPA,COLONIAL IZTAPALAPA (FRACC),07-031,1440,148.64000000000001,2841.91,3084.3,93.75
2019-06-30,2019,3,IZTAPALAPA,CONCORDIA ZARAGOZA (U HAB),07-032,999,0.0,19970.36,19970.36,0.0
2019-06-30,2019,3,IZTAPALAPA,CONSEJO AGRARISTA MEXICANO I,07-264,4172,2920.2,13345.82,16510.98,244.96
2019-06-30,2019,3,IZTAPALAPA,CONSEJO AGRARISTA MEXICANO II,07-265,3515,3356.27,24002.0,28299.809999999998,941.5400000000001
2019-06-30,2019,3,IZTAPALAPA,CONSTITUCION DE 1917 I,07-266,2642,2691.21,11827.18,15729.92,1211.53
2019-06-30,2019,3,IZTAPALAPA,CONSTITUCION DE 1917 II,07-267,1598,3296.48,10990.45,18050.02,3763.09
2019-06-30,2019,3,IZTAPALAPA,CUCHILLAS DEL MORAL (U HAB),07-035,1155,0.0,16267.21,20152.260000000002,3885.0499999999997
2019-06-30,2019,3,IZTAPALAPA,CUITLAHUAC (U HAB),07-036,646,0.0,12.81,273.19,260.38
2019-06-30,2019,3,IZTAPALAPA,CULHUACAN (PBLO),07-037,1536,1900.09,7934.9800000000005,12563.49,2728.4199999999996
2019-06-30,2019,3,IZTAPALAPA,DEGOLLADO,07-038,856,156.19,923.51,1090.42,10.719999999999999
2019-06-30,2019,3,IZTAPALAPA,DESARROLLO URBANO QUETZALCOATL  I,07-268,4061,1602.01,10543.05,13004.53,859.47
2019-06-30,2019,3,IZTAPALAPA,DESARROLLO URBANO QUETZALCOATL  II,07-269,4228,2907.4500000000003,12107.79,15465.64,450.40000000000003
2019-06-30,2019,3,IZTAPALAPA,DESARROLLO URBANO QUETZALCOATL  III,07-270,5334,2202.12,11110.94,13893.449999999999,580.39
2019-06-30,2019,3,IZTAPALAPA,DR ALFONSO ORTIZ TIRADO,07-041,1091,2687.4,9638.92,19629.19,7302.87
2019-06-30,2019,3,IZTAPALAPA,EJERCITO DE AGUA PRIETA,07-042,2055,619.99,13741.599999999999,15979.59,1618.0
2019-06-30,2019,3,IZTAPALAPA,EJERCITO DE ORIENTE (U HAB) I,07-271,2033,0.0,1359.79,2021.3999999999999,661.61
2019-06-30,2019,3,IZTAPALAPA,EJERCITO DE ORIENTE (U HAB) II,07-272,2563,0.0,4346.8,5943.11,1596.31
2019-06-30,2019,3,IZTAPALAPA,EJTO CONSTITUCIONALISTA,07-044,1959,0.0,25618.14,62449.86,36831.72
2019-06-30,2019,3,IZTAPALAPA,"EJTO CONSTITUCIONALISTA, SUPERMANZANA I ( U HAB)",07-046,2054,0.0,0.0,510.29,510.29
2019-06-30,2019,3,IZTAPALAPA,"EJTO CONSTITUCIONALISTA, SUPERMANZANA II ( U HAB)",07-047,1591,0.0,5601.68,9870.69,4269.01
2019-06-30,2019,3,IZTAPALAPA,EJTO DE OTE II (U HAB),07-049,2100,194.4,3126.0,25756.920000000002,22436.52
2019-06-30,2019,3,IZTAPALAPA,EL EDEN,07-050,367,33.18,1.83,172.72,137.71
2019-06-30,2019,3,IZTAPALAPA,EL MANTO,07-051,3360,64.19,35.38,1854.93,1755.36
2019-06-30,2019,3,IZTAPALAPA,EL MANTO PLAN DE IGUALA,07-052,596,245.3,1176.66,2018.0900000000001,596.13
2019-06-30,2019,3,IZTAPALAPA,EL MIRADOR,07-053,1591,52.480000000000004,9271.16,9474.41,150.77
2019-06-30,2019,3,IZTAPALAPA,EL MOLINO,07-054,1854,100.78,0.0,1519.8,1419.0199999999998
2019-06-30,2019,3,IZTAPALAPA,EL MOLINO_,07-055,291,217.8,1355.16,1743.1799999999998,170.22
2019-06-30,2019,3,IZTAPALAPA,EL PRADO,07-056,791,1659.73,15466.21,18407.33,1281.39
2019-06-30,2019,3,IZTAPALAPA,EL RETOO,07-057,2499,2331.71,28585.95,33266.31,2348.65
2019-06-30,2019,3,IZTAPALAPA,EL RODEO,07-058,736,884.44,4684.280000000001,6967.21,1398.49
2019-06-30,2019,3,IZTAPALAPA,EL ROSARIO,07-059,1708,969.63,3754.42,5377.2300000000005,653.18
2019-06-30,2019,3,IZTAPALAPA,EL SANTUARIO,07-060,1784,661.48,4039.9900000000002,6148.96,1447.49
2019-06-30,2019,3,IZTAPALAPA,EL SANTUARIO (AMPL),07-061,1190,343.44,3940.2200000000003,4632.71,349.05
2019-06-30,2019,3,IZTAPALAPA,EL SIFON,07-062,3199,2166.87,25804.8,29679.08,1707.41
2019-06-30,2019,3,IZTAPALAPA,EL TRIANGULO,07-063,1740,771.96,1745.1399999999999,2524.42,7.32
2019-06-30,2019,3,IZTAPALAPA,EL TRIUNFO,07-064,855,1669.88,9016.6,13756.22,3069.74
2019-06-30,2019,3,IZTAPALAPA,EL TRIUNFO (AMPL),07-065,1819,696.74,13803.77,14839.97,339.46000000000004
2019-06-30,2019,3,IZTAPALAPA,EL VERGEL,07-066,1457,2485.62,15969.89,21225.14,2769.6299999999997
2019-06-30,2019,3,IZTAPALAPA,EL VERGEL TRIANGULO DE LAS AGUJAS I (U HAB),07-067,361,317.84,7074.36,7641.54,249.34
2019-06-30,2019,3,IZTAPALAPA,EMILIANO ZAPATA (AMPL),07-069,2578,0.0,0.0,286.09000000000003,286.09000000000003
2019-06-30,2019,3,IZTAPALAPA,ERMITA ZARAGOZA (U HAB) I,07-273,2704,0.0,56.73,598.99,542.26
2019-06-30,2019,3,IZTAPALAPA,ERMITA ZARAGOZA (U HAB) II,07-274,2884,0.0,0.0,8512.11,8512.11
2019-06-30,2019,3,IZTAPALAPA,ESCUADRON 201,07-071,3852,13654.54,48494.54,67459.27,5310.19
2019-06-30,2019,3,IZTAPALAPA,ESTRELLA CULHUACAN,07-073,593,767.28,2114.74,2982.17,100.15
2019-06-30,2019,3,IZTAPALAPA,ESTRELLA DEL SUR,07-074,2152,1055.45,9573.02,10996.39,367.92
2019-06-30,2019,3,IZTAPALAPA,FRANCISCO VILLA,07-076,2836,84.06,30.5,875.3299999999999,760.77
2019-06-30,2019,3,IZTAPALAPA,FUEGO NUEVO,07-077,3704,167.16000000000003,129.32,1142.34,845.8599999999999
2019-06-30,2019,3,IZTAPALAPA,FUERTE DE LORETO - LA ANTENA (U HAB),07-079,2734,0.0,5447.35,6008.549999999999,561.2
2019-06-30,2019,3,IZTAPALAPA,GAMA GAVILAN (U HAB),07-080,366,0.0,79.3,1986.37,1907.07
2019-06-30,2019,3,IZTAPALAPA,GRANJAS ESMERALDA,07-082,775,1884.3799999999999,11718.67,39527.29,25924.24
2019-06-30,2019,3,IZTAPALAPA,GRANJAS ESTRELLA I,07-083,1744,184.89,11193.630000000001,30764.48,19385.96
2019-06-30,2019,3,IZTAPALAPA,GRANJAS ESTRELLA II,07-084,382,99.4,143.55,242.95,0.0
2019-06-30,2019,3,IZTAPALAPA,GRANJAS SAN ANTONIO,07-086,1081,1120.8,14045.51,42991.87,27825.56
2019-06-30,2019,3,IZTAPALAPA,GUADALUPE (BARR),07-087,625,2900.85,1975.89,5716.64,839.9
2019-06-30,2019,3,IZTAPALAPA,GUADALUPE DEL MORAL,07-088,2711,165.63,101.65,5725.33,5458.05
2019-06-30,2019,3,IZTAPALAPA,HEROES DE CHURUBUSCO,07-091,1992,6432.67,28223.17,37232.06,2576.22
2019-06-30,2019,3,IZTAPALAPA,HUASIPUNGO (U HAB),07-092,163,0.0,1319.09,1349.59,30.5
2019-06-30,2019,3,IZTAPALAPA,IGNACIO ZARAGOZA (U HAB),07-094,464,0.0,12202.74,13308.59,1105.85
2019-06-30,2019,3,IZTAPALAPA,INSURGENTES,07-095,1613,238.72,162.33,745.2,344.15
2019-06-30,2019,3,IZTAPALAPA,IXTLAHUACAN,07-096,4840,22.58,1.46,938.73,914.69
2019-06-30,2019,3,IZTAPALAPA,JACARANDAS,07-097,2367,56.12,155.9,3119.13,2907.11
2019-06-30,2019,3,IZTAPALAPA,JARDINES DE CHURUBUSCO,07-098,502,207.64,2637.24,2964.66,119.77999999999999
2019-06-30,2019,3,IZTAPALAPA,JARDINES DE SAN LORENZO,07-099,1946,0.0,453.14000000000004,539.06,85.92
2019-06-30,2019,3,IZTAPALAPA,JOSE LOPEZ PORTILLO I,07-275,3481,4843.01,17367.53,23184.4,973.86
2019-06-30,2019,3,IZTAPALAPA,JOSE LOPEZ PORTILLO II,07-276,2884,6293.06,14590.36,22556.54,1673.12
2019-06-30,2019,3,IZTAPALAPA,JOSE MA MORELOS Y PAVON (U HAB),07-101,465,0.0,0.0,0.0,0.0
2019-06-30,2019,3,IZTAPALAPA,JUAN ESCUTIA I,07-277,2729,9239.58,36048.95,52536.68,7248.15
2019-06-30,2019,3,IZTAPALAPA,JUAN ESCUTIA II,07-278,2074,6890.13,22226.99,37198.62,8081.5
2019-06-30,2019,3,IZTAPALAPA,JUAN ESCUTIA III,07-313,2104,6556.09,16826.7,24939.95,1557.16
2019-06-30,2019,3,IZTAPALAPA,JUSTO SIERRA,07-103,371,673.8,4402.22,5893.26,817.24
2019-06-30,2019,3,IZTAPALAPA,LA ASUNCION (BARR),07-104,1070,715.66,106.76,1145.81,323.39
2019-06-30,2019,3,IZTAPALAPA,LA COLMENA,07-105,975,0.0,0.0,2039.44,2039.44
2019-06-30,2019,3,IZTAPALAPA,LA ERA,07-106,1952,115.32,50.56,1219.73,1053.8500000000001
2019-06-30,2019,3,IZTAPALAPA,LA ESPERANZA,07-107,379,794.21,1989.0100000000002,3016.58,233.35999999999999
2019-06-30,2019,3,IZTAPALAPA,LA ESTACION,07-108,541,166.52,570.85,737.37,0.0
2019-06-30,2019,3,IZTAPALAPA,LA NUEVA ROSITA,07-112,923,1109.21,4655.07,6347.67,583.39
2019-06-30,2019,3,IZTAPALAPA,LA PLANTA,07-113,1639,0.0,39.04,184.44,145.4
2019-06-30,2019,3,IZTAPALAPA,LA POLVORILLA,07-114,1104,1336.99,4195.73,5562.22,29.5
2019-06-30,2019,3,IZTAPALAPA,LA REGADERA,07-116,205,0.0,767.21,773.31,6.1
2019-06-30,2019,3,IZTAPALAPA,LAS PEAS I,07-118,3265,971.02,8675.1,9944.4,298.28
2019-06-30,2019,3,IZTAPALAPA,LAS PEAS II,07-314,443,799.83,1990.23,3877.06,1087.0
2019-06-30,2019,3,IZTAPALAPA,LEYES DE REFORMA 1A SECCION,07-119,2114,66.68,80.58,6685.79,6538.530000000001
2019-06-30,2019,3,IZTAPALAPA,LEYES DE REFORMA 2A SECCION,07-120,1425,0.0,986.07,25260.789999999997,24274.719999999998
2019-06-30,2019,3,IZTAPALAPA,LEYES DE REFORMA 3A SECCION I,07-279,4503,742.46,404.8,7879.04,6731.78
2019-06-30,2019,3,IZTAPALAPA,LEYES DE REFORMA 3A SECCION II,07-280,3518,163.6,97.38,3697.06,3436.08
2019-06-30,2019,3,IZTAPALAPA,LOMAS DE LA ESTANCIA I,07-281,2072,0.0,0.0,23.79,23.79
2019-06-30,2019,3,IZTAPALAPA,LOMAS DE LA ESTANCIA II,07-282,3972,0.0,20159.64,21940.66,1781.02
2019-06-30,2019,3,IZTAPALAPA,LOMAS DE SAN LORENZO I,07-283,3898,5091.8,19741.84,25489.14,655.5
2019-06-30,2019,3,IZTAPALAPA,LOMAS DE SAN LORENZO II,07-284,104459,9542.48,33307.479999999996,48624.87,5774.91
2019-06-30,2019,3,IZTAPALAPA,LOMAS DE SANTA CRUZ MEYEHUALCO,07-124,1645,6.72,0.0,23.189999999999998,16.47
2019-06-30,2019,3,IZTAPALAPA,LOMAS DE ZARAGOZA,07-125,4834,101.88,0.0,1247.43,1145.55
2019-06-30,2019,3,IZTAPALAPA,LOMAS ESTRELLA 1A SECC (FRACC),07-128,861,490.53999999999996,10001.55,12063.75,1571.6599999999999
2019-06-30,2019,3,IZTAPALAPA,LOMAS ESTRELLA 2A SECC I,07-285,3375,1043.26,42484.490000000005,49797.95,6270.2
2019-06-30,2019,3,IZTAPALAPA,LOMAS ESTRELLA 2A SECC II,07-286,4123,1849.28,50862.29,55866.98,3155.41
2019-06-30,2019,3,IZTAPALAPA,LOS ANGELES,07-130,3907,126.02,185.44,2817.4,2505.94
2019-06-30,2019,3,IZTAPALAPA,LOS ANGELES APANOAYA,07-131,1257,0.0,1.83,1022.32,1020.49
2019-06-30,2019,3,IZTAPALAPA,LOS CIPRESES,07-132,766,2983.54,8023.9,12558.5,1551.06
2019-06-30,2019,3,IZTAPALAPA,LOS PICOS VI B,07-133,689,516.09,1250.55,1858.83,92.19
2019-06-30,2019,3,IZTAPALAPA,LOS REYES (AMPL),07-134,2035,1687.0900000000001,6808.58,11274.53,2778.86
2019-06-30,2019,3,IZTAPALAPA,LOS REYES (PBLO),07-135,1827,3268.57,16626.67,21449.32,1554.08
2019-06-30,2019,3,IZTAPALAPA,M MAZA DE JUAREZ (U HAB),07-136,777,0.0,138.91,645.33,506.42
2019-06-30,2019,3,IZTAPALAPA,MAGDALENA ATLAZOLPA (PBLO),07-137,1794,1868.06,8449.58,11508.04,1190.4
2019-06-30,2019,3,IZTAPALAPA,MEXICALTZINGO (PBLO),07-138,326,1084.13,4660.05,7411.92,1667.74
2019-06-30,2019,3,IZTAPALAPA,MIGUEL DE LA MADRID HURTADO,07-139,4172,8.55,0.0,434.94000000000005,426.39
2019-06-30,2019,3,IZTAPALAPA,MINERVA,07-141,474,2366.42,5794.17,8633.68,473.09000000000003
2019-06-30,2019,3,IZTAPALAPA,MIRASOLES (U HAB),07-142,2902,0.0,61870.55,65160.05,3289.5
2019-06-30,2019,3,IZTAPALAPA,MIRAVALLE,07-143,3510,41.5,0.0,287.03999999999996,245.54
2019-06-30,2019,3,IZTAPALAPA,MIXCOATL,07-144,1789,220.56,2700.83,3808.41,887.0200000000001
2019-06-30,2019,3,IZTAPALAPA,MODELO (U),07-145,1980,1101.25,21785.79,24154.36,1267.32
2019-06-30,2019,3,IZTAPALAPA,MONTE ALBAN,07-146,355,0.0,0.0,0.0,0.0
2019-06-30,2019,3,IZTAPALAPA,NORMA ISSSTE (U HAB),07-149,647,0.0,74.76,4413.0,4338.24
2019-06-30,2019,3,IZTAPALAPA,PALMITAS,07-151,2677,76.25,0.0,503.24999999999994,426.99999999999994
2019-06-30,2019,3,IZTAPALAPA,PARAISO,07-152,1969,61.0,0.0,1969.56,1908.56
2019-06-30,2019,3,IZTAPALAPA,PARAJE SAN JUAN,07-154,2838,142.72,81.64,1147.61,923.25
2019-06-30,2019,3,IZTAPALAPA,PARAJE ZACATEPEC,07-155,2703,213.1,35.99,966.3,717.21
2019-06-30,2019,3,IZTAPALAPA,PARAJES BUENAVISTA (TETECON),07-156,2239,0.0,0.0,28.669999999999998,28.669999999999998
2019-06-30,2019,3,IZTAPALAPA,PASEOS DE CHURUBUSCO,07-157,3579,1311.8,27752.64,49003.16,19938.72
2019-06-30,2019,3,IZTAPALAPA,POLVORILLA (AMPL),07-115,1413,0.0,0.0,41.48,41.48
2019-06-30,2019,3,IZTAPALAPA,PRESIDENTES DE MEXICO,07-162,4419,57.92,300.66999999999996,1468.3600000000001,1109.77
2019-06-30,2019,3,IZTAPALAPA,PRIVADA GAVILAN (U HAB),07-163,638,0.0,74.42,105.53,31.11
2019-06-30,2019,3,IZTAPALAPA,PROGRESISTA,07-164,2783,4905.22,14875.66,26257.010000000002,6476.13
2019-06-30,2019,3,IZTAPALAPA,PROGRESO DEL SUR,07-165,637,1503.23,7364.77,13276.99,4408.99
2019-06-30,2019,3,IZTAPALAPA,PUENTE BLANCO,07-166,2200,78.71,70.32000000000001,795.7,646.67
2019-06-30,2019,3,IZTAPALAPA,PURISIMA ATLAZOLPA,07-167,631,952.6899999999999,2964.09,3990.58,73.8
2019-06-30,2019,3,IZTAPALAPA,PURISIMA I,07-168,272,53.54,1249.99,1338.91,35.38
2019-06-30,2019,3,IZTAPALAPA,REAL DEL MORAL (FRACC),07-169,1196,323.75,3555.8,4285.31,405.76
2019-06-30,2019,3,IZTAPALAPA,REFORMA POLITICA I,07-287,1723,0.0,0.0,61.61,61.61
2019-06-30,2019,3,IZTAPALAPA,REFORMA POLITICA II,07-288,2548,0.0,7.32,891.1099999999999,883.79
2019-06-30,2019,3,IZTAPALAPA,RENOVACION,07-171,3619,1607.68,10907.56,17218.8,4703.5599999999995
2019-06-30,2019,3,IZTAPALAPA,RICARDO FLORES MAGON,07-172,492,1195.8200000000002,4036.57,5394.44,162.04999999999998
2019-06-30,2019,3,IZTAPALAPA,RICARDO FLORES MAGON (AMPL),07-173,841,1328.5,9630.220000000001,12565.380000000001,1606.6599999999999
2019-06-30,2019,3,IZTAPALAPA,RINCONADA EL MOLINO,07-174,495,0.0,0.0,0.0,0.0
2019-06-30,2019,3,IZTAPALAPA,SAN ANDRES TETEPILCO (PBLO),07-175,4099,9194.56,59956.729999999996,74630.31,5479.02
2019-06-30,2019,3,IZTAPALAPA,SAN ANDRES TOMATLAN (PBLO),07-176,1351,2451.84,7760.7,12602.53,2389.99
2019-06-30,2019,3,IZTAPALAPA,SAN ANTONIO (BARR),07-177,3941,626.7,46.89,5219.77,4546.18
2019-06-30,2019,3,IZTAPALAPA,SAN ANTONIO CULHUACAN (BARR),07-178,1795,3746.06,9971.4,14874.41,1156.95
2019-06-30,2019,3,IZTAPALAPA,SAN FRANCISCO APOLOCALCO,07-179,1406,0.0,0.0,0.0,0.0
2019-06-30,2019,3,IZTAPALAPA,SAN IGNACIO (BARR),07-180,2258,290.93,213.63,1873.9900000000002,1369.43
2019-06-30,2019,3,IZTAPALAPA,SAN JOSE (BARR),07-181,929,35.94,109.63,43503.54,43357.97
2019-06-30,2019,3,IZTAPALAPA,SAN JOSE ACULCO,07-182,2411,1960.03,7556.11,10048.03,531.89
2019-06-30,2019,3,IZTAPALAPA,SAN JOSE BUENAVISTA,07-183,1172,0.0,0.0,35.51,35.51
2019-06-30,2019,3,IZTAPALAPA,SAN JUAN 2A AMPLIACIN (PJE),07-184,943,66.91,27.450000000000003,273.6,179.24
2019-06-30,2019,3,IZTAPALAPA,SAN JUAN CERRO (PJE),07-185,1449,0.0,33.55,588.95,555.4
2019-06-30,2019,3,IZTAPALAPA,SAN JUAN JOYA (PJE),07-186,1063,2042.34,6826.49,9050.130000000001,181.3
2019-06-30,2019,3,IZTAPALAPA,SAN JUAN XALPA I,07-289,3931,2438.4700000000003,33980.69,37338.630000000005,919.47
2019-06-30,2019,3,IZTAPALAPA,SAN JUAN XALPA II,07-290,4567,3747.1,23143.2,33596.18,6705.88
2019-06-30,2019,3,IZTAPALAPA,SAN JUANICO NEXTIPAC (PBLO),07-188,987,2326.42,5748.1900000000005,9425.95,1351.34
2019-06-30,2019,3,IZTAPALAPA,SAN LORENZO TEZONCO (BARR),07-190,930,84.19,15.25,361.59999999999997,262.16
2019-06-30,2019,3,IZTAPALAPA,SAN LORENZO TEZONCO (PBLO),07-191,2141,2711.21,3411.82,20445.22,14322.19
2019-06-30,2019,3,IZTAPALAPA,SAN LORENZO XICOTENCATL (PBLO),07-194,1275,3647.33,12367.6,18710.84,2695.91
2019-06-30,2019,3,IZTAPALAPA,SAN LUCAS (BARR),07-195,1940,226.13,422.25,3888.09,3239.71
2019-06-30,2019,3,IZTAPALAPA,SAN MIGUEL (BARR),07-196,5981,80.53,243.63,12592.12,12267.960000000001
2019-06-30,2019,3,IZTAPALAPA,SAN MIGUEL TEOTONGO I,07-291,3488,0.0,0.0,692.24,692.24
2019-06-30,2019,3,IZTAPALAPA,SAN MIGUEL TEOTONGO II,07-292,4703,44.54,0.0,1083.19,1038.6499999999999
2019-06-30,2019,3,IZTAPALAPA,SAN MIGUEL TEOTONGO III,07-293,3781,0.0,0.0,866.1899999999999,866.1899999999999
2019-06-30,2019,3,IZTAPALAPA,SAN MIGUEL TEOTONGO IV,07-294,2456,0.0,0.0,575.8399999999999,575.8399999999999
2019-06-30,2019,3,IZTAPALAPA,SAN NICOLAS TOLENTINO I,07-198,1700,78.13,10690.94,13449.759999999998,2680.69
2019-06-30,2019,3,IZTAPALAPA,SAN NICOLAS TOLENTINO II,07-199,2589,201.84,22253.35,23048.97,593.78
2019-06-30,2019,3,IZTAPALAPA,SAN PABLO (BARR),07-200,1135,415.67,295.87,4007.91,3296.37
2019-06-30,2019,3,IZTAPALAPA,"SAN PABLO I, II Y V-LOMAS DEL PARAISO",07-201,1709,0.0,0.0,130.95,130.95
2019-06-30,2019,3,IZTAPALAPA,SAN PEDRO (BARR),07-202,1383,145.25,191.29000000000002,7006.67,6670.13
2019-06-30,2019,3,IZTAPALAPA,SAN SEBASTIAN TECOLOXTITLAN (PBLO),07-203,2542,56.74,49.2,1228.72,1122.78
2019-06-30,2019,3,IZTAPALAPA,SAN SIMON CULHUACAN (BARR),07-204,1247,1522.29,10458.89,13977.45,1996.27
2019-06-30,2019,3,IZTAPALAPA,SANTA BARBARA (BARR) I,07-205,3142,421.71,367.71000000000004,3021.67,2232.25
2019-06-30,2019,3,IZTAPALAPA,SANTA BARBARA (BARR) II,07-316,1247,193.54,95.33000000000001,937.84,648.97
2019-06-30,2019,3,IZTAPALAPA,SANTA CRUZ MEYEHUALCO (PBLO),07-206,3453,61.0,59.78,1668.45,1547.67
2019-06-30,2019,3,IZTAPALAPA,SANTA CRUZ MEYEHUALCO (U HAB) I,07-295,2627,152.4,73.61,2212.63,1986.62
2019-06-30,2019,3,IZTAPALAPA,SANTA CRUZ MEYEHUALCO (U HAB) II,07-296,1899,46.36,67.71000000000001,2780.38,2666.31
2019-06-30,2019,3,IZTAPALAPA,SANTA MARIA AZTAHUACAN (EJ) I,07-297,4602,37.84,99.03999999999999,9962.9,9826.02
2019-06-30,2019,3,IZTAPALAPA,SANTA MARIA AZTAHUACAN (EJ) II,07-298,3744,5054.75,12145.42,24521.14,7320.97
2019-06-30,2019,3,IZTAPALAPA,SANTA MARIA AZTAHUACAN (U HAB),07-317,651,0.0,0.0,1199.83,1199.83
2019-06-30,2019,3,IZTAPALAPA,SANTA MARIA DEL MONTE,07-211,360,0.0,0.0,0.0,0.0
2019-06-30,2019,3,IZTAPALAPA,SANTA MARIA TOMATLAN,07-212,640,1530.97,4147.55,5914.67,236.15
2019-06-30,2019,3,IZTAPALAPA,SANTA MARIA TOMATLAN (AMPL),07-213,540,36.57,1400.04,1502.48,65.87
2019-06-30,2019,3,IZTAPALAPA,SANTA MARIA TOMATLAN (PBLO),07-214,1271,2305.19,6254.65,9089.960000000001,530.12
2019-06-30,2019,3,IZTAPALAPA,SANTA MARTHA ACATITLA,07-215,3886,11237.97,27971.72,44549.88,5340.19
2019-06-30,2019,3,IZTAPALAPA,SANTA MARTHA ACATITLA SUR (AMPL),07-216,1510,2756.49,9074.16,12119.13,288.48
2019-06-30,2019,3,IZTAPALAPA,SANTA MARTHA ACATITLA_(PBLO),07-217,102844,21.09,26.4,74900.11,74852.62
2019-06-30,2019,3,IZTAPALAPA,SANTIAGO ACAHUALTEPEC (PBLO),07-219,1936,113.39999999999999,0.0,934.01,820.61
2019-06-30,2019,3,IZTAPALAPA,SECTOR POPULAR,07-220,3075,8440.49,37841.94,51431.7,5149.2699999999995
2019-06-30,2019,3,IZTAPALAPA,SIDERAL,07-221,614,0.0,21.96,175.76,153.8
2019-06-30,2019,3,IZTAPALAPA,SIERRA DEL VALLE,07-222,231,27.46,0.0,341.0,313.54
2019-06-30,2019,3,IZTAPALAPA,SINATEL,07-223,830,2149.51,16938.67,20778.97,1690.79
2019-06-30,2019,3,IZTAPALAPA,SINATEL (AMPL),07-224,851,309.86,9476.92,12348.8,2562.02
2019-06-30,2019,3,IZTAPALAPA,SOLIDARIDAD EL SALADO (U HAB),07-225,3002,0.0,0.0,1210.74,1210.74
2019-06-30,2019,3,IZTAPALAPA,STA ISABEL INDUSTRIAL,07-226,520,633.54,3264.06,17490.89,13593.289999999999
2019-06-30,2019,3,IZTAPALAPA,STA MA AZTAHUACAN (PBLO),07-227,3503,66.5,0.0,907.2,840.7
2019-06-30,2019,3,IZTAPALAPA,STA MARTHA ACATITLA NTE (AMPL) I,07-299,2089,3664.42,8261.29,17640.47,5714.76
2019-06-30,2019,3,IZTAPALAPA,STA MARTHA ACATITLA NTE (AMPL) II,07-300,2476,4081.76,10524.06,15783.35,1177.53
2019-06-30,2019,3,IZTAPALAPA,TENORIOS,07-229,3385,0.0,0.0,346.95,346.95
2019-06-30,2019,3,IZTAPALAPA,TENORIOS (AMPL),07-318,1346,0.0,0.0,7.93,7.93
2019-06-30,2019,3,IZTAPALAPA,TEPALCATES I,07-301,3383,5326.83,56389.799999999996,67377.13,5660.5
2019-06-30,2019,3,IZTAPALAPA,TEPALCATES II,07-302,2035,3747.99,29561.09,36540.39,3231.31
2019-06-30,2019,3,IZTAPALAPA,TEXCOCO EL SALADO,07-231,139,54.98,1891.2,2369.46,423.28
2019-06-30,2019,3,IZTAPALAPA,TULA (BARR),07-234,257,287.72,3076.26,4357.34,993.36
2019-06-30,2019,3,IZTAPALAPA,USCOVI (U HAB),07-235,320,0.0,0.0,0.0,0.0
2019-06-30,2019,3,IZTAPALAPA,VALLE DE LUCES (U HAB),07-236,1360,0.0,0.0,677.71,677.71
2019-06-30,2019,3,IZTAPALAPA,VALLE DE LUCES I,07-237,2207,103.68,182.2,741.5,455.62
2019-06-30,2019,3,IZTAPALAPA,VALLE DE SAN LORENZO I,07-303,2343,27.68,51.540000000000006,357.83,278.61
2019-06-30,2019,3,IZTAPALAPA,VALLE DE SAN LORENZO II,07-304,2105,51.86,17.689999999999998,211.53,141.98
2019-06-30,2019,3,IZTAPALAPA,VALLE DEL SUR,07-240,1851,5807.57,18713.66,27645.8,3124.57
2019-06-30,2019,3,IZTAPALAPA,VERACRUZANA (AMPL),07-241,330,0.0,0.0,50.620000000000005,50.620000000000005
2019-06-30,2019,3,IZTAPALAPA,VICENTE GUERRERO SUPER MANZANA 1 (U HAB),07-242,954,0.0,0.0,221.43,221.43
2019-06-30,2019,3,IZTAPALAPA,VICENTE GUERRERO SUPER MANZANA 2 (U HAB),07-243,1001,0.0,0.0,235.06,235.06
2019-06-30,2019,3,IZTAPALAPA,VICENTE GUERRERO SUPER MANZANA 3 (U HAB),07-244,1092,0.0,0.0,706.99,706.99
2019-06-30,2019,3,IZTAPALAPA,VICENTE GUERRERO SUPER MANZANA 4 (U HAB),07-245,1564,0.0,0.0,307.07,307.07
2019-06-30,2019,3,IZTAPALAPA,VICENTE GUERRERO SUPER MANZANA 5 (U HAB),07-246,2124,0.0,0.0,2357.81,2357.81
2019-06-30,2019,3,IZTAPALAPA,VICENTE GUERRERO SUPER MANZANA 6 (U HAB),07-247,1858,0.0,343.87,9946.789999999999,9602.92
2019-06-30,2019,3,IZTAPALAPA,VICENTE GUERRERO SUPER MANZANA 7 (U HAB),07-248,1183,84.17999999999999,10.98,320.29,225.13
2019-06-30,2019,3,IZTAPALAPA,XALPA I,07-305,1999,0.0,0.0,117.97,117.97
2019-06-30,2019,3,IZTAPALAPA,XALPA II,07-306,3375,0.0,0.0,2892.67,2892.67
2019-06-30,2019,3,IZTAPALAPA,XALPA III,07-307,4182,202.54,29.93,1798.71,1566.24
2019-06-30,2019,3,IZTAPALAPA,ZACAHUITZCO,07-251,1452,2737.74,20146.88,43767.04,20882.42
2019-06-30,2019,3,LA MAGDALENA CONTRERAS,ATACAXCO,08-001,405,0.0,0.0,0.0,0.0
2019-06-30,2019,3,LA MAGDALENA CONTRERAS,BARRANCA SECA,08-002,1403,26.22,334.79,1852.4,1491.39
2019-06-30,2019,3,LA MAGDALENA CONTRERAS,BARROS SIERRA,08-003,1272,0.0,0.0,674.27,674.27
2019-06-30,2019,3,LA MAGDALENA CONTRERAS,BATAN VIEJO (EL MAESTRO),08-008,367,267.2,1714.23,2787.25,805.8199999999999
2019-06-30,2019,3,LA MAGDALENA CONTRERAS,CUAUHTEMOC,08-005,1652,4588.32,12656.869999999999,18273.04,1027.85
2019-06-30,2019,3,LA MAGDALENA CONTRERAS,EL ERMITAO,08-006,1220,0.0,0.0,0.0,0.0
2019-06-30,2019,3,LA MAGDALENA CONTRERAS,EL OCOTAL,08-009,2669,0.0,0.0,0.0,0.0
2019-06-30,2019,3,LA MAGDALENA CONTRERAS,EL ROSAL,08-010,1939,0.0,0.0,90.54,90.54
2019-06-30,2019,3,LA MAGDALENA CONTRERAS,EL TANQUE,08-011,2838,0.0,0.0,86.57000000000001,86.57000000000001
2019-06-30,2019,3,LA MAGDALENA CONTRERAS,EL TORO,08-012,1221,0.0,0.0,294.85,294.85
2019-06-30,2019,3,LA MAGDALENA CONTRERAS,HEROES DE PADIERNA,08-013,1571,2390.7599999999998,26619.73,56498.32,27487.829999999998
2019-06-30,2019,3,LA MAGDALENA CONTRERAS,HUAYATLA,08-014,1218,0.0,0.0,75.94999999999999,75.94999999999999
2019-06-30,2019,3,LA MAGDALENA CONTRERAS,INDEPENDENCIA BATAN SUR (U HAB),08-016,589,0.0,861.52,3341.09,2479.57
2019-06-30,2019,3,LA MAGDALENA CONTRERAS,INDEPENDENCIA SAN RAMON (U HAB),08-017,937,0.0,75.03,402.62,327.59
2019-06-30,2019,3,LA MAGDALENA CONTRERAS,INFONAVIT (U HAB),08-018,134,95.17,2762.48,2883.79,26.14
2019-06-30,2019,3,LA MAGDALENA CONTRERAS,LA CARBONERA,08-020,1589,0.0,0.0,108.85,108.85
2019-06-30,2019,3,LA MAGDALENA CONTRERAS,LA CONCEPCION,08-021,491,24.4,0.0,9010.160000000002,8985.76
2019-06-30,2019,3,LA MAGDALENA CONTRERAS,LA CRUZ,08-022,1261,6.1,186.48000000000002,1950.5100000000002,1757.93
2019-06-30,2019,3,LA MAGDALENA CONTRERAS,LA GUADALUPE,08-023,410,16.48,9.76,271.83,245.59
2019-06-30,2019,3,LA MAGDALENA CONTRERAS,LA MAGDALENA ATLITIC (PBLO),08-024,940,265.34,4952.54,5595.4800000000005,377.59999999999997
2019-06-30,2019,3,LA MAGDALENA CONTRERAS,LA MALINCHE,08-025,2737,3151.02,12095.24,15739.93,493.67
2019-06-30,2019,3,LA MAGDALENA CONTRERAS,LAS CALLES (BARR),08-026,91,0.0,712.64,777.6600000000001,65.02
2019-06-30,2019,3,LA MAGDALENA CONTRERAS,LAS CRUCES,08-027,2884,0.0,0.0,42.0,42.0
2019-06-30,2019,3,LA MAGDALENA CONTRERAS,LOMAS DE SAN BERNABE,08-030,2032,0.0,0.0,584.5799999999999,584.5799999999999
2019-06-30,2019,3,LA MAGDALENA CONTRERAS,LOMAS QUEBRADAS,08-032,1260,1289.57,12742.15,15143.880000000001,1112.16
2019-06-30,2019,3,LA MAGDALENA CONTRERAS,LOS PADRES,08-033,1868,0.0,0.0,90.84,90.84
2019-06-30,2019,3,LA MAGDALENA CONTRERAS,PLAZUELA DEL PEDREGAL,08-035,155,0.0,39.65,39.65,0.0
2019-06-30,2019,3,LA MAGDALENA CONTRERAS,POTRERILLO,08-036,810,0.0,0.0,178.64999999999998,178.64999999999998
2019-06-30,2019,3,LA MAGDALENA CONTRERAS,POTRERILLO (AMPL),08-037,656,0.0,0.0,0.0,0.0
2019-06-30,2019,3,LA MAGDALENA CONTRERAS,PUEBLO NUEVO ALTO,08-038,1715,0.0,0.0,165.92,165.92
2019-06-30,2019,3,LA MAGDALENA CONTRERAS,PUEBLO NUEVO BAJO,08-039,1063,0.0,0.0,1724.0700000000002,1724.0700000000002
2019-06-30,2019,3,LA MAGDALENA CONTRERAS,PUENTE SIERRA,08-040,30,0.0,517.52,604.77,87.25
2019-06-30,2019,3,LA MAGDALENA CONTRERAS,SAN BARTOLO AMEYALCO,08-041,1211,676.89,4704.900000000001,5523.72,141.93
2019-06-30,2019,3,LA MAGDALENA CONTRERAS,SAN BERNABE OCOTEPEC (PBLO),08-042,3207,0.0,0.0,1211.86,1211.86
2019-06-30,2019,3,LA MAGDALENA CONTRERAS,SAN FRANCISCO,08-043,1076,170.83999999999997,1895.31,3236.4,1170.25
2019-06-30,2019,3,LA MAGDALENA CONTRERAS,SAN FRANCISCO (BARR),08-044,1473,503.34,19678.780000000002,20694.61,512.49
2019-06-30,2019,3,LA MAGDALENA CONTRERAS,SAN JERONIMO ACULCO - LIDICE (PBLO),08-045,7379,7744.78,178638.1,249476.0,63093.12
2019-06-30,2019,3,LA MAGDALENA CONTRERAS,SAN NICOLAS TOTOLAPAN,08-047,1022,0.0,0.0,11.59,11.59
2019-06-30,2019,3,LA MAGDALENA CONTRERAS,SAN NICOLAS TOTOLAPAN (PBLO),08-048,3561,0.0,0.0,174.06,174.06
2019-06-30,2019,3,LA MAGDALENA CONTRERAS,SANTA TERESA,08-049,659,2065.26,5618.79,9205.67,1521.62
2019-06-30,2019,3,LA MAGDALENA CONTRERAS,TIERRA UNIDA,08-052,999,0.0,0.0,1282.97,1282.97
2019-06-30,2019,3,LA MAGDALENA CONTRERAS,VISTA HERMOSA,08-053,433,0.0,0.0,0.0,0.0
2019-06-30,2019,3,MIGUEL HIDALGO,10 DE ABRIL,16-085,108,320.29,1084.97,5525.59,4120.33
2019-06-30,2019,3,MIGUEL HIDALGO,16 DE SEPTIEMBRE,16-086,691,2577.64,13247.87,18047.91,2222.4
2019-06-30,2019,3,MIGUEL HIDALGO,5 DE MAYO,16-087,1037,2275.71,9118.26,12065.33,671.3599999999999
2019-06-30,2019,3,MIGUEL HIDALGO,AGRICULTURA,16-001,1584,6090.95,28511.87,39391.6,4788.78
2019-06-30,2019,3,MIGUEL HIDALGO,AHUEHUETES ANAHUAC,16-002,595,930.24,10613.71,12125.52,581.5699999999999
2019-06-30,2019,3,MIGUEL HIDALGO,AMERICA,16-003,1455,5265.05,14039.26,25590.65,6286.34
2019-06-30,2019,3,MIGUEL HIDALGO,ANAHUAC DOS LAGOS,16-006,387,1509.4299999999998,5061.42,9127.73,2556.88
2019-06-30,2019,3,MIGUEL HIDALGO,ANAHUAC I,16-088,6765,14752.67,119242.87,150683.59,16688.05
2019-06-30,2019,3,MIGUEL HIDALGO,ANAHUAC II,16-089,6412,16728.69,99794.64,150584.66,34061.33
2019-06-30,2019,3,MIGUEL HIDALGO,ANAHUAC LAGO NORTE,16-007,366,2174.94,6586.09,9148.78,387.75
2019-06-30,2019,3,MIGUEL HIDALGO,ANAHUAC LAGO SUR,16-008,578,1969.4099999999999,10692.03,12844.06,182.62
2019-06-30,2019,3,MIGUEL HIDALGO,ANAHUAC LOS MANZANOS,16-009,3298,8480.18,63898.2,79278.22,6899.84
2019-06-30,2019,3,MIGUEL HIDALGO,ANAHUAC MARIANO ESCOBEDO,16-010,942,3140.78,10730.119999999999,17238.35,3367.45
2019-06-30,2019,3,MIGUEL HIDALGO,ANAHUAC PERALITOS,16-011,413,1740.75,6637.08,8668.63,290.8
2019-06-30,2019,3,MIGUEL HIDALGO,ANGEL ZIMBRON,16-012,479,1804.29,8035.1,10968.81,1129.42
2019-06-30,2019,3,MIGUEL HIDALGO,ANZURES,16-013,2539,11178.1,72462.58,169425.48,85784.8
2019-06-30,2019,3,MIGUEL HIDALGO,ARGENTINA ANTIGUA,16-014,2167,7949.3099999999995,23014.91,34174.89,3210.67
2019-06-30,2019,3,MIGUEL HIDALGO,"BOSQUE DE CHAPULTEPEC I, II Y III SECCIONES",16-018,1584,24992.68,1037.69,79690.66,53660.29
2019-06-30,2019,3,MIGUEL HIDALGO,BOSQUES DE CHAPULTEPEC (POLANCO),16-018,1584,3113.3599999999997,62060.869999999995,88835.82,23661.59
2019-06-30,2019,3,MIGUEL HIDALGO,BOSQUES DE LAS LOMAS,16-019,1953,0.0,83900.51,117626.11,33725.6
2019-06-30,2019,3,MIGUEL HIDALGO,CHAPULTEPEC MORALES (POLANCO),16-021,3258,24057.43,106352.52,199090.49,68680.54
2019-06-30,2019,3,MIGUEL HIDALGO,CHAPULTEPEC POLANCO (POLANCO),16-022,1560,15036.49,60475.57,208476.8,132964.74
2019-06-30,2019,3,MIGUEL HIDALGO,CUAUHTEMOC PENSIL,16-023,4347,3153.23,26871.760000000002,34191.58,4166.59
2019-06-30,2019,3,MIGUEL HIDALGO,DANIEL GARZA,16-024,1601,3299.38,17200.370000000003,23724.92,3225.17
2019-06-30,2019,3,MIGUEL HIDALGO,DANIEL GARZA (AMPL),16-025,2017,4774.67,28739.82,42874.46,9359.970000000001
2019-06-30,2019,3,MIGUEL HIDALGO,DEL BOSQUE (POLANCO),16-026,371,1733.45,12578.9,26513.58,12201.23
2019-06-30,2019,3,MIGUEL HIDALGO,DEPORTIVA PENSIL,16-028,1002,3467.0,11860.439999999999,30390.65,15063.210000000001
2019-06-30,2019,3,MIGUEL HIDALGO,ESCANDON I,16-090,4541,16064.44,73948.88,117885.75,27872.43
2019-06-30,2019,3,MIGUEL HIDALGO,ESCANDON II,16-091,6583,14089.22,105343.90000000001,146180.69999999998,26747.58
2019-06-30,2019,3,MIGUEL HIDALGO,FRANCISCO I MADERO,16-030,435,1637.9,3796.28,6634.14,1199.96
2019-06-30,2019,3,MIGUEL HIDALGO,GRANADA,16-031,3778,3015.27,82072.87000000001,216921.26,131833.12
2019-06-30,2019,3,MIGUEL HIDALGO,GRANADA (AMPL),16-032,7007,353.25,97310.31,102616.81999999999,4953.26
2019-06-30,2019,3,MIGUEL HIDALGO,HUICHAPAN,16-033,543,1118.8600000000001,11176.42,13707.43,1412.1499999999999
2019-06-30,2019,3,MIGUEL HIDALGO,IGNACIO MANUEL ALTAMIRANO,16-034,374,402.42,4626.63,5191.74,162.69
2019-06-30,2019,3,MIGUEL HIDALGO,IRRIGACION,16-035,2198,4512.82,49105.83,88733.1,35114.45
2019-06-30,2019,3,MIGUEL HIDALGO,LEGARIA,16-036,2187,3673.49,34235.36,39693.82,1784.97
2019-06-30,2019,3,MIGUEL HIDALGO,LEGARIA (U HAB),16-037,635,369.82,13013.18,13444.24,61.24
2019-06-30,2019,3,MIGUEL HIDALGO,LOMA HERMOSA (CONJ HAB),16-038,1510,0.0,28989.14,29601.33,612.19
2019-06-30,2019,3,MIGUEL HIDALGO,LOMAS ALTAS,16-039,615,517.85,49059.45,70699.75,21122.45
2019-06-30,2019,3,MIGUEL HIDALGO,LOMAS DE BARRILACO (LOMAS DE CHAPULTEPEC),16-040,1779,0.0,45162.46,47746.520000000004,2584.06
2019-06-30,2019,3,MIGUEL HIDALGO,LOMAS DE BEZARES,16-041,1142,369.95000000000005,50261.76,55581.799999999996,4950.09
2019-06-30,2019,3,MIGUEL HIDALGO,LOMAS DE CHAPULTEPEC,16-042,1581,5896.0599999999995,150168.05,287928.47,131864.36000000002
2019-06-30,2019,3,MIGUEL HIDALGO,LOMAS DE REFORMA,16-043,733,69.53999999999999,21841.41,24557.42,2646.4700000000003
2019-06-30,2019,3,MIGUEL HIDALGO,LOMAS DE REFORMA (LOMAS DE CHAPULTEPEC),16-044,450,613.06,35861.58,40351.86,3877.22
2019-06-30,2019,3,MIGUEL HIDALGO,LOMAS DE SOTELO,16-045,2409,360.71000000000004,45333.96,53849.5,8154.83
2019-06-30,2019,3,MIGUEL HIDALGO,LOMAS VIRREYES (LOMAS DE CHAPULTEPEC),16-046,1060,3704.5,51489.89,75043.64,19849.25
2019-06-30,2019,3,MIGUEL HIDALGO,LOS MORALES (POLANCO),16-047,1515,2157.1800000000003,53452.5,97025.34,41415.659999999996
2019-06-30,2019,3,MIGUEL HIDALGO,MANUEL AVILA CAMACHO,16-048,15,0.0,463.33,1684.41,1221.08
2019-06-30,2019,3,MIGUEL HIDALGO,MARINA NACIONAL (U HAB),16-049,626,0.0,13699.86,14032.92,333.06
2019-06-30,2019,3,MIGUEL HIDALGO,MEXICO NUEVO,16-050,1269,3031.74,15647.970000000001,25337.6,6657.889999999999
2019-06-30,2019,3,MIGUEL HIDALGO,MILITAR 1 K LOMAS DE SOTELO (U HAB),16-051,1295,4469.24,2459.18,131465.15,124536.73
2019-06-30,2019,3,MIGUEL HIDALGO,MODELO PENSIL,16-052,789,2478.41,15374.4,20184.760000000002,2331.95
2019-06-30,2019,3,MIGUEL HIDALGO,MOLINO DEL REY,16-053,166,885.16,3164.67,5094.08,1044.25
2019-06-30,2019,3,MIGUEL HIDALGO,MORALES SECCION ALAMEDA (POLANCO),16-054,456,225.05,14972.89,18996.16,3798.2200000000003
2019-06-30,2019,3,MIGUEL HIDALGO,MORALES SECCION PALMAS (POLANCO),16-055,758,1214.41,32497.510000000002,68305.66,34593.74
2019-06-30,2019,3,MIGUEL HIDALGO,NEXTITLA,16-056,686,884.75,8487.13,15170.04,5798.16
2019-06-30,2019,3,MIGUEL HIDALGO,NUEVA ARGENTINA (ARGENTINA PONIENTE),16-057,1753,4086.11,16816.68,26905.92,6003.13
2019-06-30,2019,3,MIGUEL HIDALGO,OBSERVATORIO,16-058,1325,3009.72,16391.03,25422.32,6021.57
2019-06-30,2019,3,MIGUEL HIDALGO,PALMITAS (POLANCO),16-059,805,944.66,26457.73,48050.52,20648.129999999997
2019-06-30,2019,3,MIGUEL HIDALGO,PENSIL NORTE,16-060,3100,2611.66,29744.75,34519.17,2162.7599999999998
2019-06-30,2019,3,MIGUEL HIDALGO,PENSIL SAN JUANICO,16-061,1945,3705.7200000000003,42575.6,49683.2,3401.88
2019-06-30,2019,3,MIGUEL HIDALGO,PENSIL SUR,16-062,823,2022.7600000000002,5463.93,7779.09,292.4
2019-06-30,2019,3,MIGUEL HIDALGO,PERIODISTA,16-063,281,746.37,6047.67,24891.94,18097.9
2019-06-30,2019,3,MIGUEL HIDALGO,PLUTARCO ELIAS CALLES,16-064,422,614.09,4606.09,15198.75,9978.57
2019-06-30,2019,3,MIGUEL HIDALGO,POLANCO REFORMA (POLANCO),16-065,2676,5528.88,102346.58,150942.91,43067.45
2019-06-30,2019,3,MIGUEL HIDALGO,POPO,16-066,615,783.9,6394.5,8429.68,1251.28
2019-06-30,2019,3,MIGUEL HIDALGO,POPO (AMPL),16-067,157,75.05,2283.06,2777.6,419.49
2019-06-30,2019,3,MIGUEL HIDALGO,POPOTLA I,16-092,1722,4974.15,26768.39,39231.590000000004,7489.05
2019-06-30,2019,3,MIGUEL HIDALGO,POPOTLA II,16-093,3604,9136.24,55312.03,77401.63,12953.36
2019-06-30,2019,3,MIGUEL HIDALGO,REFORMA PENSIL,16-069,1046,2700.0099999999998,19716.93,23920.13,1503.19
2019-06-30,2019,3,MIGUEL HIDALGO,REFORMA SOCIAL,16-070,2213,5004.03,53798.62,71617.53,12814.88
2019-06-30,2019,3,MIGUEL HIDALGO,RINCON DEL BOSQUE,16-071,307,0.0,10075.94,13380.77,3304.83
2019-06-30,2019,3,MIGUEL HIDALGO,SAN DIEGO OCOYOACAC,16-072,2068,735.37,25933.75,32427.97,5758.85
2019-06-30,2019,3,MIGUEL HIDALGO,SAN JOAQUIN,16-073,1055,822.27,19419.37,21057.190000000002,815.55
2019-06-30,2019,3,MIGUEL HIDALGO,SAN LORENZO TLALTENANGO,16-074,433,602.95,5481.93,13039.220000000001,6954.34
2019-06-30,2019,3,MIGUEL HIDALGO,SAN MIGUEL CHAPULTEPEC I,16-094,2093,5148.79,45790.89,60980.82,10041.14
2019-06-30,2019,3,MIGUEL HIDALGO,SAN MIGUEL CHAPULTEPEC II,16-095,2874,12450.91,57680.72,100785.06,30653.43
2019-06-30,2019,3,MIGUEL HIDALGO,SANTO TOMAS,16-076,251,294.70000000000005,4060.64,24154.91,19799.57
2019-06-30,2019,3,MIGUEL HIDALGO,TACUBA,16-077,4195,24163.41,64286.78,126871.3,38421.11
2019-06-30,2019,3,MIGUEL HIDALGO,TACUBAYA,16-078,3271,18753.95,41032.32,97596.63,37810.36
2019-06-30,2019,3,MIGUEL HIDALGO,TLAXPANA,16-080,2901,11736.49,40432.9,62159.35,9989.96
2019-06-30,2019,3,MIGUEL HIDALGO,TORRE BLANCA,16-081,2049,7341.87,25452.01,36547.7,3753.82
2019-06-30,2019,3,MIGUEL HIDALGO,TORRE BLANCA (AMPL),16-004,795,2874.09,12554.279999999999,17049.49,1621.1200000000001
2019-06-30,2019,3,MIGUEL HIDALGO,TORRES TOREO,16-027,3318,753.52,13002.26,19207.91,5452.13
2019-06-30,2019,3,MIGUEL HIDALGO,UN HOGAR PARA NOSOTROS,16-082,282,925.4300000000001,3574.15,7869.89,3370.31
2019-06-30,2019,3,MIGUEL HIDALGO,VENTURA PEREZ DE ALBA,16-083,831,319.34000000000003,14278.01,15967.53,1370.18
2019-06-30,2019,3,MIGUEL HIDALGO,VERONICA ANZURES,16-084,1386,14602.68,25907.57,94682.37,54172.12
2019-06-30,2019,3,MILPA ALTA,SAN AGUSTIN OHTENCO (PBLO),09-001,411,8.54,0.0,147.0,138.46
2019-06-30,2019,3,MILPA ALTA,SAN ANTONIO TECOMITL (PBLO),09-002,7201,5543.7300000000005,14186.57,22929.91,3199.61
2019-06-30,2019,3,MILPA ALTA,SAN BARTOLOME XICOMULCO (PBLO),09-003,1179,601.5899999999999,2336.92,3413.4700000000003,474.96000000000004
2019-06-30,2019,3,MILPA ALTA,SAN FRANCISCO TECOXPA (PBLO),09-004,1375,72.3,105.38,1271.55,1093.8700000000001
2019-06-30,2019,3,MILPA ALTA,SAN JERONIMO MIACATLAN (PBLO),09-005,995,87.42,236.72,516.23,192.09
2019-06-30,2019,3,MILPA ALTA,SAN JUAN TEPENAHUAC (PBLO),09-006,487,0.0,2.55,158.76999999999998,156.22
2019-06-30,2019,3,MILPA ALTA,SAN LORENZO TLACOYUCAN (PBLO),09-007,1062,40.87,0.0,377.82,336.95
2019-06-30,2019,3,MILPA ALTA,SAN PEDRO ATOCPAN (PBLO),09-009,2281,904.63,1116.33,4646.89,2625.93
2019-06-30,2019,3,MILPA ALTA,SAN SALVADOR CUAUHTENCO (PBLO),09-010,3727,165.57999999999998,280.94,924.51,477.99
2019-06-30,2019,3,MILPA ALTA,SANTA ANA TLACOTENCO (PBLO),09-011,3010,291.33,205.87,1004.91,507.71
2019-06-30,2019,3,MILPA ALTA,VILLA MILPA ALTA (PBLO),09-012,5079,2448.9,4014.73,13152.94,6689.31
2019-06-30,2019,3,TLAHUAC,AGRICOLA METROPOLITANA,11-001,2542,1126.07,11731.68,13137.23,279.48
2019-06-30,2019,3,TLAHUAC,DEL MAR NORTE,11-003,776,856.6800000000001,3862.42,4974.25,255.15
2019-06-30,2019,3,TLAHUAC,DEL MAR SUR,11-004,4214,3236.47,19816.71,26512.93,3459.75
2019-06-30,2019,3,TLAHUAC,EL ROSARIO,11-006,885,21.03,0.0,24.69,3.66
2019-06-30,2019,3,TLAHUAC,EL TRIANGULO,11-007,1132,492.3,567.6,1169.48,109.58
2019-06-30,2019,3,TLAHUAC,EMILIANO ZAPATA 1A,11-008,592,66.39,350.84000000000003,860.5999999999999,443.36999999999995
2019-06-30,2019,3,TLAHUAC,EMILIANO ZAPATA 2A,11-009,395,98.82,122.57,1240.0900000000001,1018.7
2019-06-30,2019,3,TLAHUAC,FRANCISCO VILLA,11-010,410,151.63,2007.1799999999998,2225.77,66.96
2019-06-30,2019,3,TLAHUAC,GRANJAS CABRERA,11-011,649,1172.49,4622.75,6979.96,1184.72
2019-06-30,2019,3,TLAHUAC,JAIME TORRES BODET,11-012,2016,255.16000000000003,91.89999999999999,419.78999999999996,72.73
2019-06-30,2019,3,TLAHUAC,JARDINES DEL LLANO-U.H. VILLA TLATEMPA,11-013,768,137.3,3483.0199999999995,3749.92,129.6
2019-06-30,2019,3,TLAHUAC,LA CONCHITA I,11-056,3100,441.02,1122.11,2217.7,654.5699999999999
2019-06-30,2019,3,TLAHUAC,LA CONCHITA II,11-057,5180,589.22,996.73,2987.82,1401.8700000000001
2019-06-30,2019,3,TLAHUAC,LA DRAGA,11-014,2324,0.0,0.0,253.15,253.15
2019-06-30,2019,3,TLAHUAC,LA ESTACION,11-015,2576,1031.32,4374.47,5784.14,378.35
2019-06-30,2019,3,TLAHUAC,LA HABANA,11-016,1266,196.32,308.71,741.81,236.78
2019-06-30,2019,3,TLAHUAC,LA NOPALERA,11-019,1860,1101.6,7488.849999999999,11320.980000000001,2730.53
2019-06-30,2019,3,TLAHUAC,LA TURBA,11-020,592,0.0,1699.11,1843.78,144.67000000000002
2019-06-30,2019,3,TLAHUAC,LAS ARBOLEDAS,11-021,3581,2268.9300000000003,21951.760000000002,27337.88,3117.19
2019-06-30,2019,3,TLAHUAC,LOPEZ PORTILLO,11-022,1196,40.480000000000004,554.6999999999999,680.21,85.03
2019-06-30,2019,3,TLAHUAC,LOS OLIVOS,11-024,2551,1749.55,19788.78,25019.36,3481.03
2019-06-30,2019,3,TLAHUAC,MIGUEL HIDALGO,11-025,2850,2539.09,11243.61,15787.62,2004.92
2019-06-30,2019,3,TLAHUAC,MIGUEL HIDALGO OTE,11-026,3885,1439.34,6162.21,8748.98,1147.43
2019-06-30,2019,3,TLAHUAC,OJO DE AGUA,11-027,862,362.59000000000003,34.78,1511.19,1113.82
2019-06-30,2019,3,TLAHUAC,PEA ALTA,11-029,1746,54.28,0.0,139.68,85.4
2019-06-30,2019,3,TLAHUAC,QUIAHUATLA,11-030,1107,824.34,2838.55,4561.4400000000005,898.5500000000001
2019-06-30,2019,3,TLAHUAC,SAN ANDRES MIXQUIC (PBLO),11-031,3193,131.03,103.7,2079.5299999999997,1844.8
2019-06-30,2019,3,TLAHUAC,SAN FRANCISCO TLALTENCO (PBLO),11-032,4640,2300.88,4893.89,8889.28,1694.51
2019-06-30,2019,3,TLAHUAC,SAN JOSE,11-033,2125,65.9,223.9,1791.49,1501.69
2019-06-30,2019,3,TLAHUAC,SAN JUAN IXTAYOPAN (PBLO),11-034,2597,2635.25,7992.18,11608.87,981.44
2019-06-30,2019,3,TLAHUAC,SAN MIGUEL ZAPOTITLA,11-036,3790,1108.68,3449.25,5695.12,1137.1899999999998
2019-06-30,2019,3,TLAHUAC,SAN NICOLAS TETELCO (PBLO),11-037,1065,75.41999999999999,27.45,238.98000000000002,136.11
2019-06-30,2019,3,TLAHUAC,SAN PEDRO TLAHUAC (PBLO),11-038,4606,862.38,880.22,6378.87,4636.27
2019-06-30,2019,3,TLAHUAC,SANTA CATARINA (AMPL),11-039,459,97.95,271.83,728.1700000000001,358.39
2019-06-30,2019,3,TLAHUAC,SANTA CATARINA YECAHUIZOTL (PBLO),11-040,1760,111.76,227.14,914.89,575.99
2019-06-30,2019,3,TLAHUAC,SANTA CECILIA,11-041,1635,343.59000000000003,131.68,3244.0099999999998,2768.74
2019-06-30,2019,3,TLAHUAC,SANTIAGO ZAPOTITLAN (PBLO),11-042,3376,354.52,1427.92,6939.01,5156.57
2019-06-30,2019,3,TLAHUAC,SELENE (AMPL),11-043,1503,134.21,165.82999999999998,1217.92,917.88
2019-06-30,2019,3,TLAHUAC,SELENE 1a SECC,11-044,2528,64.22,170.04,549.3,315.04
2019-06-30,2019,3,TLAHUAC,SELENE 2da SECC,11-045,2412,77.94999999999999,224.35,600.5600000000001,298.26
2019-06-30,2019,3,TLAHUAC,TEZONTITLA-ZOMPANTITLA,11-049,244,172.44,494.72,667.16,0.0
2019-06-30,2019,3,TLAHUAC,TIERRA BLANCA,11-050,844,0.0,19.7,19.7,0.0
2019-06-30,2019,3,TLAHUAC,TIERRA Y LIBERTAD,11-051,492,97.0,449.66,546.66,0.0
2019-06-30,2019,3,TLAHUAC,UNIDADES HABITACIONALES DE SANTA ANA PONIENTE I,11-055,4072,602.1,14954.009999999998,17119.06,1562.9499999999998
2019-06-30,2019,3,TLAHUAC,UNIDADES HABITACIONALES DE SANTA ANA PONIENTE II,11-058,3923,44.42,1497.73,3297.9700000000003,1755.82
2019-06-30,2019,3,TLAHUAC,VILLA CENTROAMERICANA (U HAB),11-052,2244,0.0,16957.93,20750.82,3792.89
2019-06-30,2019,3,TLAHUAC,VILLAS DE LOS TRABAJADORES (GDF) (U HAB),11-053,1236,0.0,19329.25,19434.16,104.91
2019-06-30,2019,3,TLALPAN,2 DE OCTUBRE,12-205,1594,0.0,0.0,27.45,27.45
2019-06-30,2019,3,TLALPAN,AMPLIACION MIGUEL HIDALGO 2A SECC,12-002,5282,0.0,48.19,1551.24,1503.05
2019-06-30,2019,3,TLALPAN,AMPLIACION MIGUEL HIDALGO 3A SECC,12-003,4674,40.980000000000004,0.0,412.51,371.53
2019-06-30,2019,3,TLALPAN,AMPLIACION MIGUEL HIDALGO 4A SECC,12-004,3035,0.0,0.0,108.25,108.25
2019-06-30,2019,3,TLALPAN,AMSA,12-005,193,16.06,117.12,8040.349999999999,7907.17
2019-06-30,2019,3,TLALPAN,ARBOLEDAS DEL SUR,12-007,1492,2079.44,17152.4,22004.91,2773.07
2019-06-30,2019,3,TLALPAN,ARENAL GUADALUPE TLALPAN,12-008,620,483.83000000000004,4239.21,8927.25,4204.21
2019-06-30,2019,3,TLALPAN,ARENAL PUERTA TEPEPAN,12-009,259,572.18,2072.5099999999998,15291.51,12646.82
2019-06-30,2019,3,TLALPAN,BELISARIO DOMINGUEZ,12-215,259,1106.2900000000002,2657.2200000000003,75953.35,72189.84
2019-06-30,2019,3,TLALPAN,BELVEDERE,12-013,1020,0.0,0.0,211.06,211.06
2019-06-30,2019,3,TLALPAN,BOSQUES DEL PEDREGAL,12-016,1587,0.0,0.0,2.44,2.44
2019-06-30,2019,3,TLALPAN,CALVARIO CAMISETAS,12-017,195,612.39,1895.71,3964.23,1456.1299999999999
2019-06-30,2019,3,TLALPAN,CANTERA PUENTE DE PIEDRA,12-018,1337,586.59,8074.2,9149.68,488.89
2019-06-30,2019,3,TLALPAN,CHICHICASPATL,12-019,725,0.0,0.0,0.0,0.0
2019-06-30,2019,3,TLALPAN,CLUB DE GOLF MEXICO-SAN BUENAVENTURA,12-023,900,0.0,7790.38,15300.54,7510.16
2019-06-30,2019,3,TLALPAN,COAPA 2A SECCION-RAMOS MILLAN,12-024,1090,359.17,14633.98,19627.28,4634.13
2019-06-30,2019,3,TLALPAN,COAPA-VILLA CUEMANCO,12-093,626,573.64,7012.8099999999995,8467.18,880.73
2019-06-30,2019,3,TLALPAN,COLINAS DEL BOSQUE-LAS TORTOLAS,12-025,1864,0.0,10661.77,10750.93,89.16
2019-06-30,2019,3,TLALPAN,CONDOMINIO DEL BOSQUE (FRACC)-BOSQUE DE TLALPAN,12-026,243,0.0,0.0,411.75,411.75
2019-06-30,2019,3,TLALPAN,CONJUNTO HABITACIONAL PEDREGAL DEL LAGO,12-218,492,8.54,16277.39,17777.89,1491.96
2019-06-30,2019,3,TLALPAN,CONJUNTO URBANO CUEMANCO (U HAB),12-027,676,0.0,0.0,707.51,707.51
2019-06-30,2019,3,TLALPAN,CRUZ DEL FAROL,12-029,845,0.0,0.0,54.660000000000004,54.660000000000004
2019-06-30,2019,3,TLALPAN,CUCHILLA DE PADIERNA,12-030,975,0.0,0.0,14.81,14.81
2019-06-30,2019,3,TLALPAN,CULTURA MAYA,12-032,1116,10.38,0.0,135.45,125.07
2019-06-30,2019,3,TLALPAN,DOLORES TLALI,12-034,360,0.0,0.0,0.0,0.0
2019-06-30,2019,3,TLALPAN,EJIDOS DE SAN PEDRO MARTIR I (NORTE),12-035,1923,0.0,0.0,229.75,229.75
2019-06-30,2019,3,TLALPAN,EJIDOS DE SAN PEDRO MARTIR II (SUR),12-219,2200,0.0,0.0,323.49,323.49
2019-06-30,2019,3,TLALPAN,EL DIVISADERO,12-037,267,0.0,0.0,0.0,0.0
2019-06-30,2019,3,TLALPAN,EX HACIENDA SAN JUAN DE DIOS,12-042,1358,3591.16,15649.08,28395.66,9155.42
2019-06-30,2019,3,TLALPAN,FLORESTA-PRADO-VERGEL COAPA,12-043,1048,378.09999999999997,10467.19,14327.46,3482.17
2019-06-30,2019,3,TLALPAN,FOVISSSTE SAN PEDRO MARTIR ( U HAB),12-045,317,0.0,0.0,0.0,0.0
2019-06-30,2019,3,TLALPAN,FUENTES BROTANTES MIGUEL HIDALGO (U HAB),12-047,2444,0.0,41982.59,44004.21,2021.62
2019-06-30,2019,3,TLALPAN,FUENTES DEL PEDREGAL,12-049,1393,0.0,17834.34,41377.74,23543.399999999998
2019-06-30,2019,3,TLALPAN,FUENTES Y PEDREGAL DE TEPEPAN,12-048,1641,0.0,31.72,31.72,0.0
2019-06-30,2019,3,TLALPAN,GRANJAS COAPA,12-050,1776,1249.76,37413.19,45559.950000000004,6897.0
2019-06-30,2019,3,TLALPAN,GRANJAS COAPA ORIENTE,12-051,368,0.0,6490.9,15644.57,9153.67
2019-06-30,2019,3,TLALPAN,HACIENDA SAN JUAN-RINCON DE SAN JUAN-CHIMALI,12-053,1265,252.53,9489.77,16122.980000000001,6380.68
2019-06-30,2019,3,TLALPAN,HEROES DE PADIERNA I,12-209,2395,93.34,1173.0500000000002,2650.1,1383.71
2019-06-30,2019,3,TLALPAN,HEROES DE PADIERNA II,12-210,2444,0.0,0.0,634.26,634.26
2019-06-30,2019,3,TLALPAN,HUESO PERIFERICO-ISSSFAM NO. 7 (U HABS),12-057,1039,0.0,12340.2,14169.73,1829.5300000000002
2019-06-30,2019,3,TLALPAN,IGNACIO CHAVEZ (U HAB),12-059,516,0.0,10325.72,10622.18,296.46
2019-06-30,2019,3,TLALPAN,ISIDRO  FABELA (AMPL),12-061,359,611.62,1560.02,2253.38,81.74
2019-06-30,2019,3,TLALPAN,ISIDRO FABELA I (PONIENTE),12-060,1525,2235.95,11463.58,15631.800000000001,1932.27
2019-06-30,2019,3,TLALPAN,ISIDRO FABELA II (ORIENTE),12-220,1984,5214.9,24561.03,31514.83,1738.9
2019-06-30,2019,3,TLALPAN,ISSSFAM No. 1 (U HAB)-VILLA TLALPAN,12-062,818,0.0,4569.5,4927.05,357.55
2019-06-30,2019,3,TLALPAN,JARDINES COAPA-BELISARIO DOMINGUEZ,12-064,576,258.56,3285.8,4093.57,549.21
2019-06-30,2019,3,TLALPAN,JARDINES DEL AJUSCO,12-066,1218,0.0,56.73,356.49,299.76
2019-06-30,2019,3,TLALPAN,JARDINES EN LA MONTAA,12-067,1387,0.0,24581.07,79729.93000000001,55148.86
2019-06-30,2019,3,TLALPAN,LA  LONJA,12-069,995,1052.34,7552.43,9333.630000000001,728.86
2019-06-30,2019,3,TLALPAN,LA FAMA,12-070,469,916.01,9182.800000000001,22169.4,12070.59
2019-06-30,2019,3,TLALPAN,LA JOYA,12-072,851,1397.3500000000001,16457.59,19100.95,1246.01
2019-06-30,2019,3,TLALPAN,LA MAGDALENA PETLACALCO (PBLO),12-074,1922,0.0,0.0,39.559999999999995,39.559999999999995
2019-06-30,2019,3,TLALPAN,LOMAS DE  PADIERNA I,12-211,2956,0.0,0.0,743.04,743.04
2019-06-30,2019,3,TLALPAN,LOMAS DE  PADIERNA II,12-212,2554,0.0,110.17,16911.68,16801.51
2019-06-30,2019,3,TLALPAN,LOMAS DE CUILOTEPEC,12-080,510,0.0,0.0,0.0,0.0
2019-06-30,2019,3,TLALPAN,LOMAS DE PADIERNA (AMPL),12-211,2956,0.0,0.0,19387.63,19387.63
2019-06-30,2019,3,TLALPAN,LOMAS HIDALGO,12-086,653,0.0,0.0,71.98,71.98
2019-06-30,2019,3,TLALPAN,LOS  ENCINOS,12-087,610,0.0,0.0,127.39,127.39
2019-06-30,2019,3,TLALPAN,LOS VOLCANES,12-089,1343,0.0,606.29,857.51,251.22
2019-06-30,2019,3,TLALPAN,MA ESTHER ZUNO DE ECHEVERRIA-TLALPUENTE,12-092,774,0.0,0.0,78.69,78.69
2019-06-30,2019,3,TLALPAN,"MESA LOS HORNOS, TEXCALTENCO",12-094,2849,132.24,833.72,1182.36,216.4
2019-06-30,2019,3,TLALPAN,MIGUEL HIDALGO,12-095,4245,1190.74,9596.5,13963.03,3175.79
2019-06-30,2019,3,TLALPAN,MIRADOR 1A SECC,12-096,539,0.0,0.0,17.08,17.08
2019-06-30,2019,3,TLALPAN,MIRADOR DEL VALLE,12-099,215,0.0,0.0,1.22,1.22
2019-06-30,2019,3,TLALPAN,MIRADOR I,12-100,556,0.0,0.0,0.0,0.0
2019-06-30,2019,3,TLALPAN,MOVIMIENTO ORGANIZADO DE TLALPAN-EL MIRADOR (RNCDA),12-102,200,0.0,0.0,0.0,0.0
2019-06-30,2019,3,TLALPAN,NARCISO MENDOZA VILLA COAPA SUPERMANZANA 8 (U HAB),12-217,586,497.09,10014.939999999999,12531.73,2019.7
2019-06-30,2019,3,TLALPAN,NARCISO MENDOZA-VILLA COAPA SUPER MANZANA 1 (U HAB),12-103,1261,32.56,28147.68,28539.74,359.5
2019-06-30,2019,3,TLALPAN,NARCISO MENDOZA-VILLA COAPA SUPER MANZANA 2 (U HAB),12-104,1249,92.9,27649.46,28273.2,530.84
2019-06-30,2019,3,TLALPAN,NARCISO MENDOZA-VILLA COAPA SUPER MANZANA 3 (U HAB),12-105,1347,48.84,26737.73,27556.75,770.18
2019-06-30,2019,3,TLALPAN,NARCISO MENDOZA-VILLA COAPA SUPER MANZANA 6 (U HAB),12-106,1049,342.15999999999997,25868.600000000002,33248.16,7037.400000000001
2019-06-30,2019,3,TLALPAN,NARCISO MENDOZA-VILLA COAPA SUPER MANZANA 7 (U HAB),12-107,1095,37.32,24227.79,26702.64,2437.53
2019-06-30,2019,3,TLALPAN,NIO JESUS (BARR),12-124,0,1218.95,17985.94,38839.58,19634.690000000002
2019-06-30,2019,3,TLALPAN,NUEVA ORIENTAL COAPA-EX HACIENDA COAPA,12-109,1239,399.64,22160.9,28518.14,5957.6
2019-06-30,2019,3,TLALPAN,NUEVO RENACIMIENTO DE AXALCO,12-110,218,0.0,0.0,67.33,67.33
2019-06-30,2019,3,TLALPAN,PARAJE 38,12-113,875,0.0,0.0,7.93,7.93
2019-06-30,2019,3,TLALPAN,PARQUES DEL PEDREGAL,12-114,659,0.0,13373.05,28661.09,15288.039999999999
2019-06-30,2019,3,TLALPAN,PARRES EL GUARDA (PBLO),12-115,804,0.0,0.0,3.05,3.05
2019-06-30,2019,3,TLALPAN,PEDREGAL DE LAS AGUILAS,12-116,589,536.5799999999999,3219.21,4647.91,892.12
2019-06-30,2019,3,TLALPAN,PEDREGAL DE SN NICOLAS 1A SECC,12-117,3127,0.0,1.83,248.32999999999998,246.5
2019-06-30,2019,3,TLALPAN,PEDREGAL DE SN NICOLAS 2A SECC,12-118,2295,0.0,0.0,344.2,344.2
2019-06-30,2019,3,TLALPAN,PEDREGAL DE SN NICOLAS 3A SECC,12-119,2978,0.0,0.0,137.92000000000002,137.92000000000002
2019-06-30,2019,3,TLALPAN,PEDREGAL DE SN NICOLAS 4A SECC I,12-213,2972,0.0,0.0,16.87,16.87
2019-06-30,2019,3,TLALPAN,PEDREGAL DE SN NICOLAS 4A SECC II,12-214,2975,0.0,0.0,375.48,375.48
2019-06-30,2019,3,TLALPAN,PEDREGAL DE STA URSULA XITLA,12-121,1447,0.0,0.0,140.3,140.3
2019-06-30,2019,3,TLALPAN,PLAN DE AYALA,12-125,385,0.0,0.0,65.88,65.88
2019-06-30,2019,3,TLALPAN,POPULAR STA TERESA,12-127,2209,0.0,0.0,211.48000000000002,211.48000000000002
2019-06-30,2019,3,TLALPAN,PRADO COAPA 2A SECCION,12-130,650,378.59,6814.09,9558.8,2366.12
2019-06-30,2019,3,TLALPAN,PRADO COAPA 3A SECCION-POTRERO ACOXPA,12-131,795,1817.87,8552.97,12656.19,2285.35
2019-06-30,2019,3,TLALPAN,PUEBLO QUIETO,12-133,182,105.44,2230.35,2696.3,360.51
2019-06-30,2019,3,TLALPAN,RANCHO LOS COLORINES (FRACC),12-136,225,0.0,4225.74,10004.880000000001,5779.139999999999
2019-06-30,2019,3,TLALPAN,REAL DEL SUR-VILLAS DEL SUR-RESIDENCIAL ACOXPA,12-137,494,80.86,2880.9,15246.820000000002,12285.060000000001
2019-06-30,2019,3,TLALPAN,RINCON LAS HADAS-VILLA ROYALE-FUENTES Y ARCONADA COAPA,12-142,580,134.2,877.07,1083.86,72.59
2019-06-30,2019,3,TLALPAN,RINCONADA (U HAB),12-143,330,0.0,7090.72,7395.72,305.0
2019-06-30,2019,3,TLALPAN,ROMULO SANCHEZ-SAN FERNANDO (BARR)-PEA POBRE,12-146,297,602.46,1202.52,19113.219999999998,17308.24
2019-06-30,2019,3,TLALPAN,SAN ANDRES TOTOLTEPEC (PBLO),12-147,7923,0.0,0.0,1055.93,1055.93
2019-06-30,2019,3,TLALPAN,SAN BARTOLO EL CHICO,12-148,445,491.96999999999997,7524.55,12093.37,4076.8500000000004
2019-06-30,2019,3,TLALPAN,SAN LORENZO HUIPULCO,12-153,2278,4502.46,44002.31,73132.99,24628.219999999998
2019-06-30,2019,3,TLALPAN,SAN MIGUEL  XICALCO (PBLO),12-154,3425,0.0,0.0,130.05,130.05
2019-06-30,2019,3,TLALPAN,SAN MIGUEL AJUSCO (PBLO),12-155,3866,0.0,0.0,103.14,103.14
2019-06-30,2019,3,TLALPAN,SAN MIGUEL TOPILEJO (PBLO),12-157,5430,0.0,0.0,799.02,799.02
2019-06-30,2019,3,TLALPAN,SAN PEDRO APOSTOL (BARR),12-159,145,559.42,916.98,1767.38,290.98
2019-06-30,2019,3,TLALPAN,SAN PEDRO MARTIR (PBLO),12-160,3960,39.66,25.009999999999998,2429.19,2364.52
2019-06-30,2019,3,TLALPAN,SANTA URSULA XITLA,12-161,3245,0.0,1962.8600000000001,17460.809999999998,15497.949999999999
2019-06-30,2019,3,TLALPAN,SANTO TOMAS AJUSCO (PBLO),12-163,4166,0.0,0.0,382.41999999999996,382.41999999999996
2019-06-30,2019,3,TLALPAN,SAUZALES CEBADALES (U HAB),12-164,768,0.0,28060.86,28462.08,401.22
2019-06-30,2019,3,TLALPAN,SECCION XVI,12-165,386,1561.22,4614.93,33723.369999999995,27547.22
2019-06-30,2019,3,TLALPAN,SN JUAN TEPEXIMILPA,12-151,705,0.0,0.0,4.88,4.88
2019-06-30,2019,3,TLALPAN,TENORIOS INFONAVIT 1 Y 2 (U HAB),12-168,588,0.0,9255.76,9356.41,100.65
2019-06-30,2019,3,TLALPAN,TEPETONGO,12-171,517,0.0,0.0,50.629999999999995,50.629999999999995
2019-06-30,2019,3,TLALPAN,TETENCO (PJE),12-172,176,0.0,0.0,1830.0,1830.0
2019-06-30,2019,3,TLALPAN,TLALCOLIGIA,12-175,2148,1971.93,7925.71,12682.19,2784.55
2019-06-30,2019,3,TLALPAN,TLALMILLE,12-176,944,0.0,0.0,38.44,38.44
2019-06-30,2019,3,TLALPAN,TLALPAN CENTRO,12-177,2693,11746.34,81252.6,149380.11000000002,56381.17
2019-06-30,2019,3,TLALPAN,TORIELLO GUERRA,12-180,2450,4738.62,48772.3,91360.03,37849.11
2019-06-30,2019,3,TLALPAN,TORRES DE PADIERNA,12-181,635,0.0,0.0,148.23,148.23
2019-06-30,2019,3,TLALPAN,TRES FUENTES (U HAB),12-182,445,0.0,10616.93,10837.12,220.19
2019-06-30,2019,3,TLALPAN,UNIDADES HABITACIONALES DE TENORIOS,12-044,477,0.0,11708.9,11735.13,26.23
2019-06-30,2019,3,TLALPAN,VALLE DE TEPEPAN,12-183,803,0.0,52.46,331.95,279.49
2019-06-30,2019,3,TLALPAN,VALLE ESCONDIDO,12-184,635,77.44,12396.029999999999,26476.22,14002.75
2019-06-30,2019,3,TLALPAN,VALLE VERDE,12-185,220,0.0,0.0,0.0,0.0
2019-06-30,2019,3,TLALPAN,VERGEL DE COYOACAN-VERGEL DEL SUR,12-188,713,0.0,2833.92,25844.15,23010.23
2019-06-30,2019,3,TLALPAN,VILLA COAPA (RDCIAL),12-191,701,977.37,12369.789999999999,16279.34,2932.18
2019-06-30,2019,3,TLALPAN,VILLA DEL PUENTE FOVISSSTE  (U HAB),12-193,217,0.0,2396.84,3643.66,1246.82
2019-06-30,2019,3,TLALPAN,VILLA LAZARO CARDENAS,12-194,1255,3418.55,21773.28,29272.06,4080.23
2019-06-30,2019,3,TLALPAN,VILLA OLIMPICA LIBERADOR MIGUEL HIDALGO (U HAB),12-195,800,0.0,781.26,13809.2,13027.94
2019-06-30,2019,3,TLALPAN,VISTAS DEL PEDREGAL,12-198,675,0.0,0.0,0.0,0.0
2019-06-30,2019,3,TLALPAN,VIVEROS DE COACTETLAN,12-199,1042,0.0,0.0,0.0,0.0
2019-06-30,2019,3,TLALPAN,XAXALIPAC,12-201,428,0.0,0.0,0.0,0.0
2019-06-30,2019,3,TLALPAN,ZAPOTE-LUIS DONALDO COLOSIO (U HABS),12-204,512,15.25,1982.83,2084.09,86.01
2019-06-30,2019,3,VENUSTIANO CARRANZA,10 DE MAYO,17-065,547,800.45,13435.35,15792.43,1556.6299999999999
2019-06-30,2019,3,VENUSTIANO CARRANZA,20 DE NOVIEMBRE,17-066,3591,6284.14,25240.34,33413.74,1889.26
2019-06-30,2019,3,VENUSTIANO CARRANZA,20 DE NOVIEMBRE (AMPL),17-067,241,507.01,3329.0299999999997,9417.32,5581.28
2019-06-30,2019,3,VENUSTIANO CARRANZA,24 DE ABRIL,17-068,66,221.22000000000003,773.4300000000001,2649.4,1654.75
2019-06-30,2019,3,VENUSTIANO CARRANZA,5TO TRAMO DE 20 DE NOVIEMBRE,17-069,2277,5328.73,21094.95,29879.92,3456.2400000000002
2019-06-30,2019,3,VENUSTIANO CARRANZA,7 DE JULIO,17-070,295,32.34,2833.6,9814.59,6948.65
2019-06-30,2019,3,VENUSTIANO CARRANZA,7 DE JULIO (AMPL),17-071,612,31.700000000000003,13006.79,14173.06,1134.57
2019-06-30,2019,3,VENUSTIANO CARRANZA,AARON SAENZ,17-001,129,357.89,1897.6100000000001,2309.79,54.29
2019-06-30,2019,3,VENUSTIANO CARRANZA,ADOLFO LOPEZ MATEOS,17-002,1852,4476.38,20511.09,29073.55,4086.08
2019-06-30,2019,3,VENUSTIANO CARRANZA,AERONAUTICA MILITAR,17-003,931,8260.17,10770.3,26112.42,7081.95
2019-06-30,2019,3,VENUSTIANO CARRANZA,ALVARO OBREGON,17-004,854,2591.68,10759.34,13698.16,347.14
2019-06-30,2019,3,VENUSTIANO CARRANZA,AMPL CARACOL,,,342.0,3921.1,5732.65,1469.55
2019-06-30,2019,3,VENUSTIANO CARRANZA,AQUILES SERDAN,17-005,2551,4810.97,25574.12,32757.91,2372.82
2019-06-30,2019,3,VENUSTIANO CARRANZA,ARTES GRAFICAS,17-006,3185,1117.27,42578.259999999995,46654.59,2959.0600000000004
2019-06-30,2019,3,VENUSTIANO CARRANZA,AVIACION CIVIL,17-007,1871,6694.95,26757.23,35986.89,2534.71
2019-06-30,2019,3,VENUSTIANO CARRANZA,AVIACION CIVIL (AMPL),17-008,668,1012.28,3930.13,5119.37,176.96
2019-06-30,2019,3,VENUSTIANO CARRANZA,AZTECA,17-009,502,238.18,3583.36,3961.69,140.15
2019-06-30,2019,3,VENUSTIANO CARRANZA,CANDELARIA DELOS PATOS (U HAB),17-011,599,29.64,2838.96,3247.67,379.07
2019-06-30,2019,3,VENUSTIANO CARRANZA,CARACOL,17-012,1519,3538.7200000000003,17075.45,22779.6,2165.4300000000003
2019-06-30,2019,3,VENUSTIANO CARRANZA,CENTRO I,17-072,2169,2613.11,37568.840000000004,49786.8,9604.85
2019-06-30,2019,3,VENUSTIANO CARRANZA,CENTRO II,17-073,1070,9815.24,17904.47,45284.8,17565.09
2019-06-30,2019,3,VENUSTIANO CARRANZA,CUATRO ARBOLES,17-015,719,3035.58,9059.46,12752.61,657.5699999999999
2019-06-30,2019,3,VENUSTIANO CARRANZA,CUCHILLA PANTITLAN,17-016,2470,4574.91,30629.56,37861.770000000004,2657.3
2019-06-30,2019,3,VENUSTIANO CARRANZA,DAMIAN CARMONA,17-017,851,446.23,1581.4199999999998,2029.48,1.83
2019-06-30,2019,3,VENUSTIANO CARRANZA,EL ARENAL 1A SECCION,17-018,1565,4267.45,15287.07,20170.84,616.3199999999999
2019-06-30,2019,3,VENUSTIANO CARRANZA,EL ARENAL 2A SECCION,17-019,150,545.34,1065.45,1701.31,90.52000000000001
2019-06-30,2019,3,VENUSTIANO CARRANZA,EL ARENAL 3A SECCION,17-020,553,709.69,1561.81,2346.34,74.84
2019-06-30,2019,3,VENUSTIANO CARRANZA,EL ARENAL 4A SECCION,17-021,2867,3161.1099999999997,17397.89,24821.59,4262.59
2019-06-30,2019,3,VENUSTIANO CARRANZA,EL PARQUE,17-023,880,466.91,4016.2200000000003,30880.660000000003,26397.53
2019-06-30,2019,3,VENUSTIANO CARRANZA,EMILIO CARRANZA,17-025,1368,6431.96,23055.4,34650.55,5163.19
2019-06-30,2019,3,VENUSTIANO CARRANZA,FEDERAL,17-026,3538,11012.94,42978.840000000004,65721.75,11729.97
2019-06-30,2019,3,VENUSTIANO CARRANZA,FELIPE ANGELES,17-027,835,3179.02,5916.03,16139.5,7044.45
2019-06-30,2019,3,VENUSTIANO CARRANZA,FIVIPORT (U HAB),17-028,1670,0.0,13731.11,14931.59,1200.48
2019-06-30,2019,3,VENUSTIANO CARRANZA,IGNACIO ZARAGOZA I,17-074,3492,8114.2,30548.14,45882.78,7220.4400000000005
2019-06-30,2019,3,VENUSTIANO CARRANZA,IGNACIO ZARAGOZA II,17-075,2078,6817.55,23785.17,32328.35,1725.63
2019-06-30,2019,3,VENUSTIANO CARRANZA,INDUSTRIAL PUERTO AEREO (FRACC),17-030,41,140.96,551.9599999999999,15236.67,14543.75
2019-06-30,2019,3,VENUSTIANO CARRANZA,JAMAICA,17-031,1551,1788.73,29941.129999999997,42722.71,10992.85
2019-06-30,2019,3,VENUSTIANO CARRANZA,JANITZIO,17-032,722,3560.96,9187.13,13527.07,778.98
2019-06-30,2019,3,VENUSTIANO CARRANZA,JARDIN BALBUENA I,17-076,4129,4877.44,41261.24,54506.51,8367.83
2019-06-30,2019,3,VENUSTIANO CARRANZA,JARDIN BALBUENA II,17-077,1567,1607.8999999999999,18009.64,31485.379999999997,11867.84
2019-06-30,2019,3,VENUSTIANO CARRANZA,JARDIN BALBUENA III,17-078,4561,5104.8,46683.2,60953.9,9165.9
2019-06-30,2019,3,VENUSTIANO CARRANZA,KENNEDY (U HAB),17-034,2796,0.0,177.72,929.47,751.75
2019-06-30,2019,3,VENUSTIANO CARRANZA,LORENZO BOTURINI,17-035,2840,5689.29,37044.97,56154.83,13420.57
2019-06-30,2019,3,VENUSTIANO CARRANZA,MAGDALENA  MIXHUCA,17-036,1409,4970.92,28738.489999999998,43296.05,9586.64
2019-06-30,2019,3,VENUSTIANO CARRANZA,MAGDALENA  MIXHUCA (PBLO),17-037,1761,6040.84,22184.76,35038.02,6812.42
2019-06-30,2019,3,VENUSTIANO CARRANZA,MERCED BALBUENA,17-038,1286,3224.17,27712.92,39899.43,8962.34
2019-06-30,2019,3,VENUSTIANO CARRANZA,MICHOACANA,17-039,301,573.06,1460.31,6485.3099999999995,4451.94
2019-06-30,2019,3,VENUSTIANO CARRANZA,MICHOACANA (AMPL),17-040,704,2251.88,8872.17,11877.939999999999,753.89
2019-06-30,2019,3,VENUSTIANO CARRANZA,MIGUEL HIDALGO,17-041,95,332.44,1297.4,1714.35,84.50999999999999
2019-06-30,2019,3,VENUSTIANO CARRANZA,MOCTEZUMA 1A SECCION,17-042,3545,16689.99,45296.83,66954.47,4967.65
2019-06-30,2019,3,VENUSTIANO CARRANZA,MOCTEZUMA 2A SECCION I,17-079,4008,13031.6,70458.63,104698.67,21208.44
2019-06-30,2019,3,VENUSTIANO CARRANZA,MOCTEZUMA 2A SECCION II,17-080,3234,11602.2,50707.11,66976.05,4666.74
2019-06-30,2019,3,VENUSTIANO CARRANZA,MOCTEZUMA 2A SECCION III,17-081,3969,12044.09,54317.77,71860.63,5498.7699999999995
2019-06-30,2019,3,VENUSTIANO CARRANZA,MOCTEZUMA 2A SECCION IV,17-082,3180,10813.96,40720.29,58233.87,6699.62
2019-06-30,2019,3,VENUSTIANO CARRANZA,MORELOS I,17-083,5195,6277.29,107945.41,119894.42,5671.72
2019-06-30,2019,3,VENUSTIANO CARRANZA,MORELOS II,17-084,5633,5672.53,101865.73,120951.38,13413.119999999999
2019-06-30,2019,3,VENUSTIANO CARRANZA,NICOLAS BRAVO,17-045,1445,2539.3500000000004,14983.650000000001,18529.83,1006.83
2019-06-30,2019,3,VENUSTIANO CARRANZA,PENITENCIARIA (AMPL),17-046,2126,2929.4,41312.729999999996,47602.270000000004,3360.14
2019-06-30,2019,3,VENUSTIANO CARRANZA,PENSADOR MEXICANO I,17-085,1447,6532.8099999999995,21943.760000000002,32142.56,3665.99
2019-06-30,2019,3,VENUSTIANO CARRANZA,PENSADOR MEXICANO II,17-086,2016,8221.78,18698.97,29578.2,2657.45
2019-06-30,2019,3,VENUSTIANO CARRANZA,PEON DE LOS BAOS,,,6342.7699999999995,18807.63,85444.03,60293.63
2019-06-30,2019,3,VENUSTIANO CARRANZA,POPULAR RASTRO,17-050,2035,1928.95,31006.129999999997,34100.17,1165.09
2019-06-30,2019,3,VENUSTIANO CARRANZA,PRIMERO DE MAYO,17-051,716,204.41,3087.59,3899.8,607.8000000000001
2019-06-30,2019,3,VENUSTIANO CARRANZA,PROGRESISTA,17-052,178,0.0,715.0799999999999,1295.08,580.0
2019-06-30,2019,3,VENUSTIANO CARRANZA,PUEBLA,17-053,1997,6250.91,21189.26,31694.99,4254.82
2019-06-30,2019,3,VENUSTIANO CARRANZA,REVOLUCION,17-054,1877,3525.12,21447.4,25414.51,441.99
2019-06-30,2019,3,VENUSTIANO CARRANZA,ROMERO RUBIO,17-055,3478,12183.74,51737.2,71869.05,7948.110000000001
2019-06-30,2019,3,VENUSTIANO CARRANZA,SANTA CRUZ AVIACION,17-056,712,1110.79,13032.84,17554.920000000002,3411.29
2019-06-30,2019,3,VENUSTIANO CARRANZA,SEVILLA,17-057,550,1394.6100000000001,8321.69,11403.34,1687.04
2019-06-30,2019,3,VENUSTIANO CARRANZA,SIMON  BOLIVAR,17-058,1838,2826.4300000000003,14507.210000000001,26057.4,8723.76
2019-06-30,2019,3,VENUSTIANO CARRANZA,TRES MOSQUETEROS,17-059,67,0.0,301.35,379.92,78.57000000000001
2019-06-30,2019,3,VENUSTIANO CARRANZA,VALENTIN GOMEZ FARIAS,17-060,1612,7165.2699999999995,23671.6,33684.11,2847.24
2019-06-30,2019,3,VENUSTIANO CARRANZA,VALLE GOMEZ,17-061,3039,3267.33,41733.37,48962.92,3962.2200000000003
2019-06-30,2019,3,VENUSTIANO CARRANZA,VENUSTIANO CARRANZA,17-062,900,1920.02,8361.84,11658.44,1376.58
2019-06-30,2019,3,VENUSTIANO CARRANZA,VENUSTIANO CARRANZA (AMPL),17-063,550,423.01,3212.8,3665.13,29.32
2019-06-30,2019,3,VENUSTIANO CARRANZA,VIADUCTO  - BALBUENA )CONJ HAB),,,207.42,47527.04,49603.83,1869.37
2019-06-30,2019,3,XOCHIMILCO,BARRIO 18,13-003,1849,0.0,381.44,643.98,262.54
2019-06-30,2019,3,XOCHIMILCO,BELEM (BARR),13-004,386,2143.59,2921.28,5504.6900000000005,439.82000000000005
2019-06-30,2019,3,XOCHIMILCO,BOSQUE RESIDENCIAL DEL SUR (FRACC),13-005,1179,65.88,8183.09,8394.36,145.39
2019-06-30,2019,3,XOCHIMILCO,CALTONGO (BARR),13-007,2258,7.32,203.52,223.67,12.83
2019-06-30,2019,3,XOCHIMILCO,CANAL ONCE (U HAB),13-078,269,99.69,4801.83,4922.5,20.98
2019-06-30,2019,3,XOCHIMILCO,CERRO GRANDE,13-008,649,315.75,1110.0900000000001,1427.67,1.83
2019-06-30,2019,3,XOCHIMILCO,CRISTO REY,13-009,574,102.48,0.0,649.65,547.17
2019-06-30,2019,3,XOCHIMILCO,EL CARMEN,13-011,1971,0.0,0.0,63.330000000000005,63.330000000000005
2019-06-30,2019,3,XOCHIMILCO,EL ROSARIO (BARR),13-012,192,2249.02,1257.78,11450.89,7944.09
2019-06-30,2019,3,XOCHIMILCO,GUADALUPE,13-013,855,34.09,411.79,512.8299999999999,66.95
2019-06-30,2019,3,XOCHIMILCO,HUICHAPAN,13-014,317,1986.35,2143.5,9394.67,5264.82
2019-06-30,2019,3,XOCHIMILCO,INFONAVIT PROLONGACION DIVISION DEL NORTE (U HAB),13-080,443,0.0,7302.14,7321.66,19.52
2019-06-30,2019,3,XOCHIMILCO,JARDINES DEL SUR,13-015,1635,399.78999999999996,13149.26,19320.75,5771.7
2019-06-30,2019,3,XOCHIMILCO,LA ASUNCION (BARR),13-017,1429,1501.28,5104.1,7580.97,975.5899999999999
2019-06-30,2019,3,XOCHIMILCO,LA CEBADA,13-019,444,832.54,3347.02,4831.3,651.74
2019-06-30,2019,3,XOCHIMILCO,LA CONCEPCION TLACOAPA (BARR),13-020,795,350.46,3503.37,4316.45,462.62
2019-06-30,2019,3,XOCHIMILCO,LA CONCHA,13-021,1092,766.1899999999999,15555.03,20250.61,3929.3900000000003
2019-06-30,2019,3,XOCHIMILCO,LA GUADALUPITA (BARR),13-022,153,965.3100000000001,2078.6800000000003,3642.3100000000004,598.3199999999999
2019-06-30,2019,3,XOCHIMILCO,LA NORIA,13-081,418,191.43,13320.36,16723.29,3211.5
2019-06-30,2019,3,XOCHIMILCO,LA NORIA TEPEPAN,13-023,1112,960.1999999999999,12998.42,18865.489999999998,4906.87
2019-06-30,2019,3,XOCHIMILCO,LORETO PEA POBRE (U HAB),13-079,348,0.0,6067.799999999999,6233.96,166.16
2019-06-30,2019,3,XOCHIMILCO,LOS CERRILLOS II,13-026,1664,113.64,650.3,772.75,8.81
2019-06-30,2019,3,XOCHIMILCO,LOS CERRILLOS III,13-027,1561,0.0,442.42,442.42,0.0
2019-06-30,2019,3,XOCHIMILCO,NATIVITAS,13-028,574,22.56,0.0,35.36,12.8
2019-06-30,2019,3,XOCHIMILCO,NATIVITAS (U HAB),13-029,739,0.0,16067.15,16352.880000000001,285.73
2019-06-30,2019,3,XOCHIMILCO,NATIVITAS LA JOYA (AMPL),13-030,4354,11.6,0.0,123.84,112.24000000000001
2019-06-30,2019,3,XOCHIMILCO,PASEOS DEL SUR,13-032,528,742.37,9794.9,11806.119999999999,1268.85
2019-06-30,2019,3,XOCHIMILCO,POTRERO DE SAN BERNARDINO,13-033,735,949.27,9941.58,21610.03,10719.18
2019-06-30,2019,3,XOCHIMILCO,RINCONADA DEL SUR (U HAB),13-034,577,0.0,12420.89,12432.23,11.34
2019-06-30,2019,3,XOCHIMILCO,SAN ANDRES AHUAYUCAN (PBLO),13-035,2981,748.85,2736.04,3977.6,492.71000000000004
2019-06-30,2019,3,XOCHIMILCO,SAN ANTONIO (BARR),13-036,445,1725.24,2259.84,5510.11,1525.03
2019-06-30,2019,3,XOCHIMILCO,SAN BARTOLO EL CHICO,13-037,120,59.78,524.14,2590.89,2006.97
2019-06-30,2019,3,XOCHIMILCO,SAN CRISTOBAL (BARR),13-038,622,294.73,1270.92,1683.2199999999998,117.57000000000001
2019-06-30,2019,3,XOCHIMILCO,SAN DIEGO (BARR),13-039,386,585.2799999999999,2183.51,2778.56,9.77
2019-06-30,2019,3,XOCHIMILCO,SAN ESTEBAN (BARR),13-040,568,1312.68,4963.22,6510.01,234.10999999999999
2019-06-30,2019,3,XOCHIMILCO,SAN FRANCISCO TLALNEPANTLA (PBLO),13-042,1775,36.6,54.69,750.2900000000001,659.0
2019-06-30,2019,3,XOCHIMILCO,SAN GREGORIO ATLAPULCO (PBLO),13-043,7426,5334.77,13346.58,21317.41,2636.06
2019-06-30,2019,3,XOCHIMILCO,SAN JOSE LAS PERITAS,,,671.87,3581.29,4615.280000000001,362.12
2019-06-30,2019,3,XOCHIMILCO,SAN JOSE ZACATEPEC,13-046,789,35.76,624.02,661.0,1.22
2019-06-30,2019,3,XOCHIMILCO,SAN JUAN (BARR),13-047,447,439.3,1318.57,1932.75,174.88
2019-06-30,2019,3,XOCHIMILCO,SAN JUAN TEPEPAN,13-048,1043,515.49,7506.32,9608.33,1586.52
2019-06-30,2019,3,XOCHIMILCO,SAN LORENZO,13-006,275,568.63,3802.42,9011.55,4640.5
2019-06-30,2019,3,XOCHIMILCO,SAN LORENZO (BARR),13-049,1140,218.02,2045.93,2282.83,18.88
2019-06-30,2019,3,XOCHIMILCO,SAN LORENZO ATEMOAYA (PBLO),13-050,2620,811.69,9249.16,10890.970000000001,830.12
2019-06-30,2019,3,XOCHIMILCO,SAN LORENZO LA CEBADA I,13-075,2931,1858.42,8546.74,10740.47,335.31
2019-06-30,2019,3,XOCHIMILCO,SAN LORENZO LA CEBADA II,13-076,2058,3596.4,12651.72,17435.8,1187.6799999999998
2019-06-30,2019,3,XOCHIMILCO,SAN LUCAS XOCHIMANCA (PBLO),13-052,3326,1495.46,8329.53,11324.439999999999,1499.4499999999998
2019-06-30,2019,3,XOCHIMILCO,SAN LUIS TLAXIALTEMALCO (PBLO),13-053,3794,1490.86,3226.85,6302.63,1584.92
2019-06-30,2019,3,XOCHIMILCO,SAN MARCOS (AMPL),13-054,4508,1291.87,6220.89,26264.760000000002,18752.0
2019-06-30,2019,3,XOCHIMILCO,SAN MARCOS (BARR),13-055,996,1917.5900000000001,5457.0199999999995,11211.16,3836.55
2019-06-30,2019,3,XOCHIMILCO,SAN MATEO XALPA (PBLO),13-056,102654,2897.04,6337.6,27614.56,18379.92
2019-06-30,2019,3,XOCHIMILCO,SAN PEDRO (BARR),13-057,814,4261.92,6984.51,19148.06,7901.63
2019-06-30,2019,3,XOCHIMILCO,SANTA CECILIA TEPETLAPA (PBLO),13-058,2881,860.01,4315.469999999999,5819.29,643.81
2019-06-30,2019,3,XOCHIMILCO,SANTA CRUCITA (BARR),13-059,84,999.36,950.48,4469.55,2519.71
2019-06-30,2019,3,XOCHIMILCO,SANTA CRUZ ACALPIXCA (PBLO),13-060,6124,1824.3600000000001,4684.8,8026.21,1517.05
2019-06-30,2019,3,XOCHIMILCO,SANTA CRUZ CHAVARRIETA,13-061,480,187.78,1252.63,1482.05,41.64
2019-06-30,2019,3,XOCHIMILCO,SANTA CRUZ XOCHITEPEC (PBLO),13-062,3870,2444.97,17463.46,22221.77,2313.34
2019-06-30,2019,3,XOCHIMILCO,SANTA INES,13-063,375,40.879999999999995,555.83,647.4,50.69
2019-06-30,2019,3,XOCHIMILCO,SANTA MARIA NATIVITAS (PBLO),13-064,4515,1225.77,6391.43,8930.69,1313.49
2019-06-30,2019,3,XOCHIMILCO,SANTA MARIA TEPEPAN (PBLO),13-065,4561,4266.08,35529.43,57866.35,18070.84
2019-06-30,2019,3,XOCHIMILCO,SANTIAGO TEPALCATLALPAN (PBLO),13-066,4072,3840.85,13221.65,18565.23,1502.73
2019-06-30,2019,3,XOCHIMILCO,SANTIAGO TULYEHUALCO (PBLO),13-067,5978,7077.19,20496.16,33759.22,6185.87
2019-06-30,2019,3,XOCHIMILCO,TEPEPAN (AMPL),13-069,1796,2007.6299999999999,11617.94,14590.93,965.36
2019-06-30,2019,3,XOCHIMILCO,TESMIC (RDCIAL),13-070,287,70.76,3159.52,3262.9700000000003,32.69
2019-06-30,2019,3,XOCHIMILCO,TIERRA NUEVA,13-071,526,933.55,5174.59,7314.79,1206.65
2019-06-30,2019,3,XOCHIMILCO,VILLA XOCHIMILCO (U HAB),13-083,284,0.0,4042.42,4532.25,489.83
2019-06-30,2019,3,XOCHIMILCO,XALTOCAN (BARR),13-073,3000,7796.0,17293.35,38291.94,13202.59
