colonia_alcaldia,consumo_total,tot_hog,nivel_promedio_ponderado,diversidad_shannon,PC1,PC2,PC3,PC4
10 DE ABRIL | MIGUEL HIDALGO,17694.87,108,3.7255611372109545,0.6288143728271732,0.07891072581183631,2.4387955982993343,0.13072541241421695,0.4892949591175869
10 DE MAYO | VENUSTIANO CARRANZA,46761.97,547,1.8966097878254484,0.33246880851497007,-0.7836663900525581,0.4194781391734215,-0.15931608290929217,-0.34237280974900874
12 DE DICIEMBRE | IZTAPALAPA,18441.64,815,1.6790198702501513,0.6276060455452046,-0.5796048729973629,0.22588193395003175,0.699610167171355,-0.299425859031728
15 DE AGOSTO | GUSTAVO A. MADERO,43261.61,1079,2.234205107022138,0.5443077070695741,-0.16058219256103667,0.5392168570478233,0.19703021684112457,0.003069479168396561
16 DE SEPTIEMBRE | MIGUEL HIDALGO,51639.99999999999,691,2.730990898528273,0.7953616374931359,0.3137998020234506,1.2636658933511808,0.5435370128246031,-0.11886369428836065
19 DE MAYO | ALVARO OBREGON,15121.25,337,1.0,-0.0,-1.9473532309222286,-0.37052879548486756,-0.3974728411400009,-0.5144129305166282
1A AMPLIACION SANTIAGO ACAHUALTEPEC | IZTAPALAPA,2239.98,1870,1.4499861605907194,0.6881360361627749,-0.3060622648158298,-0.46926954148957223,0.9643639577371566,0.16801130737846437
1RA VICTORIA SECCION BOSQUES | ALVARO OBREGON,21580.68,631,1.1880228055835125,0.48334327795539944,-1.0488046131543638,-0.1827615486289627,0.5230140036329205,-0.5974563519305759
1RA VICTORIA | ALVARO OBREGON,12978.45,592,2.0,-0.0,-1.4051813617807256,0.4122983889499016,-0.6838459898719159,0.1753328371937966
2 DE OCTUBRE | TLALPAN,77.34,1594,1.0,-0.0,-1.5638863782502042,-0.9816414061837951,-0.3413813135291579,0.20403006554701453
20 DE NOVIEMBRE (AMPL) | VENUSTIANO CARRANZA,30859.980000000003,241,1.3724406172654682,0.660241852804877,-0.8120531791527723,0.23170501298393828,0.7979123906149546,-0.8555600944986053
20 DE NOVIEMBRE | VENUSTIANO CARRANZA,99825.6,3591,1.9214396908207916,0.2752389884229009,0.708162774611742,-1.1629932294727714,-0.7137280318958761,0.7961057876129581
24 DE ABRIL | VENUSTIANO CARRANZA,7710.539999999999,66,2.0341947515997583,0.6925624260532933,-0.6961780058464586,0.9586063308492638,0.8237967676644339,-0.4272037666524686
25 DE JULIO | GUSTAVO A. MADERO,44829.590000000004,958,1.4645773026253417,0.7144842583240996,-0.3193637236868749,-0.0403676706027239,0.7764947261459998,-0.5900986678986279
2A AMPLIACION SANTIAGO ACAHUALTEPEC I | IZTAPALAPA,2135.67,2221,1.077273174226355,0.2720584702724912,-0.9026702748929177,-1.130875758275997,0.1809022496460564,0.3767545224662236
2A AMPLIACION SANTIAGO ACAHUALTEPEC II | IZTAPALAPA,2903.96,3985,1.1328634003223184,0.39179388909805324,-0.023602371799593482,-1.9210964447218646,0.35996143258953367,1.1871176428132144
2DA  JALALPA TEPITO (AMPL) | ALVARO OBREGON,26733.19,1281,1.5500982112497612,0.688119086107782,-0.31729401143026115,-0.1124603107754863,0.7993340118121699,-0.23989319450634677
2DA EL PIRUL (AMPL) | ALVARO OBREGON,7717.43,239,1.0,-0.0,-2.0375402834335548,-0.3128417153820348,-0.34802109171498286,-0.5082831864276769
5 DE MAYO | MIGUEL HIDALGO,34770.49,1037,2.779026122438885,0.5283631327265967,-0.00862323088288006,1.0591269560315062,0.05867556070528065,0.35351191156027767
51 LEGISLATURA | GUSTAVO A. MADERO,723.77,170,1.0,-0.0,-2.1135573930615768,-0.2701401592273343,-0.30202745252529184,-0.4910648937492837
5TO TRAMO DE 20 DE NOVIEMBRE | VENUSTIANO CARRANZA,90172.82000000002,2277,1.9362793577931794,0.5519637671684764,0.5093315244089115,-0.3826865301623569,-0.030649401385964885,0.07550876712635557
6 DE JUNIO | GUSTAVO A. MADERO,44.06,710,1.718792555605992,0.5940900896123158,-0.7768353774723634,0.3241463888542842,0.735585014344785,-0.1755612213368103
7 DE JULIO (AMPL) | VENUSTIANO CARRANZA,42364.369999999995,612,2.0,-0.0,-1.1908263843965785,0.367886074393812,-0.86887316387471,-0.02788457386741013
7 DE JULIO | VENUSTIANO CARRANZA,28784.510000000002,295,2.5011730267425083,0.8941677326900133,0.02716612253410319,1.3149524756360722,0.9756731043521195,-0.3295062518796771
7 DE NOVIEMBRE | GUSTAVO A. MADERO,53668.350000000006,1104,2.4879063731230793,1.1757037214016661,0.8910000739522705,0.9691267400805846,1.3957005033195438,-0.2893076413308848
8A DE SAN MIGUEL (AMPL) | IZTAPALAPA,22287.75,529,1.3761344236183555,0.6621399864918152,-0.7559694415194825,0.10171792935291273,0.8458756289901911,-0.6528915812514895
AARON SAENZ | VENUSTIANO CARRANZA,6666.74,129,2.0,-0.0,-1.6297478784813249,0.6512728644550715,-0.6301209726517377,-0.003416621854637609
ABDIAS GARCIA SOTO | CUAJIMALPA DE MORELOS,16087.22,694,2.0751086887603947,1.0757712845674068,0.14326470532810465,0.8079451528080136,1.5527036058003112,-0.38471252699140396
ABRAHAM GONZALEZ | ALVARO OBREGON,495.63,75,1.0,-0.0,-2.1521347477773456,-0.2223558012935261,-0.29769963551762924,-0.5354716584234539
ACACIAS | BENITO JUAREZ,164893.59999999998,2708,3.8283678687347478,0.21922269627152238,1.6196254215195838,0.9138121397797233,-1.770849294289562,0.9791915690343764
ACTIPAN | BENITO JUAREZ,152248.83000000002,1835,3.7672464215324344,0.4251482068455889,1.4410152625931152,1.382931799785177,-1.2103787911089314,0.4936157909002624
ACUEDUCTO DE GUADALUPE (RDCIAL) | GUSTAVO A. MADERO,70547.8,1863,2.7858637689623205,0.7970890694379758,0.9303152750277629,0.705744521597145,0.37678617385799407,0.3415758530710069
ACUEDUCTO DE GUADALUPE (U HAB) | GUSTAVO A. MADERO,201399.23,3879,1.9894447461392977,0.05853769895756942,1.2728302156206324,-1.4412139995715199,-1.8393161047869142,0.36380481838742823
ACUEDUCTO | ALVARO OBREGON,10493.16,889,1.8027839087557989,0.4965188023949726,-0.7269889557131747,0.26397400032319285,0.4331295984261441,-0.06125022069026621
ACULCO (PBLO) | IZTAPALAPA,65593.64,1616,1.42781205616886,0.6826884693797726,0.022921619124208543,-0.4384719032941178,0.5694427034371654,-0.4231906208565207
ADOLFO LOPEZ MATEOS | CUAJIMALPA DE MORELOS,11492.31,236,4.0,-0.0,-0.6382023259290447,2.4078318055942582,-1.2477608561477336,1.1146701197237219
ADOLFO LOPEZ MATEOS | VENUSTIANO CARRANZA,88415.04,1852,1.742080646007738,0.5708693570456334,0.2681518233310538,-0.337642023310121,0.09014130121799432,-0.23577742494708787
ADOLFO RUIZ CORTINES I | COYOACAN,3431.92,2129,1.6068090165271918,0.6701540730768027,-0.14933742301722708,-0.4642255297917012,0.8650588154760473,0.38179583229780073
ADOLFO RUIZ CORTINES II | COYOACAN,4588.0,2191,1.25422406277245,0.5669283482463299,-0.41793518638309207,-0.8533558238273796,0.7400013863568323,0.2696424538649405
AERONAUTICA MILITAR | VENUSTIANO CARRANZA,76635.5,931,2.553074358489212,1.3839691419776972,1.2961630491340428,1.161905445506524,1.6794206291520672,-0.6253536788249222
AGRICOLA METROPOLITANA | TLAHUAC,38757.96,2542,1.9245685273425126,1.0157896642886106,0.8719325955695392,-0.30091128778122506,1.270869959116277,0.2991592331945685
AGRICOLA ORIENTAL II | IZTACALCO,182258.11000000002,3139,1.621437751110225,0.6633558889654279,1.4983468732517005,-1.167934403204366,-0.3066795218691078,-0.41216750363551535
AGRICOLA ORIENTAL III | IZTACALCO,172995.15000000002,3485,1.8848959060412966,0.4197121436440276,1.3595896790153974,-1.1775095597208656,-0.8526688282148921,0.11006324503275332
AGRICOLA ORIENTAL IV | IZTACALCO,182503.38999999998,2747,1.831609648456393,0.45332470607299696,1.1601808412023007,-0.8559466121093176,-0.8030064489736021,-0.3656105410862603
AGRICOLA ORIENTAL V | IZTACALCO,213177.52,3279,1.8195916717672669,0.47201208982345966,1.6025871881299667,-1.162233030501972,-0.9685911690217236,-0.347455565315691
AGRICOLA ORIENTAL VI | IZTACALCO,242464.1,3830,1.8527277646463949,0.4179481781040587,1.9650863815985435,-1.4612458653040448,-1.2934988181654712,-0.24268198522240514
AGRICOLA ORIENTAL VII | IZTACALCO,156226.51,2695,1.7935617969062996,0.5091991601054081,1.0132424757858314,-0.8138644767595561,-0.5069252212554083,-0.2540177319339339
AGRICOLA ORIENTAL VIII | IZTACALCO,142698.0,3090,1.8491506538283649,0.4241795399799131,0.9825414821024822,-0.9753272863797224,-0.6305790345827241,0.11577803311635029
AGRICULTURA | MIGUEL HIDALGO,116465.19,1584,2.2638474208473793,0.8653435694531695,0.9975884777109756,0.3418534617398134,0.39430996256597967,-0.45366702116358226
AGUA BENDITA | CUAJIMALPA DE MORELOS,9758.5,924,1.0,-0.0,-1.7565931077701415,-0.6578558426521944,-0.3817124906269125,-0.19095667767948696
AGUILAS 3ER PARQUE | ALVARO OBREGON,12309.07,893,1.0760804837408513,0.2690905914900437,-1.3525611894782523,-0.4806842766191611,0.15159618531875904,-0.3397462584616896
AGUILAS PILARES | ALVARO OBREGON,67168.51,672,3.8923179924640285,0.3416414023233232,0.3348317141501156,2.1481514423930586,-0.854583022035476,0.663829447408984
AGUILERA | AZCAPOTZALCO,40529.42,608,2.002415529262447,0.009321986271172252,-1.1915893792471475,0.3775395550052087,-0.8381743858031699,-0.020643652063486347
AHUATENCO | CUAJIMALPA DE MORELOS,30940.010000000002,1074,1.8317334092652202,0.678922784288891,-0.2517160396225732,0.23857135689094938,0.6774927343854605,-0.21029949590588445
AHUEHUETES ANAHUAC | MIGUEL HIDALGO,36899.34,595,2.2083918032138246,0.5118181204068104,-0.44936659045556504,0.7537789735915948,0.1903593321126388,-0.1807314533321164
AHUEHUETES | GUSTAVO A. MADERO,371.67999999999995,1086,1.0,-0.0,-1.7595288739046901,-0.7278939569454916,-0.32774211586035995,-0.04440096732924699
AJUSCO HUAYAMILPAS | COYOACAN,3745.62,724,1.7255861512913748,0.7969037691842327,-0.4684177664614503,0.39101723857179305,1.13999767351623,-0.31031035525626005
AJUSCO I | COYOACAN,21206.37,3549,3.0332088895930798,0.9258633416595483,1.5268009250285406,0.19051072620962525,0.8358620504740197,1.5774871950262406
AJUSCO II | COYOACAN,7325.33,3389,2.0,-0.0,-0.35633918301705414,-0.9800893242858478,-0.7336352543101505,1.572387990726458
AJUSCO III | COYOACAN,9998.56,2415,1.523795426541422,0.6920143080466625,-0.00037046425298389174,-0.6825666840415584,0.8857268823839624,0.4144075422264652
ALAMOS I | BENITO JUAREZ,331860.14999999997,4617,2.6802916529749052,0.8012298872733017,3.7963205446020813,-1.0721060908134223,-1.3074773910699187,-0.27704699753743717
ALAMOS II | BENITO JUAREZ,284995.14,4194,3.141551150661727,0.8408087665661106,3.5669398724202375,-0.37283443797464205,-1.0512560789063088,0.08827017559680511
ALBERT | BENITO JUAREZ,92268.94,1505,2.3944458449398027,0.8367468900738093,0.817954008712944,0.518107798149445,0.44978858394215854,-0.22804840663606243
ALCANTARILLA | ALVARO OBREGON,953.62,475,1.0,-0.0,-1.993236850280411,-0.4229645919063209,-0.31276785503183135,-0.3448542480691191
ALDANA | AZCAPOTZALCO,49779.63,1114,2.0,-0.0,-0.943323714987322,0.10811235474672347,-0.9307126551736244,0.16177790540036127
ALFALFAR | ALVARO OBREGON,26216.29,519,3.078839530688744,1.2317268466529798,0.8166268632996545,1.8502638026792209,1.5320285285351225,-0.0813981032081065
ALFONSO XIII | ALVARO OBREGON,187635.08,3340,2.8567572758782633,1.0073659603841283,2.644616011333085,-0.031070986971062597,0.022128572176855075,0.12554970160566045
ALGARIN | CUAUHTEMOC,167220.13,2338,3.0578806510914682,1.0791381017522355,2.3001512973251534,0.7021014387276601,0.2742435773792043,-0.14352825195945434
ALIANZA POPULAR REVOLUCIONARIA NORTE (U HAB) | COYOACAN,97903.29,1131,1.0,-0.0,-1.0564075322155404,-0.8646042501571438,-0.9411939145194441,-0.7292435478761444
ALIANZA POPULAR REVOLUCIONARIA ORIENTE (U HAB) | COYOACAN,23660.789999999997,1720,1.7473089444604344,0.565272305796519,-0.24358064894417636,-0.19303726744799168,0.487149035742678,0.17554513541518058
ALIANZA POPULAR REVOLUCIONARIA PONIENTE (U HAB) | COYOACAN,20269.62,1709,1.848844230922928,0.4247086586629222,-0.4149858502665954,-0.141312792148814,0.18105707786467704,0.3327857294704047
ALPES (AMPL) | ALVARO OBREGON,16569.01,920,2.0261113971202867,0.8499962593242494,-0.09266965556067372,0.5696612415631667,1.0783584591214903,-0.17373787441985275
ALPES | ALVARO OBREGON,178906.21,1590,3.838644449513519,0.34493820101216877,1.4574535898529264,1.5105913553542323,-1.5611356743518403,0.2678446620878546
ALTILLO (COND ALTILLO UNIVERSIDAD) | COYOACAN,60012.29000000001,915,1.1537350099454629,0.20216489021497408,-1.0634620832808586,-0.5008175406203935,-0.31303643444346757,-0.59286609674808
ALVARO OBREGON | IZTAPALAPA,2354.05,1289,1.0,-0.0,-1.6665868244743922,-0.8317519655865595,-0.3463713514060648,0.03965826602116605
ALVARO OBREGON | VENUSTIANO CARRANZA,40542.22,854,2.634215146580528,0.9707251084254227,0.49167757352505004,1.1695613287766584,1.0083244656207988,-0.1151348305226584
ALVARO OBREGON_(FRACC) | IZTAPALAPA,22701.699999999997,1694,1.4085742477435612,0.6763354191113808,-0.2656225169705029,-0.4469847698647623,0.8283893020358679,-0.08148319439558407
AMADO NERVO | CUAJIMALPA DE MORELOS,3207.6800000000003,100,4.0,-0.0,-0.7493705635751734,2.485557136856904,-1.1916229690176527,1.108757831560822
AMERICA | MIGUEL HIDALGO,74881.15,1455,2.7509544124255574,1.2757118993052494,1.4322286200514607,1.0430596376618935,1.3871134351298207,-0.18640669391558112
AMERICAS UNIDAS-DEL LAGO | BENITO JUAREZ,97005.72,1810,2.3081641989771327,0.6214807078356119,0.6397900600775043,0.20521092632425475,-0.020495842831479896,-0.036266933326618185
AMPL CARACOL | VENUSTIANO CARRANZA,16587.23,1565,1.8903174309393431,0.3458511559548637,-0.5843940898355489,-0.05533324480072079,0.029232120196537356,0.3585424928439045
AMPLIACION CANDELARIA | COYOACAN,42017.74,1409,1.2847418733135099,0.6650012493412749,-0.3127767468945185,-0.4434996483838305,0.727987192212924,-0.42117622823842676
AMPLIACION MIGUEL HIDALGO 2A SECC | TLALPAN,4509.629999999999,5282,1.7143823329186654,1.0930100970797738,1.705577019133455,-1.7946974866644905,1.6273987878528664,1.7149357522402735
AMPLIACION MIGUEL HIDALGO 3A SECC | TLALPAN,1235.42,4674,2.1309676061582294,1.254022863889623,1.8541191427141208,-1.0513583106374984,1.8862364188995653,1.5791995036501383
AMPLIACION MIGUEL HIDALGO 4A SECC | TLALPAN,304.75,3035,1.3035274815422477,0.4257563144031835,-0.28759184173248675,-1.275877351353171,0.4274072894845959,0.8194814397866574
AMPLIACION PETROLERA | AZCAPOTZALCO,43939.93,964,1.4418955605982986,0.6863796484754207,-0.37161706776336806,-0.07290181296171341,0.7289251747872297,-0.5768167707642574
AMPLIACION RAMOS MILLAN | IZTACALCO,63147.490000000005,2275,1.4903322364831917,0.7954966890706588,0.4431525118996505,-0.6683974916129081,0.7856481670651387,-0.11742343461236328
AMPLIACION SAN FRANCISCO CULHUACAN (EJ) | COYOACAN,50864.57,1092,1.7692262020498748,0.5402096410916972,-0.3205657361767879,0.10021858982341648,0.2760259840755833,-0.29933186103682347
AMSA | TLALPAN,21967.21,193,1.8912902457799603,1.0426080590497158,-0.13935221740231282,0.8729890786627629,1.5144386368120935,-0.7520583967720457
ANAHUAC DOS LAGOS | MIGUEL HIDALGO,27071.460000000003,387,2.98771880053754,1.0429513960831647,0.47464937892018927,1.7655075773643127,1.1570110480741522,-0.0915042706749112
ANAHUAC LAGO NORTE | MIGUEL HIDALGO,26433.43,366,1.8927827376167223,1.0674456224526452,-0.006406617874312417,0.7914054588401537,1.5333666165733417,-0.7142261453462373
ANAHUAC LAGO SUR | MIGUEL HIDALGO,40215.21000000001,578,2.140024383809011,1.1897791294276148,0.45139090179549485,0.9371446755850733,1.6276075231704863,-0.6466191831679812
ANAHUAC LOS MANZANOS | MIGUEL HIDALGO,227595.56,3298,2.7395183807627883,1.3423447532423527,3.307766484798839,-0.044305705756392415,0.5171689505722279,-0.44454718483471434
ANAHUAC MARIANO ESCOBEDO | MIGUEL HIDALGO,54191.67,942,3.572976621683738,0.6922581196199364,0.6758368168263561,1.8629187534980618,0.055347879727638986,0.5081486167954432
ANAHUAC PERALITOS | MIGUEL HIDALGO,25284.960000000003,413,2.4240473388132706,1.074972918204049,0.2572894161082571,1.2542316216975031,1.399948168638954,-0.39500705388191387
ANGEL ZIMBRON | AZCAPOTZALCO,77123.42,823,1.9553358759245896,0.6260508524182388,-0.039532145195666904,0.4034736042409878,0.247101566361142,-0.5676788980361164
ANGEL ZIMBRON | MIGUEL HIDALGO,31759.600000000006,479,2.9785967077670996,0.5848025205749068,-0.07935474028903879,1.5429840900283303,0.15597377311586158,0.18170290121608598
ANTORCHA POPULAR I (U HAB) | IZTAPALAPA,31665.04,206,2.0,-0.0,-1.4240519097826339,0.5834877869411078,-0.7893503677713496,-0.14720790896252836
AO DE JUAREZ | IZTAPALAPA,2019.83,937,2.0,-0.0,-1.3479433676447423,0.25256755608078174,-0.6255902146984681,0.4220025523806047
APATLACO | IZTAPALAPA,81225.07,2682,1.8717421850175076,0.38306141482588396,0.3464492332535347,-0.6933683918399836,-0.3261410852755718,0.39981712105163947
AQUILES SERDAN | VENUSTIANO CARRANZA,97425.19,2551,1.9472461896148212,0.20654519521815695,0.2055944332489692,-0.640965403549102,-0.8201568366623962,0.36359572959519393
ARAGON INGUARAN | GUSTAVO A. MADERO,65074.44,892,3.08638875724478,0.7906541451488013,0.6428794678190775,1.4683796749119156,0.33932405734299725,0.079677130012561
ARAGON LA VILLA (ARAGON) | GUSTAVO A. MADERO,96219.29000000001,1315,2.664665058326662,1.360131651656506,1.60220267007628,1.0397467688324649,1.4616766143546707,-0.5057055986543318
ARBOLEDAS DE CUAUTEPEC | GUSTAVO A. MADERO,1097.72,2081,1.248241810297708,0.560395319587358,-0.4968426393741001,-0.802000650718911,0.7531529496046833,0.24212078541760182
ARBOLEDAS DEL SUR | TLALPAN,65498.119999999995,1492,2.9656845112500942,1.127523306349642,1.2789314455416876,1.1778485595341086,1.0679349433442882,0.10429692898996176
ARBOLEDAS POLITOCO | ALVARO OBREGON,1511.6100000000001,145,1.5136642387917518,0.692773711220998,-0.9471199119583551,0.45385443519650714,1.0127585512601702,-0.6307077312897881
ARBOLEDAS | IZTAPALAPA,187.67000000000002,619,1.0,-0.0,-1.9425769379000226,-0.49409382925070583,-0.31235081872607706,-0.2694877246867871
ARCOS DE CENTENARIO | ALVARO OBREGON,1874.63,54,1.0,-0.0,-2.150614055816705,-0.21346669869436757,-0.3057136524026317,-0.555644760327236
ARENAL GUADALUPE TLALPAN | TLALPAN,24566.92,620,2.200979609979599,1.0180907921349571,0.1538410219806396,0.9288149370176908,1.342675349987166,-0.3790375047272612
ARENAL PUERTA TEPEPAN | TLALPAN,45992.81,259,1.8082902523242221,0.848159110359343,-0.2453312801665127,0.667423421725616,0.9735723270895372,-0.8262616468866437
ARENAL | AZCAPOTZALCO,91392.36,1351,1.7481555351016214,0.6677744277237738,0.22771645540608804,-0.050601289485260346,0.2904363421059339,-0.5535088085857468
ARGENTINA ANTIGUA | MIGUEL HIDALGO,99083.33,2167,2.2829372004352293,0.658656414195964,0.8319783551826739,0.014515698301528893,0.04177870399615856,0.08616456671781661
ARROYO GUADALUPE (U HAB) | GUSTAVO A. MADERO,23937.079999999998,622,1.6314604788888203,0.7780209028364753,-0.43478208121685047,0.32623247045238496,1.0038406419813237,-0.5468555081056187
ARTES GRAFICAS | VENUSTIANO CARRANZA,138746.39,3185,1.6768486733240409,0.6292220590704614,1.189670695273621,-1.1018126393689933,-0.12357614906516992,-0.024157806149253513
ARTURO MARTINEZ | ALVARO OBREGON,12878.75,441,1.7056562166359313,0.6059953514998744,-0.781248408977252,0.4359694745952194,0.6923194829925523,-0.4131623356185138
ARVIDE | ALVARO OBREGON,16666.01,155,2.1584872443974294,0.4048910909753586,-0.9300725130583011,0.9142631005422203,0.11859379102642034,-0.21248484215448293
ASTURIAS (AMPL) | CUAUHTEMOC,124955.35,1941,2.99128704773345,1.1255565809061756,1.8807108413981568,0.9061922840720453,0.6694634537759215,-0.09355943076932445
ASTURIAS | CUAUHTEMOC,84549.05,1566,2.7498875504810525,0.7542468612059907,0.8388252742063846,0.7900247671830637,0.2176350497128099,0.1013481506241547
ATACAXCO | LA MAGDALENA CONTRERAS,0.0,405,0.0,-0.0,-2.485174025115516,-1.2946996428639779,-0.012602204942778986,-0.9224697749897394
ATENOR SALAS | BENITO JUAREZ,36818.990000000005,811,2.9402077569210885,0.691358557748634,0.21171294351907302,1.3739967707074479,0.3512581178315065,0.22263915272793766
ATLAMAYA | ALVARO OBREGON,72109.43,463,3.415091479713541,0.49334909416315254,0.2744916933088495,1.8675339333769605,-0.4181603896456488,0.17533622868707058
ATLAMPA | CUAUHTEMOC,285589.99,4074,1.2861356940416573,0.6574762057093247,2.4271225811988413,-2.0630949948845254,-0.8982073049669327,-0.8887071116636694
ATLANTIDA | COYOACAN,29852.510000000002,375,3.0556562915480137,0.622872936766583,-0.046542387599160455,1.6807183681226083,0.22933340972174657,0.16528939041210056
AVANTE | COYOACAN,119771.09,3069,1.4316157596962673,0.5973674841450868,0.8558113945606972,-1.2555260220624247,0.0031175342433867282,-0.05933107020954558
AVE REAL | ALVARO OBREGON,3338.38,279,2.0050922902725277,0.6931342147937983,-0.6565703651421054,0.8309691965287762,0.8544535906708816,-0.3086120923029443
AVIACION CIVIL (AMPL) | VENUSTIANO CARRANZA,15013.14,668,2.2236574094426618,0.5314981989917243,-0.5412430182892181,0.763742340189699,0.36275741149456403,0.010147618490897223
AVIACION CIVIL | VENUSTIANO CARRANZA,105063.47999999998,1871,2.4232971342658747,0.7728968685022037,0.9773441024739355,0.32357336092613076,0.21452044757703448,-0.09012122664832148
AXOTLA | ALVARO OBREGON,115731.67000000001,846,3.933095841440809,0.24555632877962386,0.6328738067781855,2.0071471871769915,-1.380306952961034,0.4749019405397496
AZTECA | VENUSTIANO CARRANZA,12201.74,502,1.686957761761847,0.6215132222307099,-0.749878184518497,0.39478747211885173,0.733074093594963,-0.3980405626827166
BALCONES DE CEHUAYO | ALVARO OBREGON,1317.66,376,2.0,-0.0,-1.571218312873715,0.5339914518853188,-0.6040815045403806,0.15509519499115074
BANJIDAL | IZTAPALAPA,74332.2,1221,1.9949811790852416,0.031578655229737386,-0.6887465494786846,0.03250417008935694,-1.0196330824823572,0.014553798628875556
BARRANCA SECA | LA MAGDALENA CONTRERAS,5706.16,1403,1.7992310064912307,0.5014666287038629,-0.5555395425711308,0.011017956227993618,0.45903127934779303,0.2177951217297096
BARRIO 18 | XOCHIMILCO,1854.87,1849,2.828122725581847,0.6690271732929052,0.2884294721708463,0.7860587489979319,0.5244211335589083,0.9305638760720822
BARRIO NORTE | ALVARO OBREGON,48061.04,3558,1.0,-0.0,-0.4621994842335127,-2.02018275601855,-0.7023856145338873,0.8085911423563923
BARROS SIERRA | LA MAGDALENA CONTRERAS,1780.35,1272,2.0,-0.0,-1.219246142666662,0.08528723439279938,-0.6342997894204783,0.58615888639676
BATAN VIEJO (EL MAESTRO) | LA MAGDALENA CONTRERAS,8276.560000000001,367,3.3042423422291383,0.6144160927867105,-0.0988945502943692,1.9326621447031531,0.2744506465006401,0.45954558339364665
BEJERO | ALVARO OBREGON,10685.89,513,2.628878829933679,0.47972135131690735,-0.5163084789537921,1.1958321313526288,0.16650593879958925,0.21970112669707081
BELEM (BARR) | XOCHIMILCO,15722.57,386,2.0,-0.0,-1.4660656984368905,0.5121225793597429,-0.6947873736525383,0.05557354118292755
BELEN DE LAS FLORES (U HAB) | ALVARO OBREGON,122976.07,1229,1.0,-0.0,-0.8420148826862396,-0.9429803453614601,-1.101530909826269,-0.8633928489887589
BELEN DE LAS FLORES SECCION RELLENO | ALVARO OBREGON,14057.27,193,2.0,-0.0,-1.5528869144686201,0.6106075100498609,-0.6784528272546044,-0.025934612989712908
BELEN DE LAS FLORES | ALVARO OBREGON,17473.11,633,1.101081032512243,0.32745177288247673,-1.3272023755188034,-0.3132566816500303,0.24356408828144877,-0.5235424899846559
BELEN DE LAS FLORES_ | ALVARO OBREGON,26.68,633,1.0,-0.0,-1.9382598875749697,-0.5009078603075646,-0.3117672826526017,-0.2615335283935482
BELISARIO DOMINGUEZ | GUSTAVO A. MADERO,21158.86,347,2.8169131040141107,1.197790500636977,0.548353298909969,1.6923689038015979,1.5735459043269049,-0.25253890913286126
BELISARIO DOMINGUEZ | TLALPAN,228562.63,259,1.1352319055831657,0.24450131134457376,-0.08524641832429138,-0.37181859989620764,-1.2556356506151927,-2.167058795971682
BELLA VISTA | ALVARO OBREGON,237477.41999999998,2932,1.6117780376761717,0.7562566990845311,1.926962263862081,-1.1048255969102878,-0.4470981210122951,-0.9721972839028823
BELLAVISTA (U HAB) | IZTAPALAPA,18608.629999999997,1322,1.286381103821184,0.598879498960548,-0.5997194942540771,-0.394572005925437,0.7368624769428983,-0.254225301582275
BELVEDERE | TLALPAN,632.51,1020,1.0,-0.0,-1.7833822835151238,-0.6951874035060475,-0.3273669976901801,-0.07829019728740268
BENITO JUAREZ (AMPL) | GUSTAVO A. MADERO,5177.35,751,1.2424174529440735,0.5538504932004593,-0.9972994843917086,-0.14914892972741833,0.7559185571760396,-0.4316585068670981
BENITO JUAREZ | GUSTAVO A. MADERO,14473.599999999999,1801,1.8388707716117623,0.44153766273422423,-0.401768866480422,-0.18361961087269613,0.25322413338323124,0.4040651167583558
BENITO JUAREZ | IZTAPALAPA,10246.33,363,1.374070520859664,0.6610865927320039,-0.9075897931624429,0.19659970425683815,0.9248736891213339,-0.6466505168696713
BONANZA | ALVARO OBREGON,12850.54,497,2.0,-0.0,-1.443054140393028,0.45996538513838786,-0.6801471871466296,0.13019986111836226
BONDOJITO | GUSTAVO A. MADERO,85141.96,1685,2.041362214353534,0.8912062534943175,0.7497312823502185,0.13521238919596051,0.7076227565705232,-0.3153503226002534
"BOSQUE DE CHAPULTEPEC I, II Y III SECCIONES | MIGUEL HIDALGO",232516.7,1584,1.0,-0.0,0.06617575259600583,-1.2488084944473485,-1.7997981756623616,-1.4849459680711572
BOSQUE RESIDENCIAL DEL SUR (FRACC) | XOCHIMILCO,24584.2,1179,2.1991775205213107,0.6729003481628856,-0.09537495761521722,0.5249447198992183,0.5940978580908892,0.09248652656971673
BOSQUES DE LAS LOMAS | CUAJIMALPA DE MORELOS,287134.66,4021,3.907028639454394,0.18264778473761,2.976587469254534,0.17236086728968558,-2.678552810337931,0.794766186753505
BOSQUES DE TARANGO | ALVARO OBREGON,20556.84,1706,3.894995534333098,0.1517194162166994,0.15439486199900096,1.6205127574701812,-0.9970826389287831,1.6152782849605394
BOSQUES DE TETLAMEYA | COYOACAN,64025.689999999995,290,2.0093526520370184,0.9617732073308961,0.13898277118918412,0.8536960867421712,1.0416499198090785,-0.8975446312618289
BOSQUES DEL PEDREGAL | TLALPAN,7.24,1587,2.0,-0.0,-1.1091136330670557,-0.07019369667015103,-0.6327750486339906,0.7517302714090928
BUENAVISTA I | CUAUHTEMOC,197930.49999999997,2700,1.6692175788976433,0.6556274363866247,1.4491081347743675,-0.9260735610278058,-0.42199359917254703,-0.7077446145983861
BUENAVISTA I | IZTAPALAPA,853.26,3174,1.5284204111290816,0.6915308700146776,0.23220705309872144,-1.0474686943949965,0.9176061790023399,0.8514912595105213
BUENAVISTA II | CUAUHTEMOC,297501.44,3107,1.9616163538569762,0.9703909418852391,2.866360331576765,-0.8689741046325022,-0.4772375740848075,-1.2547051635928232
BUENAVISTA II | IZTAPALAPA,4.34,3777,1.0,-0.0,-0.7147845929738743,-2.073451701042076,-0.40747198376020055,1.2629633595104415
C T M ARAGON (U) | GUSTAVO A. MADERO,19478.859999999997,1830,2.1289105214576214,0.38431039257889577,-0.2997296568937435,0.039003820115135854,0.014876499380085194,0.5749768479625054
C T M ARAGON AMPLIACION (U) | GUSTAVO A. MADERO,822.9399999999999,102,3.0,-0.0,-1.2233458149445007,1.579484765706057,-0.8846709480868956,0.5764198479753675
CABEZA DE JUAREZ I (U HAB) | IZTAPALAPA,36324.55,281,2.0,-0.0,-1.362107748374304,0.540518256020192,-0.8208784716288295,-0.14460519943346742
CACAMA | IZTAPALAPA,91621.11,597,1.8816770501907256,1.02268167769894,0.47621439893125145,0.5735510059403788,1.025549993962491,-1.0545115414930422
CAFETALES I (RDCIAL) | COYOACAN,37438.0,492,3.774626315508307,0.5336255995064156,0.26109659427904647,2.2343414840560114,-0.22105400267636507,0.6150371790211647
CAFETALES II (RDCIAL) | COYOACAN,9507.42,469,3.690468076512871,0.3320086669774454,-0.254960318433869,2.130531100487368,-0.4480062833747321,0.8776780087737795
CALTONGO (BARR) | XOCHIMILCO,724.36,2258,1.0,-0.0,-1.300911923413926,-1.3145193991490725,-0.36568387533284197,0.5212754660687223
CALVARIO CAMISETAS | TLALPAN,12775.580000000002,195,2.689880224616025,0.6191964654896662,-0.4091272173050134,1.4573658474192581,0.44101865351117114,0.0025044145126616826
CALZADA JALALPA | ALVARO OBREGON,174.57,1327,1.0,-0.0,-1.667118232412308,-0.8482068487368848,-0.33385200055268205,0.07387347485861971
CAMINO A SAN JUAN DE ARAGON (PBLO) | GUSTAVO A. MADERO,45035.810000000005,1242,1.1240681582056586,0.24085930868469815,-1.0028158383665149,-0.6600296146592333,-0.1383038583903445,-0.3647467904014944
CAMPAMENTO 2 DE OCTUBRE I | IZTACALCO,18920.72,2259,1.5059659463276236,0.9060965817042732,0.2825201373040099,-0.5551297190112425,1.2936444585510956,0.13927131906005755
CAMPAMENTO 2 DE OCTUBRE II | IZTACALCO,39484.119999999995,2344,1.909771067456993,1.0826690016518825,0.8834991172657852,-0.19240403301328293,1.418483728201734,0.15069002537777992
CAMPESTRE ARAGON I | GUSTAVO A. MADERO,85637.61,3264,1.775844047959769,0.5490735354988655,0.7842072189468169,-1.0177352008498324,0.00844965055712536,0.500259515441548
CAMPESTRE ARAGON II | GUSTAVO A. MADERO,169058.69999999998,3453,1.904932133040181,0.3141087995181956,1.1860555716416967,-1.1762148920995312,-1.0567659394630882,0.19578140602416372
CAMPESTRE CHURUBUSCO | COYOACAN,267869.01,4000,3.177758748576403,0.9885756052211323,3.5871421447040013,-0.17038709297578786,-0.635107592122945,0.05192671065440443
CAMPESTRE COYOACAN (FRACC) | COYOACAN,38483.31,785,3.038717563535985,0.627191259258328,0.17177178774666513,1.4516938349471535,0.1767737970461331,0.28969107005800543
CAMPESTRE POTRERO | IZTAPALAPA,495.23,4015,1.2717727116693254,0.5850140582655539,0.2956441243747424,-1.7385383001050316,0.7433063014644185,1.1827421281149346
CANAL ONCE (U HAB) | XOCHIMILCO,14840.740000000002,269,1.397783398941023,0.3912890884559154,-1.265295030313823,0.16393230858596597,0.31989250654152807,-0.5548767170541545
CANANEA (U HAB) | IZTAPALAPA,768.1899999999999,1367,1.0,-0.0,-1.6473774840117383,-0.8689091847340513,-0.33879678751642994,0.08896600651510504
CANDELARIA DELOS PATOS (U HAB) | VENUSTIANO CARRANZA,9795.52,599,2.0,-0.0,-1.4248316918866735,0.41252409003673257,-0.6640842435338339,0.20178847139430425
CANTERA PUENTE DE PIEDRA | TLALPAN,29001.750000000004,1337,2.327435413380227,1.2830885713376943,0.8797824685590306,0.773924745891816,1.8179656546268486,-0.148693083188935
CANTIL DEL PEDREGAL | COYOACAN,17529.5,174,3.8647582646396073,0.41070842053228296,-0.12729842466574975,2.4548775511912466,-0.3733805921054177,0.7265222266304979
CANUTILLO 3RA SECCION | ALVARO OBREGON,64027.619999999995,1106,1.170917488421403,0.45733802899994735,-0.6084978754576273,-0.49481626260488165,0.19200208265535856,-0.6689338057802456
CAPULTITLAN | GUSTAVO A. MADERO,87980.69,1182,2.1738292800386083,0.48792470812043504,0.0900826479856902,0.36049506857431846,-0.18867761294221935,-0.27131223943830135
CARACOL | VENUSTIANO CARRANZA,70102.81,1519,1.8806470097275703,0.3656338843797903,-0.20382287494215204,-0.09674015138381999,-0.26044153355959504,-0.06838349660526985
CARLOS HANK GONZALEZ | IZTAPALAPA,34099.17,3150,1.1199398695041551,0.36680516833681964,-0.1689498006564791,-1.560581166297778,0.14043167107690302,0.5637331443151813
CARLOS ZAPATA VELA | IZTACALCO,77345.01,2204,1.2376940671415002,0.548407318408106,0.06599904739992817,-0.9666368477862011,0.24855816054619176,-0.24949543844845168
CARMEN SERDAN ( U HAB) | IZTAPALAPA,35.88,435,1.0,-0.0,-2.0152560303546876,-0.4018827359162011,-0.30578898536626,-0.35759838464052235
CARMEN SERDAN | COYOACAN,22205.77,2218,1.6145735995644375,0.6666582336691691,0.01610960117004004,-0.5249169664220611,0.7348461080241454,0.29523845131733256
CAROLA | ALVARO OBREGON,15321.11,129,1.0,-0.0,-2.0269010718614324,-0.26672510655123677,-0.39238622028097403,-0.6167075980052668
CASA BLANCA | IZTAPALAPA,30634.770000000004,1227,1.7546085705882564,0.557215240673768,-0.39396546769646673,0.04915128828100899,0.4391951586725469,-0.10528531799329376
CASAS ALEMAN (AMPL) I | GUSTAVO A. MADERO,146530.6,3188,1.7188879319404957,0.5940005583106457,1.2172559476045708,-1.0867727325180687,-0.2594814156555796,-0.03538524603030399
CASAS ALEMAN (AMPL) II | GUSTAVO A. MADERO,146027.12,3146,1.7989723415760033,0.501823764588449,1.1095921168298546,-1.025211247936137,-0.4738847516634677,0.045830731690137426
CASTILLO CHICO | GUSTAVO A. MADERO,5686.25,1183,1.4034627390635306,0.6743907303268584,-0.5890800975592758,-0.17679963782339156,0.9481203674685945,-0.20763002339705508
CASTILLO GRANDE | GUSTAVO A. MADERO,4639.2,1108,1.8495602690118986,0.42347108796371813,-0.7601111755967817,0.1778086836209959,0.2946372309177433,0.15576374948911
CENTRO DE AZCAPOTZALCO | AZCAPOTZALCO,130119.51000000001,1143,1.7922180155766032,0.5468813640779555,0.27595134281710004,0.005151068561301812,-0.21547739829996182,-0.8400805109466475
CENTRO I | CUAUHTEMOC,253129.26,2159,1.6607077348545165,1.0319204103242718,2.130747494243766,-0.5941745453287539,0.04847787170859446,-1.5944503035842092
CENTRO I | VENUSTIANO CARRANZA,145214.93,2169,1.2685732796207665,0.6124599035680471,0.6301006278142115,-0.9778152537281323,-0.04950549153323247,-0.778622575122282
CENTRO II | CUAUHTEMOC,205393.59,2360,1.5686311826965973,0.9364467230196412,1.702335816154232,-0.7563216624632879,0.16637039215368085,-1.1460637299109837
CENTRO II | VENUSTIANO CARRANZA,135601.77000000002,1070,2.101026557396706,1.1125798097326085,1.191309680849866,0.5165388884462062,0.861683619778381,-1.0755783771307577
CENTRO III | CUAUHTEMOC,210062.15,1517,2.255032379702864,1.3267024851188594,2.2483458841016493,0.4216437324675935,0.7898216271406001,-1.4386237689433472
CENTRO URBANO (U HAB) | COYOACAN,10304.630000000001,152,1.0,-0.0,-2.053213375590567,-0.2723553579233538,-0.36160540857501877,-0.5692096397623843
CENTRO URBANO PRESIDENTE ALEMAN (U HAB) | BENITO JUAREZ,50731.649999999994,938,3.0,-0.0,-0.5471400122414868,1.1028938783560964,-1.223368949399697,0.6201345364770411
CENTRO URBANO TLALPAN (U HAB) | COYOACAN,40295.32,215,1.0,-0.0,-1.8178716817376341,-0.33898360817520995,-0.5517387987511677,-0.7559607877755864
CENTRO V | CUAUHTEMOC,130786.76,863,2.047460155752769,1.2952270240776873,1.2989741184497288,0.6419601902836002,1.301147242936786,-1.2772253410184027
CENTRO VI | CUAUHTEMOC,357609.18,2623,1.9570341846369828,1.24959671811886,3.4754046653138997,-0.6022533079526559,-0.24632532507425803,-2.090474295052084
CENTRO VII | CUAUHTEMOC,256259.11,2233,2.3301550528291464,1.3363128716213775,2.8991373438205286,0.0810356120902374,0.4765145429970451,-1.3904481659965349
CERRO DE LA ESTRELLA I | IZTAPALAPA,89288.09,3358,1.479193249626014,0.6922810887704763,0.9039473784908485,-1.287477652611395,0.3729731424625321,0.27240963662718115
CERRO DE LA ESTRELLA II | IZTAPALAPA,101785.20999999999,2868,1.3955414544018723,0.6711624165660477,0.7342650906693157,-1.1404678919720697,0.2891319867577032,-0.08943160108312523
CERRO GRANDE | XOCHIMILCO,4310.5,649,1.0,-0.0,-1.901919240046156,-0.5139267901183978,-0.3391390493767129,-0.284814299629551
CERRO PRIETO | GUSTAVO A. MADERO,39634.149999999994,1164,2.5784294604526656,0.8228994691997122,0.38080299735950873,0.9124145021545556,0.7074101425428956,0.09737080708038198
CHALMA DE GUADALUPE I | GUSTAVO A. MADERO,353.66,3208,1.2012950291240174,0.5021924826257662,-0.1635351877229424,-1.4281288505170104,0.6137611198761291,0.802072244647468
CHALMA DE GUADALUPE II | GUSTAVO A. MADERO,8228.539999999999,2885,3.3238593966851955,0.6466420879419652,0.9332591361477124,0.7025182512859129,0.26059478229984284,1.6726976434087513
CHICHICASPATL | TLALPAN,0.0,725,0.0,-0.0,-2.3606312937457385,-1.454757658048098,-0.02235741109441448,-0.7673211719808201
CHIMALISTAC | ALVARO OBREGON,64673.21000000001,340,3.8020409068917407,0.24313093920470616,0.013723849150980743,2.200182907532967,-1.0113221871021474,0.5287742724187813
CHIMALISTAC | COYOACAN,28034.19,236,1.7769352351539318,0.5719856534335825,-0.7677715070500762,0.5733921102725205,0.5105255723270377,-0.5632530149863034
CHINAMPAC DE JUAREZ II | IZTAPALAPA,1117.31,4440,1.0,-0.0,-0.4489238953283658,-2.406375104900192,-0.434668227010521,1.5763479034630803
CHINAMPAC DE JUAREZ III | IZTAPALAPA,73765.69,2524,1.0,-0.0,-0.683934958014318,-1.5330934944637102,-0.8321790001316318,0.1210254759375307
CHINAMPAS DE SANTA MA TOMATLAN | IZTAPALAPA,15157.37,389,2.0,-0.0,-1.4688712362774152,0.5112838418971624,-0.6913317981564931,0.06112318738157717
CHURUBUSCO TEPEYAC | GUSTAVO A. MADERO,18318.23,529,3.8679610420875816,0.3902443831874764,-0.009752880697652701,2.2720284531670893,-0.4334806552424819,0.90664138978534
CITLALLI | IZTAPALAPA,2495.13,4000,1.267028170876868,0.5802805353641868,0.2953005596690388,-1.7393660719105404,0.7225612841225709,1.1611318046023553
CIUDAD DE LOS DEPORTES | BENITO JUAREZ,174443.57,2320,3.6960508776563104,0.44834616961844864,1.7845101467387747,1.0579595922730152,-1.29446950556898,0.5152034522026684
CIUDAD JARDIN | COYOACAN,36877.01,951,3.561791208126689,0.41583038470102973,0.17927179073642996,1.7703485561096108,-0.41914535459548474,0.7932599510319597
CIUDAD UNIVERSITARIA | COYOACAN,19792.699999999997,144,1.6589762892379514,0.9079847730305199,-0.46187320585112035,0.6413160300320859,1.3119655500541985,-0.809339326967999
CLAVERIA | AZCAPOTZALCO,271031.47000000003,3264,2.3734573332019337,0.7683927194539943,2.6572740136134723,-0.6143628084925782,-0.8645071341219485,-0.6420630069911641
CLUB DE GOLF MEXICO-SAN BUENAVENTURA | TLALPAN,46068.1,900,3.409936810938589,0.4957762138486672,0.26242669712363825,1.6756295126612815,-0.2614025843559205,0.571636477481992
COAPA 2A SECCION-RAMOS MILLAN | TLALPAN,57325.159999999996,1090,3.7569114503997896,0.28127663600498526,0.28480217979475275,1.8062289752297391,-0.8940062995718815,0.8985162309857674
COAPA-VILLA CUEMANCO | TLALPAN,25571.38,626,3.5722205841061374,0.7725474592671702,0.45972148856844197,2.0823208497669934,0.4150629469481915,0.5149951828298293
COCOYOTES (AMPL) | GUSTAVO A. MADERO,1049.7,361,1.0,-0.0,-2.0369297950382563,-0.3660564264063418,-0.3098955329316083,-0.4008220806769735
COCOYOTES | GUSTAVO A. MADERO,577.06,1329,1.0,-0.0,-1.6635104994664152,-0.8496784966642668,-0.33643888058328375,0.0719269326666868
COLINAS DE TARANGO | ALVARO OBREGON,3486.69,194,3.0236786178295176,0.6309025135521789,-0.3061318497771468,1.77594430030111,0.42668059254908064,0.24626935909190523
COLINAS DEL BOSQUE-LAS TORTOLAS | TLALPAN,31385.93,1864,1.0,-0.0,-1.238716804466182,-1.1533503461787826,-0.5460958591721605,0.10809189223704262
COLINAS DEL SUR | ALVARO OBREGON,49078.850000000006,3789,3.3260180301698186,1.0203331143223648,2.077795934914414,0.33721755298493544,0.7684291322766937,1.5979394765399357
COLONIAL IZTAPALAPA (FRACC) | IZTAPALAPA,9486.26,1440,2.0,-0.0,-1.0996917979276375,-0.007766261061583384,-0.6877813190304665,0.6117791213829467
COLTONGO | AZCAPOTZALCO,67149.95000000001,991,1.796642737634205,0.5050215013748092,-0.2803491222583236,0.1440595257121588,0.09428155619502417,-0.4306479490576122
COMPOSITORES MEXICANOS | GUSTAVO A. MADERO,14702.35,3254,1.3969209004002763,0.671743430731333,0.2737539517050781,-1.2301117058561095,0.824700571079029,0.7290910134391005
CONCORDIA ZARAGOZA (U HAB) | IZTAPALAPA,68129.45,999,2.0,-0.0,-0.8590894933852381,0.144146953314571,-1.0423650028659248,-0.026931317561795804
CONDESA | CUAUHTEMOC,352898.62,3946,2.9133208285144327,1.1578554806939922,4.271299213355246,-0.42288563186349715,-0.7309070187872363,-0.834799931299642
CONDOMINIO DEL BOSQUE (FRACC)-BOSQUE DE TLALPAN | TLALPAN,1507.59,243,4.0,-0.0,-0.7056664712080919,2.4160218880610413,-1.1853130571734798,1.1904077797349157
CONJUNTO HABITACIONAL PEDREGAL DEL LAGO | TLALPAN,52629.100000000006,492,2.0532653988002836,0.6481178397079217,-0.26589577481686494,0.6944595863047242,0.42910292821311674,-0.509658453668612
CONJUNTO URBANO CUEMANCO (U HAB) | TLALPAN,13640.57,676,1.2677556729667454,0.39369238802159673,-1.1716354234977047,-0.15543005072431576,0.3580872785009661,-0.42184648588370716
CONSEJO AGRARISTA MEXICANO I | IZTAPALAPA,51592.47,4172,1.5558557285588381,0.6868944124588755,0.9836056898152523,-1.5828007400699597,0.550913913634981,0.985546116035105
CONSEJO AGRARISTA MEXICANO II | IZTAPALAPA,82993.22,3515,1.2687953305101307,0.582056963746341,0.6756171472072591,-1.5887999810817939,0.23541466398248487,0.34267526974629037
CONSTITUCION DE 1917 I | IZTAPALAPA,43128.91,2642,1.9124311279835267,0.2968767007241636,-0.0346497238888604,-0.6224264234002559,-0.2804735316414463,0.7291882334074391
CONSTITUCION DE 1917 II | IZTAPALAPA,51116.329999999994,1598,1.9222860874401586,0.273150135531709,-0.412343973459802,-0.10907058735768867,-0.3519626657220327,0.18442750510144018
CONSTITUCION DE LA REPUBLICA | GUSTAVO A. MADERO,63237.3,3720,2.679669435602089,1.0039353999560243,1.8323083956454325,-0.23746977608073105,0.8356721934009578,1.1156080770101209
COPILCO EL ALTO | COYOACAN,17999.09,1090,1.6416507723446019,0.6524624818694216,-0.459240666187635,0.06375327146347422,0.7576241172875517,-0.19798142258341894
COPILCO EL BAJO | COYOACAN,113545.49,1561,2.1217529643845827,0.8877968633108778,0.9333510550600617,0.23574935786457013,0.5024433433972526,-0.5350133814750426
COPILCO UNIVERSIDAD | COYOACAN,77930.36,1148,2.8239908040974018,1.278329443709743,1.3711642538119553,1.260281797592225,1.3615566542320863,-0.3186612898942795
CORPUS CHRISTY | ALVARO OBREGON,45184.14,2402,1.8927922496699063,0.5589767921701373,0.23128118064742134,-0.42952020243178535,0.275446773496378,0.43403738311668344
CORPUS CURISTY AMPL XOCOMECATLA | ALVARO OBREGON,26692.19,895,2.0,-0.0,-1.1908529527071012,0.2446857040386417,-0.7791463880387944,0.2228769603319058
COSMOPOLITA (AMPL) | AZCAPOTZALCO,5240.37,303,1.8201997187221512,0.47109050866766533,-1.0183395719542365,0.5700098542108033,0.42495349609005284,-0.28286640580449474
COSMOPOLITA | AZCAPOTZALCO,26153.19,747,2.0,-0.0,-1.2522429165769036,0.31934366427369354,-0.771251998207723,0.15502602870937585
COUNTRY CLUB | COYOACAN,103608.28,1055,2.760566723045687,0.9177088111949633,0.9995203776140582,1.0910578639272308,0.45709448860456425,-0.37409127686573795
COVE | ALVARO OBREGON,87751.25000000001,1249,1.9153030868506145,0.43080367965879135,-0.08098071387588061,0.07225531713174993,-0.23489987720984182,-0.34614373469336274
CREDITO CONSTRUCTOR | BENITO JUAREZ,57090.53,337,3.510236986764705,0.5200993822919064,0.19956989179525617,2.044023762141681,-0.2911297294504029,0.2598268424171451
CRISTO REY | ALVARO OBREGON,24714.050000000003,242,1.905944189641115,0.9377350738463486,-0.2358595454286184,0.8213164767922765,1.2690504170974581,-0.6788816788924711
CRISTO REY | XOCHIMILCO,1375.04,574,1.0,-0.0,-1.9517440316931165,-0.4729759912839044,-0.3184305810927205,-0.29990852633260784
CRUZ DEL FAROL | TLALPAN,163.98000000000002,845,2.0,-0.0,-1.3967952730284783,0.3007572953589723,-0.6111388189505471,0.3908437964308475
CTM ATZACOALCO (U HAB) | GUSTAVO A. MADERO,47082.79,2557,1.9853674771609753,0.07634016055851814,-0.30429934706616363,-0.5966595750071635,-0.7916301518137197,0.8282963069942243
CTM EL RISCO (U HAB) | GUSTAVO A. MADERO,26784.1,2597,1.586356084393353,0.6781573848999359,0.19840139765017306,-0.7413797026204578,0.7271840759532606,0.4235680082998039
CTM IX CULHUACAN 32-33 (U HAB) | COYOACAN,48382.54,1232,2.0,-0.0,-0.9072195568383412,0.05072684831595865,-0.9255421575830662,0.22911149777229428
CTM IX CULHUACAN ZONA 29-30 (U HAB) | COYOACAN,20092.78,1182,1.599857262160836,0.6730694997783041,-0.40003445748438354,-0.01533812991093706,0.7975816396415959,-0.20359284435131075
CTM IXA CULHUACAN (U HAB) | COYOACAN,26530.050000000003,978,1.9704727280951222,0.13309505924499643,-0.993509029931515,0.22382947964607808,-0.48981620388312835,0.17029894368145473
CTM V CULHUACAN (U HAB) | COYOACAN,43091.979999999996,1986,1.3343404039452353,0.637209935666271,-0.09546709341592949,-0.6982049228400634,0.6302409140946479,-0.10566684960929858
CTM VI CULHUACAN (U HAB) | COYOACAN,77928.48999999999,4653,1.7977136474734723,0.5035556919027905,1.2191668534202553,-1.6997736588902725,-0.08841847251132237,1.2681842766568656
CTM VII CULHUACAN (U HAB) | COYOACAN,134055.78,2424,1.5359694300387496,0.6905573442413784,0.8788124543012482,-0.8217951062226483,0.10026076284642624,-0.47252541288873634
CTM VIIA CULHUACAN (U HAB) | COYOACAN,2006.2800000000002,362,2.0,-0.0,-1.571826339059566,0.5401876681393823,-0.6079762927919478,0.14331808218939107
CTM VIII CULHUACAN (U HAB) | COYOACAN,70325.90000000001,3451,1.9505327340282883,0.5639401042635656,0.8494301339856096,-0.9294659721039205,0.0793470732189452,0.7893627241548884
CTM X CULHUACAN (U HAB) | COYOACAN,72755.11,1647,1.8411931478077623,1.0464602796384121,0.7658143484519309,0.04214363404990859,1.1741824502506137,-0.4449158408652887
CUADRANTE DE SAN FRANCISCO | COYOACAN,45706.96000000001,1089,2.1588712091112603,1.0868586667343585,0.5585443159712723,0.6556743413290561,1.3538246492029569,-0.36816664843829394
CUATRO ARBOLES | VENUSTIANO CARRANZA,37723.59,719,1.8066952270449341,0.7407114181113997,-0.27023566293515777,0.40740887634857414,0.7840743103083004,-0.48144227820039087
CUAUHTEMOC PENSIL | MIGUEL HIDALGO,100415.26,4347,1.7370941428623499,1.015021379118564,1.9209584583238042,-1.4464087710135194,0.8820234886301099,0.6247873997147397
CUAUHTEMOC | LA MAGDALENA CONTRERAS,56340.03,1652,1.9713503879923386,0.13001628768240708,-0.5253938434236533,-0.1484947375140888,-0.7042265132898704,0.28337543771598844
CUAUTEPEC DE MADERO | GUSTAVO A. MADERO,62694.880000000005,2336,1.1814897803456996,0.47364500916857977,-0.11229584660455245,-1.093088230002049,0.1943596967730666,-0.06662856242461188
CUAUTEPEC EL ALTO (PBLO) | GUSTAVO A. MADERO,4279.1900000000005,1630,1.2171462356193579,0.5232722440987764,-0.7143702775603441,-0.6215609276312886,0.6772999826731394,0.004968814366647586
CUCHILLA AGRICOLA ORIENTAL | IZTACALCO,32289.15,760,2.0101916588079893,0.05688038596222914,-1.1225830600579239,0.33511327430969895,-0.6925210313705253,0.08926027357103214
CUCHILLA DE PADIERNA | TLALPAN,48.5,975,2.0,-0.0,-1.3470115658057784,0.23586894503173605,-0.6143771526096928,0.4547096209090375
CUCHILLA DEL TESORO | GUSTAVO A. MADERO,146551.1,3144,1.9957049793553239,0.027694930177548933,0.5624346250089122,-1.0146297290500947,-1.5399271268792891,0.42630843462952256
CUCHILLA LA JOYA | GUSTAVO A. MADERO,40714.91,718,3.2391615258390596,0.5501115073733703,0.1491118891199706,1.6371899387069382,-0.05717032219845544,0.39641971905012136
CUCHILLA PANTITLAN | VENUSTIANO CARRANZA,108323.53,2470,1.1280742974310383,0.36560585746508595,0.09027012268794579,-1.3004100341253015,-0.30956767478425756,-0.29856729957726413
CUCHILLA RAMOS MILLAN | IZTACALCO,13037.97,1233,1.6489507185551124,0.7006121638818322,-0.37010576518651606,0.021766701149525843,0.8843656909452177,-0.11680749873215535
CUCHILLAS DEL MORAL (U HAB) | IZTAPALAPA,62383.09,1155,1.0,-0.0,-1.2967593756054803,-0.8350171350066116,-0.719011127036504,-0.4602475880721462
CUITLAHUAC (U HAB) | IZTAPALAPA,876.54,646,1.3537089009058343,0.6497124101323525,-0.8879958491019461,0.043493982464926924,0.9568768270833974,-0.4461201109696117
CUITLHUAC 1 Y 2 (U HAB) | AZCAPOTZALCO,60430.479999999996,779,2.0,-0.0,-0.998833246596634,0.2632017500215421,-0.9873418056746305,-0.07781348395631511
CUITLHUAC 3 Y 4 (U HAB) | AZCAPOTZALCO,120571.60999999999,1529,2.0,-0.0,-0.2841685552426106,-0.18235493525248553,-1.3876337824864466,-0.1499334646695711
CULHUACAN (PBLO) | IZTAPALAPA,37721.880000000005,1536,1.3627759273928022,0.6549986599671511,-0.2713135861015258,-0.43470115669879916,0.7070756950410183,-0.2796694817151677
CULTURA MAYA | TLALPAN,450.24,1116,2.0843550106609805,0.778945150117066,-0.19895313792391142,0.5181393206059792,1.0058709002699229,0.11164550124293215
DAMIAN CARMONA | VENUSTIANO CARRANZA,6006.53,851,2.0,-0.0,-1.3533893484035397,0.29091502364600413,-0.6479878708946537,0.35142093188466206
DANIEL GARZA (AMPL) | MIGUEL HIDALGO,128695.78,2017,2.379747183629487,1.2951169186175848,1.8854430418240364,0.36883179206291045,1.1818129918344473,-0.5195536480406264
DANIEL GARZA | MIGUEL HIDALGO,70355.43000000001,1601,2.418282284679377,1.035899587921711,0.9810846078984027,0.588129290094824,0.9997139994195392,-0.1259261826230047
DE LA CANDELARIA (PBLO) | COYOACAN,103300.13,2360,1.6062144355481451,0.9383571397257335,1.0044525228712753,-0.6019788655339148,0.8001540444556345,-0.3867737256416852
DEFENSORES DE LA REPUBLICA | GUSTAVO A. MADERO,60535.899999999994,1250,2.5535070924856162,0.7478899451625083,0.4485133471361771,0.79565482625459,0.4218407517768989,0.01771350440374187
DEGOLLADO | IZTAPALAPA,3221.1,856,1.0,-0.0,-1.8290136992737596,-0.6161887137285024,-0.3386126913050631,-0.176559354395907
DEL BOSQUE (POLANCO) | MIGUEL HIDALGO,76953.97000000002,371,3.99403578528827,0.014353072514753037,-0.10884421077211612,2.2633402327107635,-1.6305180406264688,0.6941572381396184
DEL BOSQUE | GUSTAVO A. MADERO,38186.15,1484,1.0781306835069782,0.2741799425868337,-0.9328304309241908,-0.8029224712418256,-0.01862458889874223,-0.2425409961067102
DEL CARMEN | COYOACAN,462610.47000000003,3610,3.687022712650667,0.5881347623191706,4.496875403164912,0.11676102450902813,-2.8431972976845072,-1.0338699035747876
DEL GAS (AMPL) | AZCAPOTZALCO,105221.63,2330,1.1128621558134009,0.35245783929751107,-0.010741746868001367,-1.2452333353533307,-0.30927002010576415,-0.34466635357516684
DEL GAS | AZCAPOTZALCO,108077.09,2540,1.9934008215802257,0.30967002919657954,0.436568275861144,-0.5694036109845287,-0.6814794450696748,0.24626442271597998
DEL MAESTRO | AZCAPOTZALCO,16019.310000000001,213,1.97444209519636,0.11894442877048775,-1.3824183313167422,0.6173527578070495,-0.431697568919204,-0.11399767791565055
DEL MAR NORTE | TLAHUAC,14728.8,776,2.8588187768182065,0.6109956531408385,-0.10297448489381292,1.3149337802569974,0.3443217134699183,0.3678492397966656
DEL MAR SUR | TLAHUAC,77963.70999999999,4214,2.1413025367828187,1.0673277450638026,1.9671170200000865,-0.9680498344828286,1.0198418089054222,0.9149761801686677
DEL NIO JESUS (BARR) | COYOACAN,17392.29,781,4.0,-0.0,-0.384616028628822,2.1283245683714225,-1.3014017474037842,1.336159577207115
DEL OBRERO | GUSTAVO A. MADERO,30374.18,1173,1.8170920169696763,1.0411912952421378,0.2652625354751927,0.3051023156974189,1.4504688407766946,-0.377853102811657
DEL RECREO | AZCAPOTZALCO,176774.83000000002,3210,1.6378441998784556,0.6832043637003479,1.5217477656343645,-1.175081707026281,-0.2371365265571392,-0.3405748621650923
DEL VALLE II | BENITO JUAREZ,446809.53,5019,3.8696127855643545,0.3871221226787189,4.746397586183617,-0.47512593597768404,-3.266547908328852,-0.018308787104219005
DEL VALLE IV | BENITO JUAREZ,345747.25999999995,3723,3.888970081787489,0.32303849393587525,3.4539132706865074,0.2862564159528741,-2.7343404266707605,0.1336682828385397
DEL VALLE V | BENITO JUAREZ,306917.82999999996,3504,3.7890348371093334,0.5152326350774447,3.3094535320945626,0.4188026796631984,-2.0472608613000998,0.14154686729150343
DEMET (U HAB) | AZCAPOTZALCO,70363.56,1463,2.0,-0.0,-0.6627976489469873,-0.09055314245119088,-1.070530675335626,0.18184702566596364
DEPORTIVA PENSIL | MIGUEL HIDALGO,95480.78,1002,3.3057742092178133,0.9943115562988456,1.2748877512616357,1.6492681085313805,0.5129209873433835,-0.0854582205877779
DESARROLLO URBANO QUETZALCOATL  I | IZTAPALAPA,38931.75,4061,1.1208101356861688,0.368536028495224,0.22231442135551174,-2.020500023870813,0.08574797362033894,0.9698758180893687
DESARROLLO URBANO QUETZALCOATL  II | IZTAPALAPA,47966.54,4228,1.17133360046399,0.45799451709933936,0.4947462511930665,-2.0369650042979366,0.1988930286755071,0.96095016497808
DESARROLLO URBANO QUETZALCOATL  III | IZTAPALAPA,43486.51,5334,1.16869024439993,0.4538033374952637,0.8868347598173271,-2.588808270327786,0.18517681721153004,1.530634912317308
DESARROLLO URBANO | ALVARO OBREGON,2416.39,1383,1.0,-0.0,-1.6295641723087184,-0.8788420029694566,-0.3496281708930771,0.08478148683452517
DM NACIONAL | GUSTAVO A. MADERO,173053.19,2924,1.0,-0.0,0.16969416828973927,-1.8494241625872485,-1.4674724347534838,-0.40442133543174924
DOCTORES I | CUAUHTEMOC,344465.47,3467,2.0530696734276446,1.0773903004813032,3.5229630827259344,-0.9829970241514454,-0.5827681418000724,-1.4325809340955602
DOCTORES II | CUAUHTEMOC,327609.24,4995,2.0848681801526725,1.231920773328442,4.222371087594827,-1.6437783013040685,-0.20517915689442173,-0.6423645628421836
DOCTORES III | CUAUHTEMOC,248016.05000000002,2914,1.684317970550696,0.9555416431716799,2.296334115339413,-0.9715192974708736,-0.11130088265273513,-1.1337388619238626
DOCTORES V | CUAUHTEMOC,228693.34,3153,1.7672428501853181,0.8262128323425355,2.116881467062089,-1.0390905993940047,-0.2957745262407611,-0.7566658444688213
DOLORES TLALI | TLALPAN,0.0,360,0.0,-0.0,-2.502687846714391,-1.272191484478711,-0.011230379077705313,-0.9442875472878688
DR ALFONSO ORTIZ TIRADO | IZTAPALAPA,60107.63,1091,1.6458138509204239,0.6499995856860331,-0.16426430332196484,0.016851859525992687,0.4868944733248244,-0.4988612391201146
EDUARDO MOLINA I (U HAB) | GUSTAVO A. MADERO,26834.73,420,2.0,-0.0,-1.3747190714020519,0.4821049167739619,-0.7655605434246702,-0.008454513628172972
EDUCACION | COYOACAN,80286.09,2464,2.731105724540827,0.9449265146570731,1.407208321134717,0.39653214731340236,0.6268217610765878,0.4459092363730713
EJERCITO DE AGUA PRIETA | IZTAPALAPA,47073.079999999994,2055,1.2884608357897975,0.6007677806150313,-0.11084326728737595,-0.791975776609453,0.5392789621701564,-0.10503358882160237
EJERCITO DE ORIENTE (U HAB) I | IZTAPALAPA,5726.25,2033,1.0,-0.0,-1.3533197806234079,-1.2078354419060444,-0.3902151505657353,0.37594566328435575
EJERCITO DE ORIENTE (U HAB) II | IZTAPALAPA,19458.839999999997,2563,1.0483656785296556,0.19367467257944115,-0.7668627597023389,-1.376308106563583,-0.09600426666263459,0.4469211867794584
EJIDOS DE SAN PEDRO MARTIR I (NORTE) | TLALPAN,663.9,1923,2.1566049103780687,1.1909507002105357,0.7060055155828463,0.3261814358197089,1.8324596191078535,0.300501533795874
EJIDOS DE SAN PEDRO MARTIR II (SUR) | TLALPAN,884.1899999999999,2200,1.1257308949433946,0.3585197908346917,-0.7807084273321769,-1.0442022286577635,0.35858011407908097,0.351820907805025
EJIDOS SAN JUAN DE ARAGON 1A SECCION (U HAB) | GUSTAVO A. MADERO,12569.07,814,1.3589342727823142,0.6528025477091686,-0.7338517479836609,-0.048385989163548276,0.8834028159175301,-0.4483125764390941
EJIDOS SAN JUAN DE ARAGON 2A SECCION (U HAB) | GUSTAVO A. MADERO,7183.53,238,1.3291849550290735,0.6335999301559084,-1.03543888817881,0.21219533065330953,0.9027305478707219,-0.6937232474088109
EJTO CONSTITUCIONALISTA | IZTAPALAPA,208836.43,1959,1.4661504700113865,0.6908538455337299,1.1919377845075705,-0.7400541125015772,-0.33384614472613827,-1.278409680619018
"EJTO CONSTITUCIONALISTA, SUPERMANZANA I ( U HAB) | IZTAPALAPA",1536.4,2054,1.0,-0.0,-1.3745996039861217,-1.2134332518599085,-0.3645610578988603,0.4164846368557382
"EJTO CONSTITUCIONALISTA, SUPERMANZANA II ( U HAB) | IZTAPALAPA",31139.84,1591,1.0,-0.0,-1.3466972347002164,-1.0165126992071334,-0.5362290597715976,-0.022486227042693725
EJTO DE OTE II (U HAB) | IZTAPALAPA,73101.22,2100,1.0963931928906248,0.31708494882342686,-0.3813529860124189,-1.1200971989295003,-0.17087636481437393,-0.2118598572162434
EL ARBOLILLO 1 (U HAB) | GUSTAVO A. MADERO,129496.56,2308,2.0,-0.0,0.0817539222207504,-0.582446607040958,-1.4673919987682624,0.1630911414540845
EL ARBOLILLO 2 (U HAB) | GUSTAVO A. MADERO,112959.26999999999,1467,1.0,-0.0,-0.8198002531002333,-1.0502945793532952,-1.0459238255578307,-0.6754248571612201
EL ARBOLILLO 3 (U HAB) | GUSTAVO A. MADERO,47089.119999999995,757,2.0,-0.0,-1.1011798898556928,0.28982746154825917,-0.9029446463130414,0.008184199445852285
EL ARBOLILLO | GUSTAVO A. MADERO,2611.69,304,1.0,-0.0,-2.0481338151389825,-0.339375064541616,-0.3179604810584241,-0.4397752452193923
EL ARENAL 1A SECCION | VENUSTIANO CARRANZA,60885.79,1565,1.7928570853724655,0.5101465610866552,-0.09579907890955112,-0.13732610529045527,0.12806814784306111,-0.1120412214969043
EL ARENAL 2A SECCION | VENUSTIANO CARRANZA,4934.63,150,1.041143915551926,0.17156268807830305,-1.8412549534335454,-0.16677450330126967,0.02392784410789127,-0.6088230202907078
EL ARENAL 3A SECCION | VENUSTIANO CARRANZA,6256.99,553,2.0,-0.0,-1.4676091351361698,0.43967578057920925,-0.640475149165384,0.20512410005613543
EL ARENAL 4A SECCION | VENUSTIANO CARRANZA,68983.43,2867,1.4352607575471386,0.6847412618456683,0.5398177933906628,-1.060676326007776,0.5122100533780668,0.1616850693580259
EL BOSQUE 2DA SECCION (AMPL) | ALVARO OBREGON,3325.86,72,1.0,-0.0,-2.1334069709700896,-0.22416924255993204,-0.31536987947631545,-0.5574324650551628
EL BOSQUE | ALVARO OBREGON,3331.7400000000002,149,1.0,-0.0,-2.1033975422275684,-0.26269008749865524,-0.317754127123672,-0.5201424356990771
EL CAPULIN (AMPL) | ALVARO OBREGON,1520.35,170,1.0,-0.0,-2.1079577598928685,-0.2710728941279475,-0.30702655655657207,-0.4968364738951388
EL CAPULIN | ALVARO OBREGON,6165.21,338,1.0821691394129316,0.28403545876917113,-1.5887868707073285,-0.18505353037519864,0.23698390603706232,-0.5696936449163155
EL CARACOL | COYOACAN,99418.09999999999,986,3.195407979029975,0.8983526907565859,1.1162290502647831,1.5183782884448245,0.3174567816709957,-0.12646249644056273
EL CARMEN | GUSTAVO A. MADERO,15028.26,2028,1.1610286220760089,0.4413716399659938,-0.6201913474548253,-0.9132579303653918,0.44043291396031964,0.1369913485962764
EL CARMEN | XOCHIMILCO,175.35,1971,1.1166809238665525,0.36025938222389864,-0.8766131924744797,-0.9364289521313515,0.37634136632329757,0.23992971684691555
EL CENTINELA | COYOACAN,19060.52,621,3.5595901895646076,0.7024829446276319,0.3116218105133081,2.056091689229046,0.31119698871283913,0.593713723980761
EL CONTADERO | CUAJIMALPA DE MORELOS,110574.85,2316,2.725585881418785,0.7337926015141552,1.2749260252911279,0.355086523812394,-0.004833770066036159,0.2749756760670604
EL COYOL (U HAB) | GUSTAVO A. MADERO,7982.51,655,2.880292038469103,0.9770789780900673,0.3066257144971122,1.5328837149299106,1.1603331808563977,0.15606728051514007
EL CUERNITO | ALVARO OBREGON,6333.1,584,1.0,-0.0,-1.91299892761283,-0.48378331732845087,-0.3498507715311734,-0.33098350573164165
EL DIVISADERO | TLALPAN,0.0,267,0.0,-0.0,-2.5388830780187326,-1.225674623815826,-0.00839527228988636,-0.9893776100373358
EL EDEN | IZTAPALAPA,942.39,367,1.0,-0.0,-2.0353489644467735,-0.36893186230148506,-0.3094049967470235,-0.3971355351869819
EL ERMITAO | LA MAGDALENA CONTRERAS,0.0,1220,0.0,-0.0,-2.167979256158114,-1.7023474002860342,-0.03744749561022544,-0.5273256767013981
EL JAGUEY-ESTACION PANTACO | AZCAPOTZALCO,93115.06000000001,561,1.0920511676628892,0.3072579645582477,-0.8548934355597096,-0.38118541580492515,-0.26913036464801976,-1.0996879248691143
EL MANTO PLAN DE IGUALA | IZTAPALAPA,5831.469999999999,596,1.3352173637178963,0.6378120996019927,-0.897161127534942,0.0416863690122023,0.9074719338752558,-0.5094933165958739
EL MANTO | IZTAPALAPA,5494.129999999999,3360,1.4767542813875902,0.6920660640318176,0.3142809912891292,-1.192652258672459,0.89903500299869,0.8792869470355255
EL MIRADOR | COYOACAN,83924.39,1195,1.8201000924760966,0.6768767566559375,0.15974483827792624,0.10472049212125525,0.34034851830850504,-0.5407396939138995
EL MIRADOR | IZTAPALAPA,28228.460000000003,1591,1.0404814857062696,0.16947132816480343,-1.1198044420809314,-0.9161553183314296,-0.1704274940320058,-0.07808695484301852
EL MOLINITO | CUAJIMALPA DE MORELOS,3292.33,89,2.751243040642949,0.6618799027656839,-0.43131108365646875,1.5923596198181817,0.576350843775878,0.028677147690981133
EL MOLINO | CUAJIMALPA DE MORELOS,36383.92,446,3.846166108544654,0.4293021170657251,0.12769179942885242,2.286476514991536,-0.45514083834039165,0.7006931419402251
EL MOLINO | IZTAPALAPA,4321.83,1854,1.163708429068242,0.44576845439107216,-0.7560094431905934,-0.8096953035534566,0.5214682766318465,0.129109599959971
EL MOLINO_ | IZTAPALAPA,5225.16,1854,1.9083262522104585,0.30639325633602676,-0.596814967555174,-0.18424750198857204,0.002799620158152284,0.6139460585422979
EL OCOTAL | LA MAGDALENA CONTRERAS,0.0,2669,0.0,-0.0,-1.6040342006743402,-2.427110100291629,-0.08162028846559934,0.17520659129836486
EL OLIVO | GUSTAVO A. MADERO,8695.119999999999,514,1.6646613272732291,0.6378951245542162,-0.7579508038192173,0.3784680413221379,0.795963181200973,-0.38865977815267566
EL PARAISO | ALVARO OBREGON,48253.79,1350,1.9646017442360486,0.15303306633696068,-0.6717878075696544,0.014077158753923808,-0.5934966250314334,0.1783832111645324
EL PARQUE DE COYOACAN (FRACC) | COYOACAN,3412.79,460,2.1900263420837494,0.6716406290881203,-0.5299253094396845,0.9006097073896259,0.7488836098678087,-0.10701935441837312
EL PARQUE | VENUSTIANO CARRANZA,95970.44,880,1.6731266419118218,0.8792063032247763,0.3276978974047852,0.186608636176745,0.7463038007417055,-0.9798398072021354
EL PIRU (FRACC) | ALVARO OBREGON,0.0,428,0.0,-0.0,-2.4762225162983134,-1.3062038127053366,-0.013303360384927757,-0.9113184691484734
EL PIRUL | ALVARO OBREGON,18859.34,577,1.3753275565316707,0.6617303335618934,-0.762311004922903,0.08084560004198799,0.8652950508810722,-0.6049839022325221
EL POCITO | ALVARO OBREGON,3617.95,265,2.0,-0.0,-1.5982489704027232,0.5868181103815446,-0.6151336173577154,0.08461138834074867
EL PRADO | IZTAPALAPA,55657.45,791,2.0,-0.0,-1.0277153523078546,0.26278843139390634,-0.9577534800387101,-0.03741266361748803
EL RELOJ | COYOACAN,51126.27,1069,3.879611010151924,0.2377397425680644,0.23046546810801188,1.91992134762041,-0.9826149243882834,1.0262337288362366
EL RETOO | IZTAPALAPA,99256.87,2499,1.8306729801171444,0.6694557744381643,0.7698601017042305,-0.5585062988135803,0.18555037722331189,-0.009444168970834306
EL RODEO | ALVARO OBREGON,761.56,74,1.0,-0.0,-2.150654564154142,-0.22216700390242555,-0.2993380497113386,-0.5378832801877649
EL RODEO | IZTACALCO,64992.78,1563,2.5886623098750356,0.8139315538187162,0.706931214393389,0.6892537390180763,0.5140988816504867,0.11795902651993803
EL RODEO | IZTAPALAPA,18417.98,736,1.7927356854551912,0.5103094633237535,-0.7168096619856771,0.3269984308106861,0.42023671144554214,-0.20643668715692948
EL ROSAL | LA MAGDALENA CONTRERAS,282.86,1939,2.0,-0.0,-0.9701791321456786,-0.2465802435357643,-0.6452354862309654,0.9203967439335458
EL ROSARIO (BARR) | XOCHIMILCO,33499.04,192,1.5483831775477745,0.6884579826997327,-0.6938952158212685,0.42287818280855727,0.7912911731341981,-0.8180471224812635
EL ROSARIO A (U HAB) | AZCAPOTZALCO,276622.59,1677,1.9814552744951162,0.09232008783832664,0.9865636954989035,-0.42314940483542174,-2.170301294233668,-1.2729688152666285
EL ROSARIO B (U HAB) | AZCAPOTZALCO,242700.71,3109,1.8974167401488031,0.34115722437957063,1.6029240308834802,-1.0875970299913784,-1.448885595183987,-0.5245089159226465
EL ROSARIO C (U HAB) | AZCAPOTZALCO,6155.94,2656,1.0,-0.0,-1.107830104684234,-1.5199515246918114,-0.41190392681082477,0.6748873025807823
EL ROSARIO | IZTAPALAPA,16324.900000000001,1708,1.9794932893922779,0.10000464352900619,-0.821680998211321,-0.1329177687488145,-0.5208262538334263,0.6224663889938317
EL ROSARIO | TLAHUAC,72.79,885,1.0,-0.0,-1.8398583520893848,-0.6270075385857896,-0.3197388804248842,-0.13968809119949363
EL ROSEDAL I | COYOACAN,55551.36,622,2.021573189207249,0.5580807750089837,-0.3308398506186135,0.5652606342683476,0.22513841361321443,-0.43266354596059814
EL ROSEDAL II | COYOACAN,65261.71,885,2.0,-0.0,-0.9236168863819052,0.20452552775418664,-1.0208926098249438,-0.06142494209527173
EL SANTUARIO (AMPL) | IZTAPALAPA,13381.18,1190,1.2320400741937556,0.5417296600999776,-0.7898910016772922,-0.39206118865166883,0.6683800195181385,-0.27688864971625415
EL SANTUARIO | IZTAPALAPA,18133.760000000002,1784,1.8472478956377496,0.4274533368565073,-0.39783564233533397,-0.17679979776704785,0.19846085584826087,0.382141938015677
EL SIFON | IZTAPALAPA,96016.96,3199,1.790301317600557,0.5135571735385637,0.7905395279614235,-0.9968671185634188,-0.134238972948586,0.4222460001352125
EL TANQUE | LA MAGDALENA CONTRERAS,252.69,2838,2.0,-0.0,-0.6205039790236402,-0.6962079031566986,-0.672452180381925,1.3564859457225051
EL TIANGUILLO | CUAJIMALPA DE MORELOS,0.0,558,0.0,-0.0,-2.425627031679341,-1.3712273813738853,-0.017266412884029646,-0.8482893491760998
EL TORO | LA MAGDALENA CONTRERAS,715.27,1221,2.0,-0.0,-1.246582219360098,0.11204360864525263,-0.626060921624505,0.5691490611231375
EL TRIANGULO | IZTAPALAPA,5979.070000000001,1740,1.0066582261120876,0.0400063887271884,-1.4085113698667338,-1.041323210469167,-0.29998319624033193,0.21235522758408
EL TRIANGULO | TLAHUAC,3557.74,1132,2.1100192819036807,1.1396700260090933,0.32791956678882356,0.6579279076430106,1.7432801845749843,-0.09967136567681392
EL TRIUNFO (AMPL) | IZTAPALAPA,44318.09,1819,1.0671547442590599,0.24621618159849662,-0.802127977230671,-0.9975607116872711,-0.12340921201984277,-0.11425880231707983
EL TRIUNFO | IZTAPALAPA,43098.41,855,1.5813796843085395,0.6798427665430116,-0.364898692788878,0.10691405095330557,0.6829322091185436,-0.5429510302639811
EL VERGEL DE COYOACAN ( INFONAVIT EL HUESO) (U HAB) | COYOACAN,19133.78,222,1.0,-0.0,-1.9639043223249757,-0.3177063152689576,-0.4191485333342545,-0.5992420431202925
EL VERGEL TRIANGULO DE LAS AGUJAS I (U HAB) | IZTAPALAPA,21951.7,361,1.0,-0.0,-1.8899972427618514,-0.3905310866948483,-0.4410703960487087,-0.5522664656837089
EL VERGEL | IZTAPALAPA,62636.56,1457,1.780625564366881,0.5261150646295232,-0.10956644895915872,-0.09078905039040719,0.15780557563654504,-0.19315025967751645
EL YAQUI | CUAJIMALPA DE MORELOS,32040.85,591,3.7407100623110807,0.29419934364908207,-0.07711701073492774,2.0753069744657324,-0.6879839696996386,0.8233095112851792
EMANCIPACION DEL PUEBLO | ALVARO OBREGON,14300.67,235,2.0,-0.0,-1.5348296780472355,0.5893148925756887,-0.6812607055580693,-0.007334901247942078
EMILIANO ZAPATA (AMPL) | GUSTAVO A. MADERO,18335.96,377,3.161185997351652,0.6090703379547475,-0.09702524721366575,1.7841069520897728,0.24145978627277012,0.3158665649656199
EMILIANO ZAPATA (AMPL) | IZTAPALAPA,726.1,2578,1.7661892301335904,0.543840095416383,-0.09116256286317218,-0.5858100752338837,0.5539647620496382,0.7806226524756992
EMILIANO ZAPATA (U HAB) | COYOACAN,20874.3,1658,1.6053012556109665,0.6708035567085047,-0.209849536844024,-0.25020198980296926,0.7717714892858544,0.025849101362089864
EMILIANO ZAPATA 1A | TLAHUAC,2372.01,592,1.922011290002993,0.2738294090346151,-1.145736620580648,0.4511795089799205,-0.013868973868762086,0.049305547735380005
EMILIANO ZAPATA 2A | TLAHUAC,3372.25,395,1.0,-0.0,-2.0073705486758033,-0.38578212081594526,-0.3255076708119261,-0.40116546029435823
EMILIANO ZAPATA | COYOACAN,19858.1,431,2.322031815732623,0.9961145450282911,0.07295046016864423,1.1309558344612891,1.2960360369838682,-0.3570692398503737
EMILIANO ZAPATA | GUSTAVO A. MADERO,62097.71,1360,2.39482422137628,0.6708571781551826,0.3256197746231943,0.5673813506422789,0.2916857544161759,0.01735394172590324
EMILIO CARRANZA | VENUSTIANO CARRANZA,108705.87999999999,1368,1.7471721860859781,0.565420544899815,0.21739223042340955,-0.11662631866179723,-0.03548417676535291,-0.6114701105571553
ERMITA ZARAGOZA (U HAB) I | IZTAPALAPA,1841.37,2704,1.1329607846331808,0.39197652874102623,-0.5293408692539971,-1.27896670436368,0.4060400823742575,0.5736842772295687
ERMITA ZARAGOZA (U HAB) II | IZTAPALAPA,16238.980000000001,2884,1.0038709327802608,0.02536359725754829,-0.9121952172348023,-1.6332758366350502,-0.42948134481024497,0.69969162943674
ERMITA | BENITO JUAREZ,28692.71,529,2.0,-0.0,-1.3192358603812682,0.4254096013702979,-0.7805435517589145,0.030931079049043225
ESCANDON I | MIGUEL HIDALGO,346061.01,4541,3.5560985908236242,0.875257113709745,4.367629459445923,-0.22931186836055908,-1.4930878392013933,0.022183525762914817
ESCUADRON 201 | IZTAPALAPA,209657.65,3852,1.9560153898510262,0.18040698868976768,1.4696116465887872,-1.424440107026959,-1.622141482763734,0.20129195617910225
ESPARTACO | COYOACAN,89655.75,1452,2.8152133019912275,0.8467713835965559,0.9851991701590314,0.9332377595790367,0.3661763076239193,-0.008997443231847995
ESPERANZA | CUAUHTEMOC,117168.03000000001,1792,1.4634156603981476,0.8372907578846525,0.6790156502774656,-0.49965512245930255,0.5578378104506879,-0.7822346087950695
ESTADO DE HIDALGO | ALVARO OBREGON,90479.46,404,1.5804086363910659,0.9007554037479404,0.09047270144785984,0.3546033823828591,0.8680459683024006,-1.2344742236255473
ESTADO DE HIDALGO_ | ALVARO OBREGON,10298.48,404,1.4097177447545657,0.6767556509151398,-0.8537838880682628,0.21395974354192618,0.9461110920937572,-0.616674948556187
ESTANZUELA | GUSTAVO A. MADERO,21891.04,1012,1.9885131085594838,0.0627274238462883,-1.0996340846961508,0.20363868796626655,-0.6162183209218699,0.27142777540779145
ESTRELLA CULHUACAN | IZTAPALAPA,9453.23,593,1.9606600072144655,0.1658409071331277,-1.2236736070642276,0.4391177379065673,-0.29860907537688336,0.08283632176024275
ESTRELLA DEL SUR | IZTAPALAPA,33349.9,2152,1.5430720931696948,0.6894321674152059,0.06676353185344143,-0.5617782396894215,0.7360932774782768,0.12982545321133987
ESTRELLA | GUSTAVO A. MADERO,146161.36,2828,2.2714497183113243,1.043490642095143,1.9345145106376664,-0.24496386004834114,0.5455513097770307,-0.16555400061137446
EUZKADI | AZCAPOTZALCO,58180.68,1194,1.9668046162403052,0.14567993329595452,-0.6716396267598197,0.07986986026529828,-0.667274421622984,0.0363311203952984
EX EJIDO SAN FRANCISCO CULHUACAN I | COYOACAN,13131.15,181,4.0,-0.0,-0.6480877297389009,2.433422819329533,-1.256369062526113,1.0761298211576602
EX EJIDO SAN FRANCISCO CULHUACAN II | COYOACAN,21606.71,358,2.0,-0.0,-1.4356000782483338,0.5192377730173166,-0.7308609416676074,-0.0006352006767804847
EX EJIDO SAN FRANCISCO CULHUACAN III | COYOACAN,28575.25,389,1.863859108844192,0.3978957540108711,-0.8996652731339172,0.5133087120487672,0.1079334917691908,-0.34345261783984976
EX EJIDOS DE LA MAGDALENA MIXIHUCA | IZTACALCO,27882.48,446,2.194022196016997,0.3184656074141403,-0.8383854256821363,0.7571390544017521,-0.15430622570982241,-0.08262115247543686
EX HACIENDA COAPA | COYOACAN,151016.26,603,2.766375488308345,0.677295262784186,0.834918952042113,1.1815066773136853,-0.33812291158434155,-0.7931136506956895
EX HACIENDA SAN JUAN DE DIOS | TLALPAN,86314.49,1358,1.8065239104117976,1.0357247371796343,0.7182804338336581,0.13553076222662588,1.0852589207665437,-0.6960962941396922
EX HIPODROMO DE PERALVILLO | CUAUHTEMOC,166126.62,3489,1.6706282232191325,0.716682352518308,1.6156972754277268,-1.260509121788324,-0.11740333036032219,-0.12965674665940125
EX-ESCUELA DE TIRO | GUSTAVO A. MADERO,7051.44,552,2.4186024414871286,0.6798368952882761,-0.352788985740463,1.0607598741738469,0.6738685606987725,0.032285841454006356
EX-HACIENDA EL ROSARIO | AZCAPOTZALCO,38531.159999999996,635,1.9515400003529613,0.9951402492911123,0.11261347187055165,0.6703517227149521,1.2787655208820272,-0.596875330696658
EXTREMADURA INSURGENTES | BENITO JUAREZ,58427.11,807,4.0,-0.0,-0.08603884947352525,2.067271185634746,-1.559716934524734,1.0514496860182543
FAJA DE ORO | GUSTAVO A. MADERO,38854.05,513,2.5789414488322326,1.1475914835662502,0.5605829990290881,1.3547422683424455,1.4204906560870139,-0.40196921798475554
FEDERAL | VENUSTIANO CARRANZA,194304.96,3538,2.2002176372646383,0.9484303766553189,2.3883006122252013,-0.7548998263401564,0.04100565526720603,-0.15383737781413795
FELIPE ANGELES | VENUSTIANO CARRANZA,47585.54,835,1.519509708201273,0.692385729843052,-0.3525403556610506,0.059949335760688414,0.7000474831481515,-0.6265498442847881
FELIPE PESCADOR | CUAUHTEMOC,33735.57,902,2.228596404329318,1.2390619547307007,0.6390474550113058,0.8805898776421736,1.7370285850984635,-0.4226015279826783
FERNANDO CASAS ALEMAN | GUSTAVO A. MADERO,22185.14,415,2.226704902470753,1.054445056021889,0.11817997934344128,1.0704091968146714,1.4334460274182537,-0.46824204480697185
FERRERIA | AZCAPOTZALCO,25282.01,1054,1.9043778560328075,0.315355952212696,-0.7568872871221961,0.19201144819131036,-0.07852537261030237,0.07334486170586126
FERROCARRILERA INSURGENTES | GUSTAVO A. MADERO,997.5899999999999,61,3.0,-0.0,-1.238075133988897,1.5997876969677653,-0.8845171148220836,0.5552760154633701
FIVIPORT (U HAB) | VENUSTIANO CARRANZA,42803.32,1670,1.0,-0.0,-1.2339612308698213,-1.0696840741782894,-0.6118339791258504,-0.0686910707623395
FLOR DE MARIA | ALVARO OBREGON,32153.12,329,3.587933301651597,0.40013387535112843,-0.10523562315264633,2.1051506729605816,-0.41145607883827384,0.5494779339661117
FLORESTA-PRADO-VERGEL COAPA | TLALPAN,43620.91,1048,2.886256384839289,0.6596164803762256,0.2842001134775226,1.1872338694984133,0.24979559820416034,0.27709791183950605
FLORIDA | ALVARO OBREGON,272306.68,1959,3.8881776972933606,0.3516999156931526,2.28944954089575,1.264030823784288,-2.158667044590753,-0.2066550014374531
FOVISSSTE CUCHILLA (U HAB) | GUSTAVO A. MADERO,33818.770000000004,171,2.0,-0.0,-1.4225339257571255,0.5984722775005091,-0.8017995741835394,-0.17978202932269324
FOVISSSTE SAN PEDRO MARTIR ( U HAB) | TLALPAN,0.0,317,0.0,-0.0,-2.519423276242205,-1.2506836886883448,-0.009919523251079379,-0.9651356408171922
FOVISSTE ARAGON (U HAB) | GUSTAVO A. MADERO,7258.33,399,2.1284717007906777,0.38347111207912987,-0.9439086991192283,0.7683760682738914,0.1335415640182583,-0.030036486387963857
FRACCIONAMIENTO COYUYA | IZTACALCO,53143.92,779,2.0,-0.0,-1.0500547975542054,0.27173376038762287,-0.9416134777349817,-0.025019081601771204
FRANCISCO I MADERO | MIGUEL HIDALGO,19293.82,435,2.712953163240872,1.0052792000324553,0.26195263709494776,1.4877747072919176,1.2047209882569385,-0.14115835275994212
FRANCISCO VILLA (U HAB) | AZCAPOTZALCO,52215.53,1102,1.7433411094362155,0.5695331305904624,-0.27943990448943673,0.08055053521907792,0.33698114804416623,-0.33565079561074906
FRANCISCO VILLA | ALVARO OBREGON,13530.5,699,1.3140157422120393,0.6222761305086923,-0.8336395276302033,-0.04361390117766673,0.8292639516380071,-0.5179369813423826
FRANCISCO VILLA | IZTAPALAPA,2576.62,2836,1.5137544535088605,0.6927687628415584,0.10772784264018731,-0.893300337311797,0.9240028323486342,0.6663311371769699
FRANCISCO VILLA | TLAHUAC,6981.33,410,1.0,-0.0,-1.976162244743662,-0.3975107998487489,-0.3486144808327817,-0.4200422763334107
FUEGO NUEVO | IZTAPALAPA,3224.42,3704,1.8459071709020538,0.4297433074833795,0.24709201135325864,-1.1200939723634569,0.2387435842828466,1.4189827325827222
FUENTES BROTANTES MIGUEL HIDALGO (U HAB) | TLALPAN,128032.03,2444,1.0105375194004187,0.05845716021697171,-0.24984600633362694,-1.5262899875743783,-1.0494227295068326,-0.33928710295149317
FUENTES DE AZCAPOTZALCO-PARQUES DE AZCAPOTZALCO (U HAB) | AZCAPOTZALCO,40756.520000000004,574,1.0,-0.0,-1.6749082567040154,-0.5190887242596298,-0.5655772775020986,-0.5852450500745964
FUENTES DEL PEDREGAL | TLALPAN,133109.83,1393,2.9125856445012364,1.2378775259001724,1.8403642622024983,1.1391898625535086,0.8961479829050355,-0.5272697584799788
FUENTES Y PEDREGAL DE TEPEPAN | TLALPAN,82.77,1641,3.0,-0.0,-0.6295762100922004,0.8105724319892407,-0.9269423013685519,1.3279505249121428
FUERTE DE LORETO - LA ANTENA (U HAB) | IZTAPALAPA,18051.93,2734,2.0,-0.0,-0.5358589543286028,-0.6650306113446993,-0.780984583593074,1.17709915556284
GABRIEL HERNANDEZ (AMPL) I | GUSTAVO A. MADERO,18171.12,2018,1.6086658389796558,0.9414905260087837,0.2782785733232492,-0.3278987038983444,1.3507530088477058,0.06372873032269934
GABRIEL HERNANDEZ (AMPL) II | GUSTAVO A. MADERO,41100.01,2004,1.3532843422665832,0.6494561021552832,-0.07725351891750451,-0.683327341970705,0.6626278970649474,-0.07922940039300282
GABRIEL HERNANDEZ | GUSTAVO A. MADERO,35475.2,3468,1.3469310955258886,0.6455261394304619,0.4447734329817542,-1.4161703543095001,0.6468197108265584,0.6701271081193994
GABRIEL RAMOS MILLAN | IZTACALCO,57204.530000000006,2033,1.8652063044657476,0.4611985704724524,0.027513028391162292,-0.3188036577455346,0.01198322015268768,0.20995964554587984
GAMA GAVILAN (U HAB) | IZTAPALAPA,5789.58,366,2.0,-0.0,-1.5436744958308817,0.5337569849422368,-0.6318411215699687,0.11784573071370329
GARCIMARRERO NORTE | ALVARO OBREGON,68316.12,1188,1.2960021734255402,0.6074388008525886,-0.2864853040027449,-0.3739765078348654,0.4443373885001025,-0.6790489109667014
GARCIMARRERO REACOMODO | ALVARO OBREGON,6649.96,225,1.8468141161751348,0.42819575143785665,-1.084514967328921,0.6162994005144468,0.31975691087758645,-0.2911898264091743
GARCIMARRERO | ALVARO OBREGON,3238.06,700,2.0,-0.0,-1.4316191670206226,0.36968406843331597,-0.62601052174442,0.29826899435851534
GENERAL FELIPE BERRIOZABAL | GUSTAVO A. MADERO,223.62,1377,1.0,-0.0,-1.6473136291005608,-0.8732733474476561,-0.3356840750253043,0.09776005478182619
GENERAL PEDRO MARIA ANAYA | BENITO JUAREZ,221998.18,2567,3.1131312427876656,0.7891739591752183,2.408142102712096,0.47058296038912695,-0.707494732951608,-0.22961135265149235
GERTRUDIS SANCHEZ 1A SECCION | GUSTAVO A. MADERO,52104.729999999996,1109,2.819438081725018,0.5937130945075327,0.24799467108780052,1.062717881143044,0.074464211225857,0.24690714202421846
GERTRUDIS SANCHEZ 2A SECCION | GUSTAVO A. MADERO,90232.73,2235,2.4408402582965185,1.0133640346915311,1.3474682673796194,0.2602144237705024,0.8012691664381585,0.06302451797997925
GERTRUDIS SANCHEZ 3A SECCION | GUSTAVO A. MADERO,94495.73999999999,2204,2.328599257490338,0.9794354615688916,1.2681551504043302,0.1567772561216829,0.7362970819405784,-0.024874525653623712
GOLONDRINAS 1RA SECCION | ALVARO OBREGON,2899.04,618,1.0,-0.0,-1.9239063064422188,-0.4967684570464737,-0.32933610198787,-0.2896176584246352
GOLONDRINAS | ALVARO OBREGON,4874.8,980,1.0,-0.0,-1.7691285529721,-0.6801475521723482,-0.35277097315570294,-0.12842107053311022
GRAL A ROSALES | ALVARO OBREGON,1655.0,69,1.0,-0.0,-2.1463200247879315,-0.22071224804612583,-0.30479259379057777,-0.546780851492155
GRAL C  A  MADRAZO | ALVARO OBREGON,1295.6899999999998,240,1.1818027460272134,0.3046183258777639,-1.5877368590611713,-0.03256903299357329,0.28507807605261554,-0.5390910422824048
GRANJAS CABRERA | TLAHUAC,20740.05,649,2.454473832030299,0.852388622984426,0.030594743096950483,1.0900711622849317,0.9404145325569209,-0.10089728606594692
GRANJAS COAPA ORIENTE | TLALPAN,41301.58,368,1.0,-0.0,-1.7512510900786262,-0.41668960099867186,-0.5627180013226075,-0.6890711679545253
GRANJAS COAPA | TLALPAN,141108.76,1776,2.3854928638023605,0.8377229365382266,1.263967663052827,0.3175895350463433,0.139706996536106,-0.45602285130557524
GRANJAS ESMERALDA | IZTAPALAPA,122954.87000000001,775,2.06114853360424,0.4299982093960133,0.04771568745662366,0.4002422548041615,-0.4856793238242294,-0.750252713358216
GRANJAS ESTRELLA I | IZTAPALAPA,78444.08,1744,1.47187397697825,0.6915641987643201,0.19523591004487095,-0.4743870714623438,0.49084726404122203,-0.4351625778410963
GRANJAS ESTRELLA II | IZTAPALAPA,744.01,382,2.0,-0.0,-1.5729156626682514,0.5316620648409526,-0.6006643543635447,0.16216058339110517
GRANJAS MEXICO I | IZTACALCO,383577.04000000004,3003,2.567239999557846,1.192831526745716,4.008666944680709,-0.28890763970482325,-0.7194521206315776,-1.7252582773372924
GRANJAS MEXICO II | IZTACALCO,283864.99,2772,1.9460057754920745,1.2095160738672162,2.955835848748142,-0.6146805087602606,0.13016183800812287,-1.4665855139976747
GRANJAS MODERNAS-SAN JUAN DE ARAGON (AMPL) | GUSTAVO A. MADERO,137953.88,766,1.7289911671929779,1.012142631308087,0.7835307368309083,0.29240662991749483,0.7518711485218197,-1.386186599695144
GRANJAS SAN ANTONIO | IZTAPALAPA,130215.5,1081,1.8689186003202385,0.3884372447525286,0.07369438145756517,0.049403856603282774,-0.5725605144791028,-0.7360629196514233
GUADALUPE (BARR) | IZTAPALAPA,17338.41,625,1.9588116788102254,0.1717024815707007,-1.148722004383006,0.4142830030184053,-0.3361007968099752,0.03677826063162978
GUADALUPE DEL MORAL | IZTAPALAPA,16902.6,2711,1.341979340456498,0.6423396416610043,0.013023984385576936,-1.0214133776021501,0.7811424788308408,0.4368053067349825
GUADALUPE INN | ALVARO OBREGON,339488.41,1687,3.8847293490814607,0.16290133082256963,2.399355160522371,1.251223010897402,-2.9713163075446043,-0.7169197087258202
GUADALUPE INSURGENTES | GUSTAVO A. MADERO,104423.99,1432,2.8767540868721833,0.9346614312331254,1.2280832890562863,1.0130383634385351,0.44249724478007463,-0.14314741626927688
GUADALUPE PROLETARIA (AMPL) | GUSTAVO A. MADERO,13632.400000000001,1003,2.0,-0.0,-1.2406247888543898,0.20595814973398174,-0.700479332473211,0.3698636624966893
GUADALUPE PROLETARIA | GUSTAVO A. MADERO,92974.51000000001,2363,1.7778259869291055,0.5296457976944273,0.4597935817175113,-0.5807642601527275,-0.051901686776917026,0.022698526090149416
GUADALUPE TEPEYAC | GUSTAVO A. MADERO,161514.98,2688,2.3065442598575068,1.1396019037596608,2.1337981774974635,-0.12691634031594007,0.6470128799659486,-0.3814887614446197
GUADALUPE VICTORIA II | GUSTAVO A. MADERO,78781.61,1181,2.4829669005241195,0.8400463835392901,0.6420407448982851,0.7774962817458987,0.5254523349681843,-0.24060327278858587
GUADALUPE VICTORIA | GUSTAVO A. MADERO,16515.36,383,1.8351413472064793,0.44763952046352395,-0.9327654743253339,0.5220283074394912,0.29766616539477525,-0.30384789566053483
GUADALUPE | XOCHIMILCO,1514.37,855,1.0,-0.0,-1.8414005125204043,-0.6136900807539779,-0.32787126598692784,-0.16467816779128755
GUERRERO I | CUAUHTEMOC,292859.48,4183,1.7406313089130665,0.5874904120175151,2.6343067814829557,-1.7383655535521572,-1.2282858714595337,-0.5974145661319922
GUERRERO II | CUAUHTEMOC,286603.34,4330,1.8103511284969673,0.8856157372178952,3.081997295490763,-1.6353756713073904,-0.581711276872096,-0.6165546454112495
GUERRERO III | CUAUHTEMOC,304977.83,4144,1.7558890100306637,0.9400056386302535,3.1872656215255013,-1.5939818625167281,-0.5601182078244078,-0.9016199414505716
GUERRERO IV | CUAUHTEMOC,233948.94,2967,1.814128672692426,1.1273231835168926,2.5094651602822675,-0.8026896042719416,0.3017054109042159,-1.0349807238427275
HACIENDA DE GUADALUPE CHIMALISTAC | ALVARO OBREGON,76827.74,448,3.977737468263416,0.1028088287767874,0.032204154234174,2.2415971428976804,-1.439748565913274,0.6717662670492229
HACIENDA SAN JUAN-RINCON DE SAN JUAN-CHIMALI | TLALPAN,46915.8,1265,3.207686749453276,0.8776247189518736,0.8333817970011534,1.444088752781749,0.5909022871146462,0.4080776121436634
HACIENDAS DE COYOACAN (FRACC) | COYOACAN,42619.770000000004,563,3.0238978295753354,0.6278107017457177,0.10849697471534164,1.5446563207289874,0.16322380112632515,0.143564874844867
HERMOSILLO | COYOACAN,63454.270000000004,544,3.1834473865982544,0.5854192173068744,0.26339582949807316,1.6595559280577796,-0.10343264125908089,0.09600308722363554
HEROE DE NACOZARI | GUSTAVO A. MADERO,44050.49,772,2.595677596321857,0.9895410458099043,0.4921804913369603,1.1781648803144003,1.0399601243200403,-0.21251876581865206
HEROES DE CHAPULTEPEC | GUSTAVO A. MADERO,19928.899999999998,395,1.6907742022891379,0.6184798084916677,-0.7395511645039845,0.4416462848343626,0.6802958457818435,-0.5020321114729469
HEROES DE CHURUBUSCO | IZTAPALAPA,116963.0,1992,1.8730819147935673,0.38048583736989966,0.3262631339491797,-0.38978826745283696,-0.5352398711019651,-0.19141745999593585
HEROES DE PADIERNA I | TLALPAN,8099.33,2395,3.7122762006240024,0.5804912480579759,0.8302195505585259,1.276891196337643,0.02263872433323894,1.688556334146811
HEROES DE PADIERNA II | TLALPAN,2030.05,2444,1.6522548705696907,0.9922309664009045,0.4190835048709735,-0.4644798943047394,1.533924848004171,0.381583041044912
HEROES DE PADIERNA | LA MAGDALENA CONTRERAS,187605.12,1571,2.1936195557989038,1.007143928660811,1.6519074601214814,0.25166684191160604,0.26944120718731746,-1.096898874285629
HERON PROAL | ALVARO OBREGON,10968.869999999999,807,1.7219786541366615,0.5910748305383777,-0.6648983662614875,0.2646581942688244,0.6567428880346696,-0.20417160846348592
HIPODROMO CONDESA | CUAUHTEMOC,199688.87,1513,3.75598559899708,0.5594069088908555,1.8252957289833678,1.525907237699237,-1.2103068218313058,-0.09084376388795369
HIPODROMO I | CUAUHTEMOC,309352.05,2621,3.809599354521814,0.460993604975985,2.919090351923398,0.8570164191493178,-2.156635239462204,-0.26120126591862375
HIPODROMO II | CUAUHTEMOC,330166.7,3171,3.4402002079555567,0.9281221078685786,3.7409978611503516,0.3881053222114234,-1.2056306891862534,-0.6215740438765287
HOGAR Y REDENCION | ALVARO OBREGON,17175.31,829,2.0,-0.0,-1.2834396838044033,0.28884121598203444,-0.7174092102164904,0.25983163419750865
HOGAR Y SEGURIDAD/NUEVA SANTA MARIA | AZCAPOTZALCO,71465.25,1108,2.3964843053092237,0.7709565018757594,0.4293057776137404,0.7195210404685153,0.4523494060551191,-0.23024885719933316
HOGARES FERROCARRILEROS (U HAB) | AZCAPOTZALCO,31176.160000000003,452,2.0,-0.0,-1.3317463124536995,0.4610156292534289,-0.7937816140342109,-0.02439526505820579
HUASIPUNGO (U HAB) | IZTAPALAPA,3594.52,163,2.0,-0.0,-1.6381116693901465,0.6378640374784709,-0.6118771055421867,0.03532753201294493
HUAUTLA DE LAS SALINAS (BARR) | AZCAPOTZALCO,5712.18,49,3.9996218606556515,0.0012577919255353344,-0.7500888716709401,2.5082372749321977,-1.2030082437984848,1.0649419548514218
HUAYATLA | LA MAGDALENA CONTRERAS,186.34,1218,1.4688741011055062,0.6912082839649691,-0.5614557291021298,-0.12250771973152172,0.9981265738215237,-0.12461940269995249
HUESO PERIFERICO-ISSSFAM NO. 7 (U HABS) | TLALPAN,62810.68000000001,1039,1.1863859776713133,0.2901754304028552,-0.8617454650834836,-0.5052124910753963,-0.1572933655239953,-0.5864489653043536
HUICHAPAN | MIGUEL HIDALGO,40478.29,543,1.3412945556741651,0.6418904173420245,-0.6659456786434376,0.03459306891885881,0.6985272758119325,-0.7852576029678637
HUICHAPAN | XOCHIMILCO,26266.71,317,3.4281777200113757,0.6827945253102484,0.15719410807941891,2.073410822944999,0.2718710788267845,0.33325603947720794
IGNACIO ALLENDE | AZCAPOTZALCO,26699.219999999998,453,2.0014786948832213,0.011113657372207382,-1.347145405677187,0.47104766165104106,-0.742582177962767,0.002849984979934926
IGNACIO CHAVEZ (U HAB) | TLALPAN,30524.52,516,1.0,-0.0,-1.7694084220423771,-0.478097311290926,-0.49959609503249935,-0.5392302953024616
IGNACIO MANUEL ALTAMIRANO | MIGUEL HIDALGO,15190.970000000001,374,2.2854136371805094,0.5979938856191941,-0.5363510389971649,0.9902731431788199,0.49356811576746085,-0.13851979100492762
IGNACIO ZARAGOZA (U HAB) | IZTAPALAPA,41337.23,464,1.0,-0.0,-1.7136376656782826,-0.46474874900617497,-0.5658682921830309,-0.6427848873257702
IGNACIO ZARAGOZA I | VENUSTIANO CARRANZA,132945.49,3492,2.665039483475521,1.129148912625193,2.3959535682723914,-0.1738572872526462,0.6749343482444142,0.4188087181293254
IGNACIO ZARAGOZA II | VENUSTIANO CARRANZA,90574.88,2078,2.5307535599274322,1.1474685799935587,1.5110156684392724,0.46760563722102433,1.0620092605294447,-0.04439604303396038
IMAN 580 (U HAB) | COYOACAN,0.0,934,0.0,-0.0,-2.2792893223198525,-1.5592955492152267,-0.02872878011220138,-0.6659897406406197
IMAN | COYOACAN,10511.6,451,3.0,-0.0,-1.0194090623115215,1.39357680520327,-0.9561134275889673,0.6754300965843022
INDECO (U HAB) | GUSTAVO A. MADERO,2204.59,522,1.4697426732408292,0.6913150497399809,-0.8176067424746265,0.22408171444895458,1.0066509241782797,-0.476274877790782
INDEPENDENCIA BATAN SUR (U HAB) | LA MAGDALENA CONTRERAS,9229.85,589,2.0,-0.0,-1.4327000820977915,0.4181882597754408,-0.6602294132047926,0.20103861095697154
INDEPENDENCIA SAN RAMON (U HAB) | LA MAGDALENA CONTRERAS,1200.43,937,1.0,-0.0,-1.8116933080241628,-0.654337347161607,-0.3284008415759634,-0.12264670186086458
INDEPENDENCIA | BENITO JUAREZ,214291.0,4234,2.1900393390296373,0.45493364192454644,2.128698850237415,-1.3109600477294234,-1.149094144040511,0.3214367986702732
INDUSTRIAL I | GUSTAVO A. MADERO,183819.28999999998,2970,2.94034374738364,1.0497850771639532,2.569345655251424,0.24941665853459002,0.12289065166085378,-0.004948038010031995
INDUSTRIAL II | GUSTAVO A. MADERO,132576.79,2978,2.811227515766523,0.9905517588146848,2.0731351408595,0.1671564372477278,0.3563373338352706,0.3337125581579334
INDUSTRIAL PUERTO AEREO (FRACC) | VENUSTIANO CARRANZA,45925.340000000004,41,1.5966253053325243,0.7629724814990553,-0.5426088457587681,0.5541203629957138,0.8618248204880188,-0.9982524143265614
INDUSTRIAL VALLEJO (U HAB) | AZCAPOTZALCO,420549.36,109,1.9664848378321156,0.8538160765135209,2.409358905984236,0.4495018357023909,-1.4066677461314867,-3.529022440697323
INFONAVIT (U HAB) | LA MAGDALENA CONTRERAS,8580.93,134,2.0,-0.0,-1.6143459217348284,0.6465305863298111,-0.6422862965723772,-0.014861591870526176
INFONAVIT CULHUACAN ZONA 1 (U HAB) | COYOACAN,690.9300000000001,298,1.0,-0.0,-2.063971152346828,-0.3341249121460749,-0.3057234407124426,-0.4287675119848308
INFONAVIT CULHUACAN ZONA 2 (U HAB) | COYOACAN,1574.48,520,1.0,-0.0,-1.971358635589663,-0.4461997303694139,-0.31803601739651677,-0.32753488553442306
INFONAVIT CULHUACAN ZONA 3 (U HAB) | COYOACAN,14746.82,585,2.0,-0.0,-1.395474812707603,0.4137290305794475,-0.6947303697201442,0.15912632600807838
INFONAVIT IZTACALCO (U HAB) I | IZTACALCO,108289.981,2576,1.6015041225281959,0.9146521145173575,1.089431923601567,-0.7285571785083885,0.713365075109705,-0.30695011343076695
INFONAVIT IZTACALCO (U HAB) II | IZTACALCO,29034.52,2274,1.531838997166132,0.691118364675963,0.08104212558021616,-0.6273465601960457,0.7663122387902489,0.2130730771764102
INFONAVIT PROLONGACION DIVISION DEL NORTE (U HAB) | XOCHIMILCO,21399.81,443,1.0,-0.0,-1.8619627299130206,-0.4308997316588044,-0.4401066667540626,-0.5085109450497958
INPI PICOS | IZTACALCO,23626.91,758,1.947335474676968,0.20628726702433095,-1.011313289224992,0.3422613060708079,-0.3029336854598066,0.029180230594715664
INSURGENTES CUICUILCO | COYOACAN,172258.19,1581,3.82240519304191,0.46772671304136704,1.5655683603544217,1.5517490869810384,-1.2540324736642532,0.23099050564031767
INSURGENTES MIXCOAC | BENITO JUAREZ,265093.47,2545,3.9149664833313325,0.28809210441749317,2.3931988479801354,0.9810976228624428,-2.27396313513937,0.1816249307750012
INSURGENTES SAN BORJA | BENITO JUAREZ,55495.51,243,3.830584131941485,0.21714755157072915,-0.1105536640904083,2.276130892259739,-1.0142006419202176,0.5791330993544129
INSURGENTES | IZTAPALAPA,2527.12,1613,1.0642035202127322,0.23838032054850877,-1.1880074017582263,-0.8510519312835908,0.1293851107499098,0.09161045356693254
INTEGRACION LATINOAMERICANA (U HAB) | COYOACAN,103257.16,1394,1.1412790163897593,0.18986513892060555,-0.5953550688021282,-0.8067181101580649,-0.6214740634646673,-0.673630704618554
IRRIGACION | MIGUEL HIDALGO,262742.29,2198,3.864683374724336,0.397452464051291,2.366248097081767,1.150608442267671,-2.002052843944264,-0.061138535452311286
ISIDRO  FABELA (AMPL) | TLALPAN,6843.11,359,1.722142417701893,0.5909184845361442,-0.8683966984305141,0.4936635088575232,0.6959128962008438,-0.39130518368922157
ISIDRO FABELA I (PONIENTE) | TLALPAN,45381.82,1525,2.518759494440725,1.1728519436799179,1.006880647717988,0.7952508034058207,1.4198125833768416,-0.006497679206270223
ISIDRO FABELA II (ORIENTE) | TLALPAN,91781.08,1984,2.7886260436246775,0.9239498558926899,1.2992205741666571,0.6679290879483777,0.5080370609590323,0.17382174316799215
ISSSFAM No. 1 (U HAB)-VILLA TLALPAN | TLALPAN,15516.6,818,1.8096432208086823,0.4867398847652692,-0.7293710372293304,0.2963586311119781,0.38102957860338516,-0.12258265911449162
IXTLAHUACAN | IZTAPALAPA,2762.38,4840,1.5130503406482816,0.6928065190927037,0.8887110165746644,-1.896506996152762,0.8620307719772404,1.6361936216326272
IZTACCIHUATL | BENITO JUAREZ,71450.72,977,2.0861886346281744,0.19314776635650857,-0.5440449179204899,0.29811618797180295,-0.6781513308269906,-0.12701989304357625
JACARANDAS | IZTAPALAPA,8958.75,2367,1.6657212222687316,0.6429037208079511,-0.027669360463295146,-0.5459352857182446,0.7481308436895413,0.505495663833897
JAIME TORRES BODET | TLAHUAC,1259.9399999999998,2016,1.9669825547248283,0.14507950433046987,-0.752579318528379,-0.2646810170420299,-0.33644026210835043,0.8477341048188636
JALALPA (AMPL) | ALVARO OBREGON,4886.71,445,1.2786680609244256,0.5916909478944096,-1.0507423354583318,0.05059853223118884,0.836722321025816,-0.5800560238730691
JALALPA EL GRANDE | ALVARO OBREGON,32700.29,2783,1.0,-0.0,-0.8718062319964548,-1.614555974634463,-0.5823601323176268,0.5441361575262733
JALALPA TEPITO | ALVARO OBREGON,35468.26,998,1.219918033757506,0.5268041999368148,-0.7350574376864876,-0.33819541138204984,0.5075127876118897,-0.5279653118549459
JALALPA | ALVARO OBREGON,1549.65,1511,1.0,-0.0,-1.5858399091723494,-0.9418503220916904,-0.3480908456004963,0.15312084891938363
JAMAICA | VENUSTIANO CARRANZA,126832.22,1551,1.0555146791564478,0.21444332769081564,-0.37462218925431484,-0.9819833305793115,-0.6970467238301071,-0.8298989283975837
JANITZIO | VENUSTIANO CARRANZA,39955.81,722,1.9165810929624503,0.28704113192044467,-0.8155909584940749,0.3419111121648136,-0.22409652192633228,-0.1706832509610549
JARDIN AZPEITIA | AZCAPOTZALCO,60750.66,737,2.0,-0.0,-1.012928745011515,0.28383445796335394,-0.9880707912767984,-0.10049658611537111
JARDIN BALBUENA I | VENUSTIANO CARRANZA,165421.06,4129,3.21725782678457,1.1318392030520381,3.128704304171474,-0.028204258124026063,0.2961390202564746,0.7948237654963577
JARDIN BALBUENA II | VENUSTIANO CARRANZA,93599.06999999999,1567,2.2131681436578376,1.2438502112499767,1.3180779262273197,0.4655677201447139,1.3557291291757811,-0.5452125779029704
JARDIN BALBUENA III | VENUSTIANO CARRANZA,180803.27999999997,4561,2.659838029487076,1.2126853824660224,3.2588328098489057,-0.7396387779606663,0.5206571145843527,0.5386956226313931
JARDINES COAPA-BELISARIO DOMINGUEZ | TLALPAN,12126.93,576,3.403833451665013,0.882499670107368,0.41708944989683294,2.009254996850698,0.7832842336028559,0.43123261433720517
JARDINES DE CHURUBUSCO | IZTAPALAPA,9294.95,502,1.55948875464634,0.6860525628962078,-0.7415508775192551,0.3053910843661654,0.9253947455445403,-0.48485788542203784
JARDINES DE COYOACAN (FRACC) | COYOACAN,42105.15,583,4.0,-0.0,-0.2879554967186286,2.1984235762962867,-1.4504564239472857,1.0611056004876749
JARDINES DE LA PALMA (HUIZACHITO) | CUAJIMALPA DE MORELOS,63468.22999999999,1035,1.9660507312083542,0.8896456052751015,0.30779728950447643,0.41678157241842045,0.88214127735241,-0.5140139366067119
JARDINES DE SAN LORENZO | IZTAPALAPA,1716.38,1946,2.0,-0.0,-0.9573776977814126,-0.2517600560595388,-0.6544452352922201,0.9134041228874578
JARDINES DEL AJUSCO | TLALPAN,1011.6700000000001,1218,3.6366206371642926,0.5491477589989479,0.24534330204497812,1.7940854147099907,0.058632806049967325,1.1459056217151828
JARDINES DEL LLANO-U.H. VILLA TLATEMPA | TLAHUAC,11915.62,768,1.9064186336925817,0.31074641088365595,-0.9674467356811429,0.35092975815248034,0.003706672693272276,0.035342231210240604
JARDINES DEL PEDREGAL | COYOACAN,138125.55000000002,373,3.677419347832461,0.34131324672937735,0.6183967297063071,2.019404944063369,-1.228709030200441,-0.11338173325692251
JARDINES DEL SUR | XOCHIMILCO,58934.75,1635,3.4914404489711077,0.6993726284649018,0.9511547872648443,1.4392426343723927,0.04335383244009543,0.7607284856822285
JARDINES EN LA MONTAA | TLALPAN,228307.47,1387,3.567386165682621,0.684037695221088,2.059332749019611,1.4284663572727818,-1.06671620056172,-0.5359217940267242
JARDINES TECMA | IZTACALCO,21304.33,488,1.8993082626865054,0.6880691663314982,-0.5042218711783037,0.6075578700824553,0.7554869563259723,-0.39273691203272315
JESUS DEL MONTE | CUAJIMALPA DE MORELOS,35036.56,858,2.0124992293764,0.9284397222613132,0.11269889628533869,0.5945537081044941,1.134661296304227,-0.3909149523750306
JORGE NEGRETE | GUSTAVO A. MADERO,88958.37000000001,2493,1.4417179631326427,0.698036822588465,0.5555830423717275,-0.8864127777624891,0.42456112264475815,-0.16858260139950434
JOSE LOPEZ PORTILLO I | IZTAPALAPA,63240.65,3481,1.3151340158584706,0.6231470616379371,0.6002340447893637,-1.4920004967366192,0.4340083727567498,0.47082082480270443
JOSE LOPEZ PORTILLO II | IZTAPALAPA,64318.0,2884,1.3888143288037562,0.6682147659189693,0.4700521471424912,-1.1117538561689349,0.5194918549008165,0.18781038536390726
JOSE MA MORELOS Y PAVON (U HAB) | IZTAPALAPA,0.0,465,0.0,-0.0,-2.4618222629836826,-1.3247105207110004,-0.014431306096210697,-0.893379411925567
JOSE MARIA PINO SUAREZ | ALVARO OBREGON,67058.48000000001,1780,1.7049818307841154,0.6065839265143096,0.12123235798123726,-0.29761683402382544,0.31292882767103136,-0.15723397436276396
JOSEFA ORTIZ DE DOMINGUEZ | BENITO JUAREZ,42571.87,579,2.0487939571364846,0.19494869473048626,-0.9166462897933348,0.4976936921295801,-0.47004328442583937,-0.13238658443610954
JOYAS DEL PEDREGAL (FRACC) | COYOACAN,26454.440000000002,498,4.0,-0.0,-0.4310552807433114,2.2592647836575486,-1.3496459005026447,1.133290681426423
JOYAS VALLEJO (U HAB) | GUSTAVO A. MADERO,279328.51,3059,1.0,-0.0,0.9693078755316636,-2.0413889953189908,-2.138540862005486,-1.1089804804450252
JUAN DE DIOS BATIZ (U HAB) | GUSTAVO A. MADERO,33940.5,568,2.7780869462736257,0.5293186076091543,-0.19613072394617276,1.2941705827307686,0.08048211707762595,0.13106072693632487
JUAN ESCUTIA I | IZTAPALAPA,153509.74,2729,1.6682150591877754,0.635435505774835,1.120412870247865,-0.8966478507735676,-0.18662882705746772,-0.36059432352035986
JUAN ESCUTIA II | IZTAPALAPA,111170.54999999999,2074,1.724233621224326,0.5889102332701499,0.5307001706307909,-0.4851217609396992,-0.015966631931529914,-0.31338048326318413
JUAN ESCUTIA III | IZTAPALAPA,76025.51000000001,2104,1.7724100765650896,0.5363477797282128,0.2464157543767227,-0.4339076574147426,0.07815374398104938,0.01303188042246409
JUAN GONZALEZ ROMERO | GUSTAVO A. MADERO,73007.24,2495,1.7592792166913855,1.0246409109857426,1.0306489113743722,-0.46442236902371536,1.124405009005224,-0.06795542439887997
JURISTAS | ALVARO OBREGON,6133.7,206,1.0,-0.0,-2.0615167298817645,-0.29448130458135197,-0.337076057951017,-0.5128080504098468
JUSTO SIERRA | IZTAPALAPA,17885.92,371,2.0,-0.0,-1.4566961690163918,0.5170921796781084,-0.7079066527668394,0.03262650728683379
JUVENTINO ROSAS I | IZTACALCO,92310.85,2114,1.8508431024088716,0.42124384962822725,0.24529638046123498,-0.4276570518118521,-0.29132979841221973,0.010298838243286217
JUVENTINO ROSAS II | IZTACALCO,87473.29999999999,2013,1.8625861834411188,0.4002408921256423,0.14900180197853632,-0.36827351874579095,-0.30585671466575043,0.015113111100223158
JUVENTINO ROSAS | GUSTAVO A. MADERO,174.07999999999998,357,1.1564223345588236,0.43368938550716574,-1.387438898645874,-0.06697250356345459,0.5696494120579078,-0.5635992171791373
KENNEDY (U HAB) | VENUSTIANO CARRANZA,2846.18,2796,2.0,-0.0,-0.6186190334419912,-0.678237069197303,-0.6874477973147185,1.3173316908087052
LA  LONJA | TLALPAN,28630.2,995,2.0,-0.0,-1.1383099276806365,0.19239831123812,-0.7943572761667863,0.25731914522770427
LA ANGOSTURA | ALVARO OBREGON,5383.24,394,1.565971422414754,0.6844172900219809,-0.8103207112979225,0.3692955105298753,0.9478751446868159,-0.5043540566970985
LA ASUNCION (BARR) | IZTAPALAPA,3224.4399999999996,1070,1.876707273200928,0.37343458392671464,-0.8399715472952377,0.20534484491381585,0.19064688009012068,0.19176213283276458
LA ASUNCION (BARR) | XOCHIMILCO,22572.47,1429,1.9134937381686627,0.5782060870138546,-0.27091312374383314,0.1092571959295818,0.4817416299138914,0.1262870270737147
LA ASUNCION | IZTACALCO,32371.239999999998,464,1.4786810761651392,0.6922379119097366,-0.6227811042515762,0.22621202593727113,0.8184483834488566,-0.7185841578779132
LA CAADA | ALVARO OBREGON,547.98,968,1.0,-0.0,-1.8042146888565374,-0.6690789978052442,-0.32525129103465533,-0.10288938743190575
LA CAADA | XOCHIMILCO,249.72000000000003,171,1.0,-0.0,-2.1165005755738706,-0.2700852638474443,-0.2990829378382358,-0.48714534903943624
LA CANDELARIA TICOMAN (BARR) | GUSTAVO A. MADERO,697.5600000000001,2496,1.982152072939962,0.08954109347626436,-0.6377584466051465,-0.5100650652087745,-0.46973959278306243,1.1253222869601618
LA CANTERA (U HAB) | COYOACAN,38817.11,566,1.9792480686996017,0.10095124510285228,-1.1068660060633444,0.4120662054058226,-0.6250880957574493,-0.09487425822402895
LA CARBONERA | LA MAGDALENA CONTRERAS,326.54999999999995,1589,2.0,-0.0,-1.106090621664477,-0.07156794711199099,-0.6348399152154449,0.7503864057048097
LA CASCADA | ALVARO OBREGON,21651.24,578,1.7932044538788539,0.5096799437526661,-0.7562094136798156,0.40244314409624854,0.40329058824174424,-0.305841949433678
LA CASILDA | GUSTAVO A. MADERO,580.27,2123,1.0,-0.0,-1.3544662822617184,-1.2468262055069559,-0.36066413087193594,0.45686614598974074
LA CEBADA (AMPL) | ALVARO OBREGON,2954.1400000000003,326,1.0,-0.0,-2.0371642182444476,-0.35078003612139635,-0.3207802679235292,-0.4315899829365581
LA CEBADA | XOCHIMILCO,14255.92,444,3.1031725767260196,0.9411077453892414,0.3221139036853347,1.8206444974379825,0.9860291269570848,0.15203724374090438
LA COLMENA | IZTAPALAPA,4906.97,975,1.0526923946957083,0.20636779367986252,-1.4680800693547498,-0.5565443650531479,0.06938058613499552,-0.22260038875668495
LA CONCEPCION (BARR) | COYOACAN,67591.64,475,3.82873666033255,0.38304358879998757,0.28791573881548116,2.2031746488175203,-0.7448734895179613,0.506061443378415
LA CONCEPCION TLACOAPA (BARR) | XOCHIMILCO,13431.910000000002,795,2.6007961637622645,0.8935973084314592,0.15869781986261652,1.1730802388838046,1.026474847926862,0.07933421908237596
LA CONCEPCION | LA MAGDALENA CONTRERAS,25948.8,491,2.0068292175360707,0.15498618175186024,-1.1409253701155357,0.5088809185512994,-0.4355213270975497,-0.05437503971087192
LA CONCHA | XOCHIMILCO,60792.49999999999,1092,2.0996942056997163,0.8202894859222545,0.2787355902622465,0.4880989806525394,0.7111003430259761,-0.35289997830803205
LA CONCHITA I | TLAHUAC,6677.69,3100,2.819253364561697,1.0407772923729635,1.3070874011076914,0.2786792662576667,1.2468803378589102,1.2801421033655926
LA CONCHITA II | TLAHUAC,8286.27,5180,2.9963481759585435,1.022995120924402,2.185021140589688,-0.6091195662374339,1.0839505447452422,2.3848451688517525
LA CONCHITA | ALVARO OBREGON,13297.71,921,1.442027988277681,0.6864105311493465,-0.6036524835969647,-0.015383100351856561,0.9225644866811814,-0.3755933322330068
LA CRUZ (BARR) | GUSTAVO A. MADERO,1313.82,790,1.0,-0.0,-1.8681080397001915,-0.5809434675458703,-0.32463114635884205,-0.19473965288449271
LA CRUZ | IZTACALCO,80150.49999999999,1136,1.6841228688529708,0.7273453213251718,0.11611932048601407,0.0331278249378761,0.5125580741431616,-0.646346165112628
LA CRUZ | LA MAGDALENA CONTRERAS,5608.55,1261,3.3879327098804506,0.6254514461939482,0.28352084771471664,1.568523392122727,0.2628989270203182,0.9519562384595897
LA DRAGA | TLAHUAC,824.9,2324,1.0,-0.0,-1.2745182297916215,-1.3476490895126605,-0.36832684635368795,0.5525464079487094
LA ERA | IZTAPALAPA,3383.45,1952,1.5322673602388097,0.6910633676583253,-0.2244736496946045,-0.43588336005778505,0.9368653381571321,0.24307630018970813
LA ESMERALDA (U HAB) | GUSTAVO A. MADERO,87.01,562,1.0,-0.0,-1.9654687107537085,-0.465465630053252,-0.3099814597932026,-0.2963942426532106
LA ESMERALDA I | GUSTAVO A. MADERO,56147.69,941,1.0,-0.0,-1.423879651219367,-0.720677155801999,-0.6733557789334884,-0.5188249406539958
LA ESMERALDA II | GUSTAVO A. MADERO,11667.61,427,1.9094750338758322,0.30375072352292337,-1.1099517000910422,0.5220718911212501,-6.801668666602635e-05,-0.12242225512347807
LA ESMERALDA III | GUSTAVO A. MADERO,37999.93,896,2.0,-0.0,-1.1109749470515344,0.23094501488879648,-0.8501409552828656,0.1414321408264387
LA ESPERANZA | IZTAPALAPA,8846.73,379,2.0,-0.0,-1.5171244272181945,0.5236749367682817,-0.6514232096530262,0.10199821683670172
LA ESTACION | IZTAPALAPA,2351.09,541,1.0,-0.0,-1.9577262666464408,-0.45761288915766957,-0.32354998092888354,-0.32298014698172545
LA ESTACION | TLAHUAC,17918.92,2576,1.8605708379746104,0.40392589385043387,-0.11676736601781988,-0.5689534112747792,0.12188563250442734,0.7887685015667631
LA FAMA | TLALPAN,64540.98,469,1.9107381077882608,0.353154937373182,-0.6546436444134761,0.4578487724809924,-0.22877666261681348,-0.5133105404196152
LA FORESTAL 1 | GUSTAVO A. MADERO,84.76,130,2.0,-0.0,-1.6756273227879748,0.6584796836611971,-0.5888448685627665,0.04475762109050717
LA FORESTAL | GUSTAVO A. MADERO,10937.22,1714,1.8693077399924296,0.3877005486199681,-0.5192387444502244,-0.12745345534943156,0.15502244308747126,0.43570970116475555
LA GUADALUPE | LA MAGDALENA CONTRERAS,935.5600000000001,410,1.6375112232245927,0.6483384564412467,-0.8513077305666024,0.41863364194911545,0.8779038854115111,-0.4039097083861556
LA GUADALUPITA (BARR) | XOCHIMILCO,10629.59,153,2.0,-0.0,-1.592549951124116,0.6346283158459578,-0.6557223053102017,-0.020493106096193998
LA HABANA | TLAHUAC,1877.79,1266,2.3132405647063834,0.9327566580330411,0.18196339756683344,0.7038718760536724,1.2516413532742119,0.21021232774668402
LA HERRADURA | ALVARO OBREGON,3841.0699999999997,157,3.0,-0.0,-1.1807238075572524,1.5484407925064358,-0.9052885288241244,0.5812183056819511
LA JOYA | ALVARO OBREGON,3981.6800000000003,584,1.0,-0.0,-1.9295284531163124,-0.48102998244683187,-0.3350939445944777,-0.3139464109181052
LA JOYA | GUSTAVO A. MADERO,78850.15,1970,2.8115247719883856,1.0650241066977832,1.4038370881571436,0.7609716639244689,0.8820660036815506,0.19093453424357273
LA JOYA | TLALPAN,55252.740000000005,851,3.1497681381954994,1.0704621576093742,0.9647009817833867,1.657316024414365,0.9770172699788793,0.0024290108618980908
LA JOYITA | GUSTAVO A. MADERO,17704.42,557,2.7075289673426184,0.9788148712989879,0.2600456186494966,1.414289020383087,1.1564446345008805,-0.0580214328753136
LA LAGUNA TICOMAN (BARR) | GUSTAVO A. MADERO,92832.09,2513,2.187641579544315,1.0909519260311025,1.462733169903656,-0.08419025663578926,1.0149475858114183,-0.005748305336452437
LA LOMA | ALVARO OBREGON,89836.47,1611,4.0,-0.0,0.4476697793674843,1.6283474387567995,-1.781342883598349,1.2136856200354338
LA MAGDALENA ATLITIC (PBLO) | LA MAGDALENA CONTRERAS,16362.69,940,2.3248866781684425,0.907522713257052,0.12817162278645886,0.8515801826793858,1.1137682805958296,-0.03164428214394651
LA MAGDALENA CULHUACAN (BARR) | COYOACAN,133576.75999999998,3228,1.699668490237374,0.9692446658789106,1.6396121094232248,-0.9757729355320699,0.6218877759365177,-0.15188697501178114
LA MAGDALENA PETLACALCO (PBLO) | TLALPAN,118.67999999999999,1922,1.0,-0.0,-1.4359394752227679,-1.1457492777592078,-0.3516398376319845,0.3627578567497015
LA MAGUEYERA | IZTAPALAPA,22860.11,886,1.0,-0.0,-1.6792835715576737,-0.6541899472244269,-0.4627759476757395,-0.3043076276332746
LA MALINCHE | GUSTAVO A. MADERO,85682.02,1262,2.112550100942998,0.35181394753909134,-0.10678102023367225,0.21919203805373838,-0.44740837315055576,-0.17011111715372165
LA MALINCHE | LA MAGDALENA CONTRERAS,46243.14,2737,2.0,-0.0,-0.33651863456666203,-0.699540928841105,-0.9579958603355331,0.9742956859136505
LA MARTINICA | ALVARO OBREGON,7532.87,716,1.9284907346071285,0.2575255674059553,-1.080243331287107,0.3832053394585471,-0.08650072438447123,0.08512299806919918
LA MEXICANA (AMPL) | ALVARO OBREGON,14205.71,467,1.6615220217785667,0.640020764235389,-0.7360735654382249,0.3934290478460582,0.7682372271998642,-0.4543439164088308
LA MEXICANA | ALVARO OBREGON,15481.18,1865,1.2451453958935947,0.5569386967758679,-0.48588433789382107,-0.7148423598042534,0.6630460603306096,0.0334949207551223
LA NOPALERA | TLAHUAC,33337.62,1860,2.7339849095406326,1.0353589024670315,0.9655248270510312,0.7883504964201667,1.1307848600117931,0.4419951904101661
LA NORIA TEPEPAN | XOCHIMILCO,54492.97,1112,2.315581808075427,1.16049152788531,0.8004481242468843,0.802308978805731,1.4083519488434766,-0.3773981691543676
LA NORIA | XOCHIMILCO,47193.89,418,2.53217821205245,0.692917065723815,-0.05307889954683567,1.1885379030215582,0.42059742447139103,-0.268639247303089
LA NUEVA ROSITA | IZTAPALAPA,19923.15,923,1.9104815252608145,0.30142233160691007,-0.8615601891848794,0.26440206147322554,-0.07222909907455888,0.060157091322634214
LA OTRA BANDA | ALVARO OBREGON,48904.06,284,4.0,-0.0,-0.35653154139692084,2.3400167751160597,-1.484009381794485,0.8668774656350289
LA PALMITA | ALVARO OBREGON,5616.2,386,1.0,-0.0,-1.995099257848672,-0.3839079847830597,-0.339315682162288,-0.4217874411120293
LA PASTORA | GUSTAVO A. MADERO,6806.23,2733,1.3617391713180425,0.65441229216157,-0.024036899268158666,-0.9983677963984737,0.8636621667117782,0.5244526993040403
LA PATERA-CONDOMODULOS (U HAB) | GUSTAVO A. MADERO,134354.73,1640,1.661128491717411,0.6402841167720819,0.5652274338632728,-0.334232752856923,-0.020868598236271973,-0.7565314620145964
LA PERA XOCHINAHUAC (U HAB) | ALVARO OBREGON,3803.2,291,2.0,-0.0,-1.5868276413810816,0.5735964829162089,-0.6170888028930559,0.0958749928192681
LA PILA | CUAJIMALPA DE MORELOS,6.959999999999999,1222,1.0,-0.0,-1.7091620462208579,-0.7954915538781023,-0.3295992020000146,0.024179749283466594
LA PLANTA | IZTAPALAPA,518.38,1639,1.2322427562791773,0.541972120343716,-0.7051420364390615,-0.6013110953899719,0.7358703603762888,0.03397098104696371
LA POLVORILLA | IZTAPALAPA,16744.43,1104,1.7460522693217984,0.5666307556835316,-0.5306859814873125,0.12251458049106664,0.5525803823788451,-0.07448912950808609
LA PRADERA I (U HAB) | GUSTAVO A. MADERO,610.22,1057,1.9680770869522466,0.14136414594530258,-1.134900738901987,0.21542760155195562,-0.3113255095140302,0.39025332133505986
LA PRADERA II (U HAB) | GUSTAVO A. MADERO,275.58,501,1.569344654909645,0.683498747325523,-0.8042768071352124,0.32449296374107384,0.9737345803444178,-0.4130751994351305
LA PRADERA | GUSTAVO A. MADERO,8027.5599999999995,2427,1.6215113932502527,0.7200506055717089,0.07305181486752718,-0.5875895551074828,0.9286419957997459,0.47193222766501663
LA PRECIOSA | AZCAPOTZALCO,69568.24,1072,1.696434033691236,0.6138555292267016,-0.1307726030985775,0.04839543828636934,0.3366770252099385,-0.5276380393999357
LA PRESA | ALVARO OBREGON,5527.530000000001,278,1.6875059927309304,0.6210816494588551,-0.8843066971909398,0.5149875011356257,0.7807129039730518,-0.45773301527149507
LA PURISIMA TICOMAN (BARR) | GUSTAVO A. MADERO,117042.75,2064,2.3861400214878747,0.9647492149194083,1.3786878729111454,0.2474244092574367,0.5511206622158198,-0.2158562803301201
LA RAZA | AZCAPOTZALCO,202932.04,716,1.990787162046959,0.053132435437450415,0.04589486563857055,0.1383634069847801,-1.764365021568474,-1.1769518708408209
LA REGADERA | IZTAPALAPA,2483.41,205,1.0,-0.0,-2.087565978842806,-0.28970690992132714,-0.3141374162440256,-0.4868448980161309
LA TURBA | TLAHUAC,5604.66,592,2.0945035024426106,0.31283528005991124,-0.9913473789463043,0.617848843851416,-0.0018225366141191807,0.09807311905999028
LA VENTA | CUAJIMALPA DE MORELOS,2641.41,0,1.0,-0.0,-2.1662404904371777,-0.187354749987708,-0.3088795492767492,-0.5873817528363767
LAS AGUILAS (AMPL) | ALVARO OBREGON,125916.89000000001,2633,2.4031415483657512,1.320458802686063,2.1505840758995625,0.09421439888875537,1.2273773100162597,-0.20267916221164645
LAS AGUILAS | ALVARO OBREGON,188483.26,2252,3.424508786615851,0.9007056129234579,2.3431458000812695,0.9896884254183287,-0.3420032476169361,-0.033207492402325414
LAS ARBOLEDAS | TLAHUAC,80191.62,3581,1.1600087390677478,0.43968437048473075,0.43955676259511656,-1.7678660869227154,-0.019136478745586005,0.4182330339277816
LAS CALLES (BARR) | LA MAGDALENA CONTRERAS,2312.72,91,1.9297796533951366,0.6906797018689179,-0.7747556774512866,0.8569587422457227,0.8834117142769513,-0.4323630122317902
LAS CAMPANAS | COYOACAN,34857.619999999995,267,2.417253386777411,0.6916248519082054,-0.2529456003056024,1.1737149669322264,0.5334428997161458,-0.3149894468621367
LAS CRUCES | LA MAGDALENA CONTRERAS,132.86,2884,1.5653319283456268,0.6845862006825965,0.12180456250135809,-0.870528698798581,0.9054622288242367,0.740486620846528
LAS CUEVITAS | ALVARO OBREGON,24873.409999999996,1116,1.9249777171686553,1.0246379191841843,0.2314705441711372,0.4321194128385316,1.420119642503599,-0.2965646509022776
LAS PALMAS | ALVARO OBREGON,14622.25,494,1.824529056745713,0.4644559156575774,-0.88502749975178,0.46506358105848855,0.3449203117712817,-0.25197926439626267
LAS PEAS I | IZTAPALAPA,30170.3,3265,1.261535019539083,0.5746563836884553,0.19367717274290697,-1.4111230984018885,0.5609650737299915,0.6045162697767793
LAS PEAS II | IZTAPALAPA,11355.560000000001,443,1.579974039149104,0.6803003782807258,-0.7484126831302803,0.3490436305785495,0.8960817676475898,-0.5137548478418807
LAS SALINAS | AZCAPOTZALCO,82098.7,253,2.066442099570395,0.6994492357204397,-0.07641239938736018,0.8096919534477272,0.356442942156095,-0.8617819085577054
LAS TINAJAS | CUAJIMALPA DE MORELOS,176969.59999999998,578,3.889621155271866,0.21631615605088222,0.8996562350058176,2.0196354858699035,-1.8057536359074124,-0.10558952485907054
LEGARIA (U HAB) | MIGUEL HIDALGO,38912.03,635,1.0,-0.0,-1.6641333124754283,-0.5474400251917045,-0.5558613817461894,-0.5423056885167936
LEGARIA | MIGUEL HIDALGO,114517.52999999998,2187,1.9512466781286673,1.0935750042646273,1.3835702576493885,-0.1602059439391114,0.9633947023982744,-0.4526145369716613
LETRAN VALLE | BENITO JUAREZ,303732.27,4378,3.719513010586593,0.5969200300933054,3.705670889516545,-0.04872652795189208,-1.8603965900054755,0.5023881911986637
LEYES DE REFORMA 1A SECCION | IZTAPALAPA,28683.5,2114,1.097777816514721,0.3201727206426083,-0.6833395114569589,-1.0727361127890465,0.1135925635025535,0.11571311261867946
LEYES DE REFORMA 2A SECCION | IZTAPALAPA,73047.98,1425,1.0225146540670942,0.10767061691604889,-0.9610193327155675,-0.9238687162300726,-0.5724385198910261,-0.45710405784237973
LEYES DE REFORMA 3A SECCION I | IZTAPALAPA,23595.04,4503,1.6234144972841749,0.6623677937692849,0.91344467759571,-1.66295560113139,0.6447896242379896,1.4004041628136232
LEYES DE REFORMA 3A SECCION II | IZTAPALAPA,12244.59,3518,1.691559292716212,0.6178473554803291,0.42139611462538706,-1.110934055000347,0.6317452623859872,1.0685992242065234
LIBERACION | AZCAPOTZALCO,35097.56,786,1.8260269374851128,0.462130415269596,-0.6299030153269916,0.29556945208346774,0.20215307896513313,-0.25657601522285334
LIBERALES DE 1857 | ALVARO OBREGON,19825.16,1359,2.0,-0.0,-1.0585384180394406,0.020642354504730304,-0.7501959570873127,0.4975971536295245
LIBERTAD | AZCAPOTZALCO,33684.659999999996,478,1.9873877307949674,0.06768692574502677,-1.2183795610376584,0.457666002454528,-0.6631076749825928,-0.07644285952394554
LINDAVISTA I | GUSTAVO A. MADERO,364799.22,3273,3.5706373769110584,0.6019271373089855,3.6434620835963294,0.2990886848153456,-2.155853092045439,-0.5607102086874061
LINDAVISTA II | GUSTAVO A. MADERO,505098.18,3064,2.8183351799050236,0.9182849977557208,4.63096112255863,-0.33127006764097316,-2.139432912062508,-2.2775537612721997
LINDAVISTA VALLEJO (U HAB) | GUSTAVO A. MADERO,237684.72999999998,3745,1.9794462605990717,0.10018641514814836,1.5274047186738453,-1.410960811672806,-1.9717148778827949,0.0061006889174799895
LLANO REDONDO | ALVARO OBREGON,2209.3500000000004,296,1.511471699821214,0.5685493279536324,-1.0521771669098952,0.33139469141723155,0.741006980440275,-0.49120356808599797
LOMA DEL PADRE | CUAJIMALPA DE MORELOS,1.26,1155,1.0,-0.0,-1.7352782492813388,-0.7619727326802618,-0.3275209341724614,-0.008263190409496485
LOMA HERMOSA (CONJ HAB) | MIGUEL HIDALGO,88605.01000000001,1510,1.0,-0.0,-0.9742653584783209,-1.0432853796371089,-0.8943944401722153,-0.47811920320733775
LOMAS ALTAS | MIGUEL HIDALGO,192370.91,615,3.388076398869247,0.5835767917767953,1.2884906490152825,1.6582123783929146,-0.9783084022142725,-0.6898903033527154
LOMAS DE  PADIERNA I | TLALPAN,2178.66,2956,2.687844822046579,1.0572362805022602,1.1814557998305453,0.24251854198999925,1.3527824901180905,1.1609577584880726
LOMAS DE  PADIERNA II | TLALPAN,41507.16,2554,3.9451648823961936,0.16954520123315908,0.6787505738484225,1.2237065082513676,-1.1312654162054265,1.8918385976704368
LOMAS DE AXOMIATLA | ALVARO OBREGON,27121.79,510,3.7919488352354325,0.511363136625163,0.1734583491179989,2.2452365327930597,-0.20912632112528157,0.7210502970468962
LOMAS DE BARRILACO (LOMAS DE CHAPULTEPEC) | MIGUEL HIDALGO,156899.58000000002,1779,4.0,-0.0,0.9844810799949893,1.4657911538240445,-2.2073329092859537,0.8092362612161573
LOMAS DE BECERRA (U HAB) | ALVARO OBREGON,57939.770000000004,672,2.0,-0.0,-1.057985899906793,0.3196375817798961,-0.9684489382170272,-0.1116449846159784
LOMAS DE BECERRA ARVIDE (U HAB) | ALVARO OBREGON,48117.08,870,1.0,-0.0,-1.507964489349558,-0.6757610470712395,-0.6207935735753488,-0.4950631579073241
LOMAS DE BECERRA | ALVARO OBREGON,1032.85,2311,1.0,-0.0,-1.2781159743952335,-1.3413902263596604,-0.36923557472664637,0.544736804732347
LOMAS DE BEZARES | MIGUEL HIDALGO,155028.46,1142,3.7683267962540556,0.46792794564222295,1.2490976550116495,1.7424790159227759,-1.116300646385674,0.11309080205482624
LOMAS DE CAPULA | ALVARO OBREGON,6407.139999999999,1351,1.088740061868478,0.29961305382973197,-1.1687884876727377,-0.6805217559386036,0.23569657291346358,-0.08578482488530777
LOMAS DE CHAMONTOYA | ALVARO OBREGON,2130.11,1747,1.0,-0.0,-1.4899092472512871,-1.060572783024984,-0.35892810800571096,0.26333725003397357
LOMAS DE CUAUTEPEC | GUSTAVO A. MADERO,6902.01,3087,1.280793565932243,0.5937012490324415,-0.004631922508888578,-1.270596484751462,0.7471754317669639,0.686283987581992
LOMAS DE CUILOTEPEC | TLALPAN,0.0,510,0.0,-0.0,-2.4443084413848077,-1.3472186790962672,-0.015803131961284366,-0.8715616396274378
LOMAS DE GUADALUPE | ALVARO OBREGON,46148.96,390,3.4773030638176894,0.46253402150954814,0.050474918076874584,1.9799789961628347,-0.33652473299295244,0.38028930007003553
LOMAS DE LA ERA | ALVARO OBREGON,2212.12,3774,1.6393685695170244,0.6537806322305472,0.4751200474835521,-1.2618517036759174,0.7783383145625732,1.2156847340982457
LOMAS DE LA ESTANCIA I | IZTAPALAPA,282.45,2072,1.0,-0.0,-1.376408833452351,-1.2209682346538404,-0.35724036332834164,0.43429717714898275
LOMAS DE LA ESTANCIA II | IZTAPALAPA,70443.37,3972,1.0,-0.0,-0.14373365588494136,-2.253465827860894,-0.8554713954603086,0.8471446062654338
LOMAS DE LAS AGUILAS | ALVARO OBREGON,10324.49,914,1.9665968972801564,0.6925891931332424,-0.37868775651838715,0.4700316780487152,0.801339594942209,-0.07223328934238797
LOMAS DE LOS ANGELES TETELPAN | ALVARO OBREGON,24721.670000000002,1181,2.2628568377459937,0.7119916134479753,-0.01168508711976737,0.5954808966829949,0.6574673322544757,0.1046889947216952
LOMAS DE LOS CEDROS | ALVARO OBREGON,0.0,1345,0.0,-0.0,-2.1193297517167946,-1.7648700624673312,-0.041258123013207984,-0.4667207536510389
LOMAS DE MEMETLA | CUAJIMALPA DE MORELOS,40637.32,1564,1.4565655412315577,0.7854227637450236,-0.020869720817438268,-0.3206447482916554,0.9370906361660866,-0.3117555109561469
LOMAS DE NUEVO MEXICO | ALVARO OBREGON,4767.610000000001,418,1.0,-0.0,-1.9886102270108157,-0.3989201516265974,-0.3349656991370086,-0.40012416483788765
LOMAS DE PADIERNA (AMPL) | TLALPAN,48312.84,2956,4.0,-0.0,0.6792442295845037,1.0042246222094215,-1.561755028666712,2.1666519554003854
LOMAS DE PLATEROS (U HAB) I | ALVARO OBREGON,221696.99,3313,1.9988684555437584,0.008807496013226189,1.1324009899523235,-1.1909873797696362,-2.057646288062931,-0.02344606306974389
LOMAS DE PLATEROS (U HAB) II | ALVARO OBREGON,190155.58,2484,1.920793278850928,0.2768276214751207,0.9141546621041313,-0.7150846718618515,-1.2433083791066144,-0.39637649970139593
LOMAS DE PUERTA GRANDE | ALVARO OBREGON,9481.34,952,1.0476504375963736,0.1915381070648548,-1.4672076793835498,-0.5602413945344868,0.011401416545239592,-0.2610094820709401
LOMAS DE REFORMA (LOMAS DE CHAPULTEPEC) | MIGUEL HIDALGO,108003.16,450,4.0,-0.0,0.12351761844385889,2.187786105829792,-1.8599586306494016,0.5191612601509317
LOMAS DE REFORMA | MIGUEL HIDALGO,69075.45,733,4.0,-0.0,-0.0399858600877192,2.091816201295078,-1.6242869230143462,0.9384195620689196
LOMAS DE SAN ANGEL INN | ALVARO OBREGON,89365.04,908,3.755485814139399,0.40479472394193006,0.6053157804821384,1.9023253731954812,-0.8272024361629785,0.5052036854669285
LOMAS DE SAN BERNABE | LA MAGDALENA CONTRERAS,1650.7499999999998,2032,1.0222989550204453,0.10685619495065535,-1.2278692176949855,-1.144363120652089,-0.14453864485612736,0.35485539188969545
LOMAS DE SAN LORENZO I | IZTAPALAPA,69976.95999999999,3898,1.6378216487255237,0.6546612512778663,1.0002201277954015,-1.4043132802181686,0.35160484658461155,0.7834520345908205
LOMAS DE SANTA CRUZ MEYEHUALCO | IZTAPALAPA,60.42999999999999,1645,1.0,-0.0,-1.5441562508552829,-1.0071308520233904,-0.34282992727556316,0.22887939470224827
LOMAS DE SANTA FE II | ALVARO OBREGON,502583.64,1122,3.7341116595040775,0.2993553428126683,3.4412099500726954,1.2545816758968618,-3.6443009829432738,-2.3351792545150376
LOMAS DE SANTA FE | ALVARO OBREGON,7132.57,85,4.0,-0.0,-0.727618124952829,2.488464107135818,-1.2157971600243707,1.0730476485897706
LOMAS DE SANTO DOMINGO (AMPL) | ALVARO OBREGON,7626.95,284,1.907842584519369,0.30750108166789747,-1.189694877431675,0.5981792185843097,0.03807849230935276,-0.16556717405476581
LOMAS DE SANTO DOMINGO | ALVARO OBREGON,2720.77,187,1.0,-0.0,-2.0929029632947986,-0.2809815771655401,-0.31507828811354843,-0.4972917868236803
LOMAS DE SOTELO | MIGUEL HIDALGO,162766.65,2409,1.4909684508466567,0.6291821307150132,0.971322048689492,-0.9105660709518828,-0.19646282216824024,-0.6767505084959828
LOMAS DE TARANGO | ALVARO OBREGON,32876.84,944,2.571521472258283,0.993738022951903,0.47517945399633665,1.0847774893892985,1.12079341950065,-0.06391964174519514
LOMAS DE TETELPAN | ALVARO OBREGON,22970.29,1552,1.0,-0.0,-1.4193044913407975,-0.9874397037687555,-0.48377042806270976,0.01779709875546002
LOMAS DE VISTA HERMOSA | CUAJIMALPA DE MORELOS,434802.38,2317,3.130049748117754,0.6021368340345702,3.561982845046571,0.2953742819588078,-2.436911884476956,-1.7741249549218963
LOMAS DE ZARAGOZA | IZTAPALAPA,4160.0,4834,1.3576923076923078,0.6520788635661012,0.7700580569134047,-2.050653010699117,0.8124540987409633,1.5614081158583113
LOMAS DEL CHAMIZAL | CUAJIMALPA DE MORELOS,100129.61,1395,1.5417956786209395,0.7207476203692693,0.2832735403845623,-0.2513704616561768,0.40685561484151367,-0.7400402447883623
LOMAS ESTRELLA 1A SECC (FRACC) | IZTAPALAPA,36373.479999999996,861,1.6103144378816656,0.6686072271254891,-0.411755325880567,0.1340652846098234,0.69267844966338,-0.4688234092443595
LOMAS ESTRELLA 2A SECC I | IZTAPALAPA,148881.71,3375,1.1913208815239966,0.48813259794721753,0.9220007115587894,-1.6996235166472928,-0.3503488170416645,-0.1903916973579771
LOMAS ESTRELLA 2A SECC II | IZTAPALAPA,166122.16,4123,2.0231314112457963,0.06307826775892662,1.1413693878252782,-1.4897557116802995,-1.6255759408204395,0.7535992476708447
LOMAS HIDALGO | TLALPAN,212.4,653,1.0,-0.0,-1.929170430857815,-0.511128950322632,-0.31354250765568525,-0.2531823655827011
LOMAS QUEBRADAS | LA MAGDALENA CONTRERAS,44090.93,1260,3.1139447500880566,0.8708945804330481,0.7595582764404304,1.3624017846176757,0.6218890210341314,0.37843870754907205
LOMAS VIRREYES (LOMAS DE CHAPULTEPEC) | MIGUEL HIDALGO,217188.87,1060,3.919731384025342,0.12327894357741906,1.2581460854823,1.7257433111819054,-2.2789248885510522,-0.09238488373068263
LOPEZ PORTILLO | TLAHUAC,2058.7200000000003,1196,1.1282350198181392,0.23814980811342315,-1.3245802659313421,-0.5838778316146324,0.12584790782905753,-0.07178430675235242
LORENZO BOTURINI | VENUSTIANO CARRANZA,160614.901,2840,2.190292879488186,1.1539629545673882,2.1527769763858413,-0.30232937366548035,0.7124303521965191,-0.3736659948933735
LORETO PEA POBRE (U HAB) | XOCHIMILCO,18378.260000000002,348,1.0266330980190725,0.12283622071314038,-1.7421266896581333,-0.31203350152903797,-0.1655600054863734,-0.5897596333589898
LORETO | ALVARO OBREGON,948.56,286,3.0,-0.0,-1.1508506869378823,1.4873043154611967,-0.8910685461501968,0.6647201213419641
LOS  ENCINOS | TLALPAN,374.94,610,3.0379794100389397,1.2258679138981958,0.6437653353818874,1.7958290138826278,1.690936763171655,0.1308795002083476
LOS ANGELES APANOAYA | IZTAPALAPA,3045.84,1257,1.5368042970083786,0.6904356162555358,-0.49610786777624133,-0.08396609838449455,0.957515062872922,-0.08857630881818958
LOS ANGELES | IZTAPALAPA,8738.56,3907,1.4850513128021094,0.6927001874571495,0.5546343886943064,-1.4622925889221177,0.8609200944051337,1.1251845934345424
LOS CEDROS (FRACC) | COYOACAN,18983.18,314,4.0,-0.0,-0.5551872680602186,2.3600464224777444,-1.2971492056300669,1.09821287156958
LOS CERRILLOS II | XOCHIMILCO,2296.05,1664,1.0,-0.0,-1.5210460275427427,-1.0192520385194692,-0.3574392425107741,0.2218932712420162
LOS CERRILLOS III | XOCHIMILCO,1326.92,1561,1.0,-0.0,-1.5679458086382159,-0.9665985869887973,-0.3482173079643268,0.17897659710194957
LOS CIPRESES | COYOACAN,65307.03999999999,604,2.7248742248921407,0.6818672782709007,0.21997314821353958,1.2453119812394653,0.22154768821353735,-0.19714739804227563
LOS CIPRESES | IZTAPALAPA,37426.41,766,2.0,-0.0,-1.1656020438311403,0.2966401320775188,-0.842578658333715,0.08255843103917009
LOS GIRASOLES I | COYOACAN,28117.589999999997,302,2.9259410212610684,0.6522702603229499,-0.10686578905765813,1.611941201567512,0.3426647724784852,0.05387678970163612
LOS GIRASOLES II | COYOACAN,20225.329999999998,501,3.608997727107543,0.38702130635016463,-0.13019857978457985,2.047552050179076,-0.3758003325352624,0.7385489794486623
LOS GIRASOLES III | COYOACAN,62185.880000000005,1200,2.133633229922934,0.6630156141229988,0.13375777263018407,0.40739578100615464,0.3556625546876216,-0.2000872987502921
LOS MORALES (POLANCO) | MIGUEL HIDALGO,280295.32,1515,3.6987146984830144,0.32602332029087555,2.0513629672378833,1.2956301264427401,-2.1943795374707182,-0.5691236920213126
LOS OLIVOS (FRACC) | COYOACAN,13351.920000000002,349,3.79010209767584,0.25355090636797967,-0.3349400841278796,2.248637004156687,-0.6639375196823698,0.8923242818868162
LOS OLIVOS (U HAB) | COYOACAN,17103.09,185,1.8832930189807808,0.6060715991800882,-0.7697283945417598,0.7203667092844542,0.621896293556316,-0.4701286266061674
LOS OLIVOS | TLAHUAC,73337.47,2551,2.165153638378853,1.125547160429013,1.376894266375453,-0.088498099969548,1.216056226038379,0.1213352033562897
LOS PADRES | LA MAGDALENA CONTRERAS,278.63,1868,2.0,-0.0,-0.9978417858466146,-0.2110624184068833,-0.6430445036182967,0.8860037958922373
LOS PICOS VI B | IZTAPALAPA,5734.5,689,1.1276606504490365,0.3819153812355236,-1.3022156305046733,-0.28404550053461824,0.4232491163432049,-0.4285163007836818
LOS REYES (AMPL) | IZTAPALAPA,32199.83,2035,1.5556252936739106,0.6869460051374332,0.015535519128709211,-0.49139687123172876,0.737939655958369,0.0897957368242429
LOS REYES (BARR) | AZCAPOTZALCO,71157.16,1161,2.0,-0.0,-0.7747561666955597,0.0595723638327046,-1.066304601949393,0.02967554286988781
LOS REYES (PBLO) | COYOACAN,216601.73000000004,5586,2.017933651776465,0.8513571230445871,3.127559748596057,-2.0053487714706426,-0.3139578097391804,0.6338983298117739
LOS REYES (PBLO) | IZTAPALAPA,64279.81,1827,1.7287677110433277,0.5844806540296639,0.10104172712980979,-0.30412853234020737,0.2751189859677511,-0.08830772121976095
LOS REYES | IZTACALCO,95466.7,2168,1.834217585817882,0.5584314489560965,0.4661123177284856,-0.42472640859426414,-0.017028238064853932,-0.07566666119683452
LOS SAUCES (FRACC) | COYOACAN,8176.87,372,4.0,-0.0,-0.6085778588161163,2.343689278492597,-1.2311000831305186,1.2046301290226413
LOS VOLCANES | TLALPAN,2315.0699999999997,1343,2.1231453044616364,0.7026448832325187,-0.18275093920459254,0.410528853949032,0.8141292532526195,0.2741147919509982
M MAZA DE JUAREZ (U HAB) | IZTAPALAPA,1708.1000000000001,777,2.0,-0.0,-1.4124060683464297,0.33296157591338044,-0.6187562849515427,0.3466868748421842
MA ESTHER ZUNO DE ECHEVERRIA-TLALPUENTE | TLALPAN,229.79,774,2.0,-0.0,-1.423965574037737,0.33619310894797155,-0.6093873869747897,0.355943377108041
MAGDALENA  MIXHUCA (PBLO) | VENUSTIANO CARRANZA,105824.28,1761,1.9748748585863285,0.34646056077624937,0.15873773200821215,-0.1808754747690992,-0.560171218116173,-0.1467913110833878
MAGDALENA  MIXHUCA | VENUSTIANO CARRANZA,128468.70000000001,1409,1.7014998205788647,0.7356262372403719,0.5811663956237003,-0.14128130608418143,0.21348898003106567,-0.8593412354886567
MAGDALENA ATLAZOLPA (PBLO) | IZTAPALAPA,37311.810000000005,1794,1.8459876376943383,0.42960625941003994,-0.25680012733679003,-0.20463707535322576,0.08273333948216506,0.24608539616768652
MAGDALENA DE LAS SALINAS | GUSTAVO A. MADERO,440823.13,989,1.2522930228275453,0.4647804376253641,2.0420030950583885,-0.8009725687086153,-2.177074362758992,-3.4152555067533092
MALACATES (AMPL) | GUSTAVO A. MADERO,0.0,1937,0.0,-0.0,-1.8889256986827063,-2.060977390557954,-0.05930525439373337,-0.17969583808453812
MALACATES | GUSTAVO A. MADERO,62.4,1941,1.0,-0.0,-1.428940376040086,-1.1551868227896265,-0.35186585611195265,0.3723775789500253
MANUEL AVILA CAMACHO | MIGUEL HIDALGO,5052.5,15,1.0,-0.0,-2.1434535685881677,-0.19768067338569056,-0.32446812303955974,-0.5975785928542725
MANZANASTITLA | CUAJIMALPA DE MORELOS,7526.29,1347,3.0,-0.0,-0.6916749286679097,0.9489099347911628,-0.9646930688929594,1.1314760977929552
MARGARITA M DE JUAREZ | ALVARO OBREGON,9766.279999999999,240,1.0,-0.0,-2.0227485058397274,-0.3157409449874035,-0.36090956249142947,-0.5226431862079974
MARIA DEL CARMEN | BENITO JUAREZ,75581.39,1318,2.1989452694638194,0.32392268596393003,-0.15407974931778531,0.27153700099708855,-0.4701000103785875,-0.005918004839443802
MARIA G DE GARCIA RUIZ | ALVARO OBREGON,27207.0,739,1.635700738780461,0.6558517926119898,-0.5292694569007987,0.22433721004388188,0.7194627042350932,-0.4401311024142776
MARINA NACIONAL (U HAB) | MIGUEL HIDALGO,42087.37,626,2.0,-0.0,-1.1873248371520722,0.3612078822681593,-0.8675615828356709,-0.019089832980130967
MARTIN CARRERA I | GUSTAVO A. MADERO,166957.94,2768,1.9612117279357901,0.8819903950606431,1.6972123539502526,-0.5783235452357448,0.16502030022364939,-0.4218098398746069
MARTIN CARRERA II | GUSTAVO A. MADERO,114567.16,2448,1.9824941981628945,0.7865891836235178,1.0853211554164963,-0.37148506507488116,0.2950571414952142,-0.12992464170964454
MARTIRES DE RIO BLANCO (AMPL) | GUSTAVO A. MADERO,14102.529999999999,291,2.7821554004848776,0.963603396063778,0.14483942240882455,1.6139023075751808,1.13310867330333,-0.11091851134055195
MARTIRES DE RIO BLANCO | GUSTAVO A. MADERO,109642.31,1650,2.640296159393213,0.8344393165944319,1.1059964497300276,0.6476176901090428,0.2596451244090996,-0.1469149960630256
MARTIRES DE TACUBAYA | ALVARO OBREGON,12029.210000000001,195,1.9477579990705958,0.2050644998467272,-1.3134152237779892,0.6373926702128546,-0.21570302937078295,-0.158806972713443
MAXIMINO AVILA CAMACHO | GUSTAVO A. MADERO,36701.85,579,1.958779462070713,0.9955631883789453,0.08184583759277439,0.7072265373379927,1.290735450371235,-0.6070332425587808
MEDIA LUNA | COYOACAN,5325.55,171,2.007073447812902,0.6931221635193462,-0.6837434620984186,0.8844562926322584,0.8446709275168811,-0.37427484888883217
MEMETLA | CUAJIMALPA DE MORELOS,3909.94,189,3.0,-0.0,-1.1677854063523732,1.532354349429605,-0.9066962574970276,0.5962341718772352
MERCED BALBUENA | VENUSTIANO CARRANZA,117426.07,1286,1.8584190887083252,1.191237342443421,1.14269909969417,0.2374667932951816,1.206805309251071,-1.0186799688245731
MERCED GOMEZ | ALVARO OBREGON,213902.97999999998,2239,2.008528492683926,0.1253590650186541,0.8214066957552897,-0.5944970323465344,-1.7316734930065072,-0.5504483317551095
MERCED GOMEZ | BENITO JUAREZ,47372.600000000006,1062,3.6442707387814894,0.46814003033470725,0.4046550297300666,1.7959996451734215,-0.40156510977090654,0.7858913229745798
"MESA LOS HORNOS, TEXCALTENCO | TLALPAN",3558.85,2849,1.0,-0.0,-1.0509717554354643,-1.6134455192386357,-0.40148895522953665,0.78727838815754
METROPOLITANO (U HAB) | ALVARO OBREGON,25576.5,611,1.0,-0.0,-1.7672173652785281,-0.5198207775589146,-0.4714398397278373,-0.45731992485389356
MEXICALTZINGO (PBLO) | IZTAPALAPA,22522.73,326,1.5186755779605758,0.6924494638509848,-0.7271184609481434,0.3431536314787107,0.8732300017023867,-0.6922382531492436
MEXICO NUEVO | MIGUEL HIDALGO,72786.01,1269,2.525656647479371,0.6918300750829418,0.4535746589700778,0.7266103849235703,0.23364569287910933,-0.0444231457216962
MICHOACANA (AMPL) | VENUSTIANO CARRANZA,35282.78,704,1.841874421459987,0.4365485486421431,-0.6877974628393486,0.34166805707255465,0.14461754380342248,-0.27400777823074973
MICHOACANA | VENUSTIANO CARRANZA,20320.08,301,3.190546986035488,0.7565420117637539,0.0999052298796679,1.8988356115092728,0.5354543326598639,0.1946745457375149
MIGUEL ALEMAN | BENITO JUAREZ,31928.690000000002,335,2.4210219711488317,0.9638822840784087,0.12225578855936015,1.243260138657462,1.1259548647062105,-0.4177420846290733
MIGUEL DE LA MADRID HURTADO | IZTAPALAPA,1257.67,4172,1.0,-0.0,-0.552241759181168,-2.272490868122066,-0.4273791003307834,1.4453939771542603
MIGUEL GAONA ARMENTA | ALVARO OBREGON,0.0,534,0.0,-0.0,-2.4349677365320743,-1.3592230302350763,-0.016534772422657006,-0.8599254944017688
MIGUEL HIDALGO (U HAB) | AZCAPOTZALCO,12353.93,765,1.2113975067043443,0.5158023861671748,-1.006981300191638,-0.20623139480247973,0.6388343525678662,-0.4717246064407878
MIGUEL HIDALGO OTE | TLAHUAC,25830.79,3885,2.3932674920124395,1.032019504759594,1.5403228848848753,-0.5262380639467992,1.2085879147257148,1.2925414516214546
MIGUEL HIDALGO | ALVARO OBREGON,17767.309999999998,614,2.0,-0.0,-1.362955312404738,0.395687007732124,-0.7145701506300699,0.1513018604594172
MIGUEL HIDALGO | TLAHUAC,46463.57,2850,2.2027323772150957,1.1409511440951905,1.3423602901732046,-0.1669970700611591,1.3972823733424695,0.47270895592796663
MIGUEL HIDALGO | TLALPAN,40525.490000000005,4245,1.784886253071832,0.9092419976167223,1.3393257935371585,-1.3194482608372313,1.0227277655034983,1.0973585811955915
MIGUEL HIDALGO | VENUSTIANO CARRANZA,4839.070000000001,95,1.9421169770224442,0.22110240968155898,-1.3838078900436876,0.6964053361731389,-0.13187649934675735,-0.16766828480485083
MILITAR 1 K LOMAS DE SOTELO (U HAB) | MIGUEL HIDALGO,389967.98,1295,1.0,-0.0,1.0605165094647366,-1.2886196335953048,-2.779106371847276,-2.765869844782441
MILITAR MARTE | IZTACALCO,97988.78,2189,3.5860099493023587,0.8099613385094186,1.633930974738897,1.241550571430861,-0.011749054915661014,0.7338423459465538
MINAS DE CRISTO | ALVARO OBREGON,36926.57,861,1.334202987171568,0.7449667957212316,-0.43122365351749004,-0.09013096038296088,0.9317605267692399,-0.6694534615501182
MINERVA | IZTAPALAPA,25714.35,474,2.0,-0.0,-1.3615783008560665,0.45640700690942343,-0.7601755559564368,0.025844469816686182
MIRADOR 1A SECC | TLALPAN,40.55,539,1.0,-0.0,-1.9747468144603364,-0.45390705906764856,-0.30898873492514145,-0.3072089249116899
MIRADOR DEL VALLE | TLALPAN,4.23,215,1.0,-0.0,-2.101101644788937,-0.29180579072216045,-0.298883654956853,-0.4640337307331491
MIRADOR I | TLALPAN,0.0,556,0.0,-0.0,-2.4264054237504022,-1.3702270187789847,-0.017205442845581908,-0.8492590279449056
MIRASOLES (U HAB) | IZTAPALAPA,196175.96000000002,2902,2.0,-0.0,0.7816654088654323,-0.957630829313958,-1.9039605904623471,-0.032036488190041915
MIRAVALLE | BENITO JUAREZ,53513.0,824,2.2837161063666773,0.40832210605549346,-0.3486949480763447,0.6514063019222657,-0.162339135338634,-0.08815497962607886
MIRAVALLE | IZTAPALAPA,866.75,3510,1.0,-0.0,-0.8126375431865541,-1.9409131114719023,-0.4047447175620207,1.127262695789827
MIXCOAC | BENITO JUAREZ,186552.03,1913,2.993668844021692,0.8953096157069411,1.993026622822589,0.7684503083825412,-0.2051653180713276,-0.4176382773619525
MIXCOATL | IZTAPALAPA,11212.48,1789,1.1658919347013328,0.449312162429733,-0.7270840179220022,-0.7820108872506009,0.4870826101927981,0.046801609363599984
MOCTEZUMA 1A SECCION | VENUSTIANO CARRANZA,200197.81000000003,3545,2.100691760813967,0.2976483285222272,1.5081880426111625,-1.0868167280891257,-1.3470649417965121,0.1321664331866983
MOCTEZUMA 2A SECCION I | VENUSTIANO CARRANZA,309791.65,4008,1.8567696062821577,0.8586647266527105,3.1045507608779896,-1.4689004405792034,-0.7881224500872017,-0.8993839413331458
MOCTEZUMA 2A SECCION II | VENUSTIANO CARRANZA,197266.80000000002,3234,2.115242757524327,0.24622657615356391,1.3037793402801743,-0.9328831688108833,-1.432476042471054,0.040663475138697794
MOCTEZUMA 2A SECCION III | VENUSTIANO CARRANZA,208542.59,3969,2.040609162857333,0.9725169876972888,2.6155512814651405,-1.123496368303567,0.03620269415945795,-0.14997617701302202
MOCTEZUMA 2A SECCION IV | VENUSTIANO CARRANZA,167739.24,3180,2.084620450170157,0.6310799095071912,1.5807964527955156,-0.7623987900740516,-0.420523499496423,-0.013219849109235885
MODELO (U) | IZTAPALAPA,74453.47,1980,1.7526824471713676,0.5593689410916722,0.20915253234660072,-0.3797772690669105,0.14637584506179435,-0.060005852584358706
MODELO PENSIL | MIGUEL HIDALGO,58021.48,789,2.5803843679961282,0.6801676331641444,0.17229015560327277,1.029528370823362,0.30022386088488145,-0.13322635688393458
MODERNA | BENITO JUAREZ,246813.88999999998,3695,2.1423696616102115,0.4445493670343649,2.1116918911830367,-1.1264102953266522,-1.3448643026657612,-0.19571568260754563
MOLINO DE ROSAS (AMPL) | ALVARO OBREGON,9488.58,320,2.0,-0.0,-1.5355750490661664,0.5524340755383984,-0.6536526571439122,0.06874220140893818
MOLINO DE ROSAS | ALVARO OBREGON,102691.21999999999,2186,2.462733522885404,1.1168744482018973,1.5657613976247053,0.3267786536243636,0.9376704138333456,-0.0994034219330275
MOLINO DE SANTO DOMINGO (U HAB) | ALVARO OBREGON,3111.83,426,1.2803559320399893,0.5932891674704988,-1.06768281605758,0.06428027702510025,0.8513361506429169,-0.5764123262990445
MOLINO DE SANTO DOMINGO | ALVARO OBREGON,53078.020000000004,1420,1.9447468085659563,0.21370162040338972,-0.5378109947619504,-0.023060293198069234,-0.49146368170113114,0.13100157028044337
MOLINO DEL REY | MIGUEL HIDALGO,15121.42,166,3.915220925018947,0.17546525678103014,-0.441851401254455,2.423952919610425,-0.8715798293145639,0.9052742236301574
MONTE ALBAN | IZTAPALAPA,0.0,355,0.0,-0.0,-2.504633826892044,-1.2696905779914591,-0.011077953981585967,-0.946711744209883
MONTE ALTO | AZCAPOTZALCO,10555.61,291,1.9874843803437223,0.06726511975786036,-1.4542722807062585,0.5782201904348748,-0.5131784350071824,0.0007721180157375073
MONTE DE PIEDAD | COYOACAN,18189.16,715,2.9666196789736308,0.8577949838664449,0.28020719867082583,1.5269254107778911,0.8163043180825759,0.2284071747632708
MORALES SECCION ALAMEDA (POLANCO) | MIGUEL HIDALGO,57215.09,456,4.0,-0.0,-0.23116666521726204,2.2442540047429604,-1.5414104083261404,0.8900526917701909
MORALES SECCION PALMAS (POLANCO) | MIGUEL HIDALGO,200319.51,758,4.0,-0.0,0.8923363624404649,1.925634806195707,-2.4486985368421106,-0.0003816594489898413
MORELOS I | CUAUHTEMOC,252688.59999999998,3548,1.1823785877162645,0.5039950964787787,1.7363737171753466,-1.9101888811133705,-0.9708375451441751,-0.8728304123597341
MORELOS I | VENUSTIANO CARRANZA,358026.57,5195,1.099926829452909,0.3249221715165421,2.8383180913015695,-2.99579247277936,-2.0377496550257956,-0.7783261254381576
MORELOS II | CUAUHTEMOC,261139.11000000002,3763,1.0368768201745038,0.15788820776075857,1.3455061010955662,-2.282656745821598,-1.7218288794771668,-0.7077774572766148
MORELOS III | CUAUHTEMOC,287613.67000000004,3400,1.423970216714664,0.7704949890914563,2.3947537526728873,-1.5630627464697535,-0.6909655069570168,-1.2202727009970087
MOSCO CHINAMPA | IZTACALCO,6378.97,307,1.7469230925995891,0.5656902951659797,-0.9146111587166408,0.5337527791166506,0.639679042498065,-0.384774941801871
MOVIMIENTO ORGANIZADO DE TLALPAN-EL MIRADOR (RNCDA) | TLALPAN,0.0,200,0.0,-0.0,-2.56495921239928,-1.1921624768866508,-0.006352776001887563,-1.0218618487923283
NAPOLES (AMPL) | BENITO JUAREZ,175262.97,1911,3.9510692988941134,0.08330880356615508,1.2550150634658734,1.3634341567366255,-2.135659171238768,0.6645851023065058
NARCISO BASSOLS (U HAB) | GUSTAVO A. MADERO,84141.43999999999,1292,1.0359650369663271,0.15490162807266933,-0.8648689171997439,-0.8413464988630719,-0.541781147826897,-0.6221455366444366
NARCISO MENDOZA VILLA COAPA SUPERMANZANA 8 (U HAB) | TLALPAN,37898.97,586,3.004402758175222,0.6354920655185309,0.08570593617925679,1.5237094112831977,0.21413032918493025,0.173700308957118
NARCISO MENDOZA-VILLA COAPA SUPER MANZANA 1 (U HAB) | TLALPAN,84730.65,1261,2.0,-0.0,-0.6404204532487976,-0.006339295559229945,-1.154536373069527,-0.020186554736378832
NARCISO MENDOZA-VILLA COAPA SUPER MANZANA 2 (U HAB) | TLALPAN,81882.23,1249,2.0,-0.0,-0.6651140388851516,0.002998164282444583,-1.1362946986813434,-0.005366544144692915
NARCISO MENDOZA-VILLA COAPA SUPER MANZANA 3 (U HAB) | TLALPAN,83611.51,1347,1.0,-0.0,-1.0728065847696686,-0.9559088175244963,-0.8580876306764046,-0.5209678708924133
NARCISO MENDOZA-VILLA COAPA SUPER MANZANA 6 (U HAB) | TLALPAN,100072.87,1049,2.7251186060717556,0.6548765261642104,0.6012242979183458,0.9726578241016457,-0.06750189801203553,-0.21738882969789983
NARCISO MENDOZA-VILLA COAPA SUPER MANZANA 7 (U HAB) | TLALPAN,83282.3,1095,2.0,-0.0,-0.7152083061261792,0.07838670806692764,-1.14038643719175,-0.0901759457945764
NARVARTE I | BENITO JUAREZ,394189.42,5147,2.7893138532231534,0.9390773864550086,4.6767952265305155,-1.2622438601007067,-1.4543376168272413,-0.49217250853453853
NARVARTE II | BENITO JUAREZ,251677.89,3614,3.0527517931749983,0.7027901805875485,2.8799789384597965,-0.17335965613849683,-1.0912113886362396,0.08018293692096576
NARVARTE III | BENITO JUAREZ,223814.19,3363,3.469793045740308,0.5931988379127031,2.62945180375361,0.3245018797032785,-1.2628722747030678,0.4539997124830632
NARVARTE IV | BENITO JUAREZ,339565.75,4484,2.8719639127326593,0.9457741608889256,4.081670898197774,-0.7892497200648202,-1.1012614339911821,-0.37625340022018033
NARVARTE V | BENITO JUAREZ,276993.32,3800,3.683081274306543,0.4724915107182294,3.108064132684248,0.19441512528396523,-1.9281733085628536,0.4685031960070412
NARVARTE VI | BENITO JUAREZ,209196.11,3123,3.467627098802172,0.6210800121234299,2.4699385044644857,0.4695991395396985,-1.1040642566139538,0.4260756546575586
NATIVITAS (U HAB) | XOCHIMILCO,48781.770000000004,739,1.9900032327650266,0.05598667888422913,-1.0252725406293177,0.307659671929215,-0.7913828028546778,-0.05101127710331688
NATIVITAS LA JOYA (AMPL) | XOCHIMILCO,517.85,4354,1.0,-0.0,-0.48660871418629054,-2.362657591022237,-0.4282844790237039,1.5389950735490194
NATIVITAS | BENITO JUAREZ,250572.22,3444,2.1601518715841683,0.5897550543683424,2.2446225602458636,-0.9375442195763345,-1.0580926339024563,-0.41966115828061673
NATIVITAS | XOCHIMILCO,112.38,574,1.0,-0.0,-1.9606200175536719,-0.4714975119728391,-0.3105064947534497,-0.2907599870936544
NAVIDAD (GRANJAS DE NAVIDAD) | CUAJIMALPA DE MORELOS,85116.60999999999,2754,3.1300266775192296,1.0720079714566637,1.9083176410365101,0.6531291922286393,0.7406305645152936,0.6969289554653273
NEXTENGO (BARR) | AZCAPOTZALCO,58635.170000000006,725,2.0311096565423106,0.1385785350380642,-0.8311148663881167,0.369780533548093,-0.6896673522007527,-0.15479833805973472
NEXTITLA | MIGUEL HIDALGO,48550.61,686,2.726862546114251,1.0397425310712918,0.6182065700906323,1.3528410164560711,1.082477247814774,-0.24391302880825255
NICOLAS BRAVO | VENUSTIANO CARRANZA,55288.89,1445,1.744114956910873,0.5687086452416367,-0.12509999202660527,-0.09420063269615124,0.30526300615183066,-0.19071113248598556
NIO JESUS (BARR) | TLALPAN,107256.51999999999,535,2.0081956789200324,1.2695952352163298,0.9533192898055801,0.7888204860265965,1.4159317700872482,-1.2724131508191494
NIOS HEROES DE CHAPULTEPEC | BENITO JUAREZ,207954.06,5002,1.88597101686786,0.35485686391971494,2.1086724107028525,-1.9992795432525592,-1.256141985506829,0.6307436970862331
NOCHE BUENA | BENITO JUAREZ,116040.31,1346,4.0,-0.0,0.5287351594247868,1.7302127688573725,-1.9377120200020832,0.8953445842970387
NONOALCO | BENITO JUAREZ,263023.53,4309,3.163649769281098,0.8502617056779005,3.4801301493923824,-0.3812079365954539,-0.9032839171174536,0.3098668877950204
NORMA ISSSTE (U HAB) | IZTAPALAPA,9997.65,647,1.0,-0.0,-1.8627192824531298,-0.5195856498113058,-0.37476897603601733,-0.32698993640194757
NUEVA ARGENTINA (ARGENTINA PONIENTE) | MIGUEL HIDALGO,75131.22,1753,2.5182072113297242,1.1227787782101681,1.2368822880514334,0.6280876485539992,1.1201477847194314,-0.08255979816959284
NUEVA ATZACOALCO I | GUSTAVO A. MADERO,59213.44,,1.9261508873661113,0.8165229287727765,,,,
NUEVA ATZACOALCO II | GUSTAVO A. MADERO,122506.9,2875,2.125041365016991,0.7524318921524479,1.3264873302079274,-0.4770785845168321,0.11815371453545552,0.11800962213912537
NUEVA ATZACOALCO III | GUSTAVO A. MADERO,109589.51000000001,2998,2.4187557732487353,0.86386777168246,1.5685322922870173,-0.2172404272623053,0.34598404704210606,0.3678656305572927
NUEVA DIAZ ORDAZ | COYOACAN,720.78,612,1.0,-0.0,-1.9415537638400544,-0.4912167916366618,-0.31548306665324377,-0.2767442219492721
NUEVA EL ROSARIO | AZCAPOTZALCO,42336.67,66,1.106991645776581,0.34017905096852274,-1.3532045759417726,-0.048880434315498544,0.13007383494443334,-0.9827734391051449
NUEVA ESPAA | AZCAPOTZALCO,19555.73,529,1.460825036958477,0.8478222758787743,-0.48568060929232704,0.24775936210695731,1.2320147424639771,-0.6949192939182837
NUEVA INDUSTRIAL VALLEJO (FRACC) | GUSTAVO A. MADERO,151108.51,1417,1.9271981439033445,1.030758449918125,1.2452807350769564,0.13794296823440652,0.6310586613157464,-1.067610332714186
NUEVA ORIENTAL COAPA-EX HACIENDA COAPA | TLALPAN,82549.74,1239,3.203149882725251,0.5788502089640025,0.6682745903752755,1.3051244403285274,-0.26414055398049835,0.3092958948978271
NUEVA SANTA MARIA | AZCAPOTZALCO,252063.19999999995,3300,2.1370575316031855,0.7955754224057617,2.4663789483794307,-0.8151225105783365,-0.6198862116815487,-0.6332102772664017
NUEVA STA ANITA | IZTACALCO,59619.45,792,2.664128568780826,1.117249992258129,0.8131890636010582,1.2574379440271168,1.1924518986503956,-0.35252920712869257
NUEVA TENOCHTITLAN | GUSTAVO A. MADERO,115218.69,2208,2.032566764992728,0.6790953685522605,0.8742897496195724,-0.2449274430091037,0.0557274411100677,-0.1606532845352109
NUEVA VALLEJO | GUSTAVO A. MADERO,130760.54,1187,2.747757236242677,1.3012008587507657,1.7536841142440955,1.1178288337189415,1.0995820777383238,-0.7378626656442011
NUEVO RENACIMIENTO DE AXALCO | TLALPAN,187.76,218,2.0,-0.0,-1.6406540235852896,0.6143431242798556,-0.5921739482499242,0.0866772056216394
NUEVO SAN RAFAEL (BARR) | AZCAPOTZALCO,8972.039999999999,645,1.8529353413493477,0.41758346909515054,-0.9162544937242943,0.4052920062101807,0.2680901546815733,-0.09481319476399634
OBRERA I | CUAUHTEMOC,300725.93,3704,2.365346912386305,1.1782788078483784,3.5869698559652794,-0.7309830524478013,-0.19276851366218994,-0.887752037907111
OBRERA II | CUAUHTEMOC,236860.45999999996,3137,1.7852640326713882,0.7489980886184405,2.0720648020739807,-1.0517168760351263,-0.515533181424757,-0.7685765128225696
OBRERA III | CUAUHTEMOC,212624.38,3022,1.9895466832166657,0.7309902596267726,1.9261828782443315,-0.7867529035252142,-0.4577734206736414,-0.525738669044701
OBRERA IV | CUAUHTEMOC,207542.11000000002,2445,1.9511001405931547,0.6191018323836806,1.4972117093856565,-0.5668446610496709,-0.6343127591368701,-0.7244848523071777
OBRERO POPULAR | AZCAPOTZALCO,157980.01,1707,1.8004789340119676,0.6792021933995053,0.8737475635361928,-0.25507320818448725,-0.12935006859573983,-0.841229544528098
OBSERVATORIO | MIGUEL HIDALGO,75459.84,1325,2.380375044526996,0.9290877189977774,0.7479709733707036,0.6478479514397102,0.7606770488462495,-0.25521093175906917
OCHO DE AGOSTO | ALVARO OBREGON,23810.14,619,2.16472897681408,0.667955664116419,-0.341219412159298,0.7729216418822531,0.615602954081933,-0.1894939543656164
OCHO DE AGOSTO | BENITO JUAREZ,86041.02,1367,1.9832334623648116,0.0851729996262979,-0.4826334755389915,-0.045860917785354643,-0.980490779660642,-0.03726642454163751
OCOTILLOS | ALVARO OBREGON,5964.1,164,1.0,-0.0,-2.0790551823419015,-0.2732751013225319,-0.3347313269491523,-0.531942476323156
OJO DE AGUA | TLAHUAC,4628.96,862,1.716016124572258,1.0583201674362677,-0.05992035368225882,0.4051254254251033,1.687358775561751,-0.40775795161448364
OLIMPICA | COYOACAN,14972.99,425,4.0,-0.0,-0.5401765115520419,2.3092219274887102,-1.2753662585172612,1.1810856722838525
OLIVAR DE LOS PADRES | ALVARO OBREGON,387025.56,4952,2.1984779506552488,1.20295892130675,4.636236326139185,-1.5989875872930306,-0.6713389675650118,-1.0142428127413725
OLIVAR DEL CONDE 1RA SECCION I | ALVARO OBREGON,49881.979999999996,1999,1.428133165523903,0.6827816320931046,0.06180997824180991,-0.6113195599138058,0.6564725088514797,-0.12353671327237298
OLIVAR DEL CONDE 1RA SECCION II | ALVARO OBREGON,43738.84,2100,1.3434105705592558,0.6432718133198467,-0.034212851455426845,-0.7455953384179471,0.6329110246301486,-0.053628618517017335
OLIVAR DEL CONDE 2DA SECCION I | ALVARO OBREGON,75266.57,2287,1.9131953269559114,0.29508199332055435,0.05102715169366726,-0.4824365266666893,-0.4753666861829262,0.3256874565548642
OLIVAR DEL CONDE 2DA SECCION II | ALVARO OBREGON,57632.51,2197,1.8010957704254074,0.8123281074388065,0.539079327081849,-0.33481602410748,0.7675687749571932,0.045988940552333775
OLIVAR SANTA MARIA | XOCHIMILCO,2234.2300000000005,,1.0081012250305472,0.026356765005120186,,,,
OXTOPULCO UNIVERSIDAD | COYOACAN,69240.93,866,2.6924521377745796,1.0355795730244926,0.8123259808746884,1.2058629065584976,0.9483656959756999,-0.32306703397019076
PALMAS | ALVARO OBREGON,12488.55,889,1.388662414771931,0.6681460068152018,-0.6708962940906635,-0.0533661446375624,0.9054745649830187,-0.4039600064974991
PALMATITLA | GUSTAVO A. MADERO,4542.530000000001,3192,1.239624174193676,0.550646334057453,-0.0573400050352651,-1.3730221948945034,0.6795101253412021,0.756767507059197
PALMITAS (POLANCO) | MIGUEL HIDALGO,140916.22,805,4.0,-0.0,0.4930476262818947,1.9716830425961553,-2.0773335892543194,0.45280932818988795
PALMITAS | IZTAPALAPA,1467.4199999999998,2677,1.1650856605470827,0.4480076563117237,-0.45211234021522173,-1.215956503254444,0.5186384192483062,0.5482643252703013
PALO ALTO (GRANJAS) | CUAJIMALPA DE MORELOS,126604.08000000002,619,1.9580769434918683,0.6263853311393486,0.2306077543578802,0.450179805699008,-0.05729697787478859,-1.023781920555532
PANAMERICANA (AMPL) | GUSTAVO A. MADERO,19357.02,387,2.3584663341774714,0.6525306708355749,-0.3949134342449978,1.0645862115095968,0.5613338274832993,-0.15403341156448705
PANAMERICANA | GUSTAVO A. MADERO,72699.26,1630,2.3362420745410617,1.373035390513463,1.4264712764259802,0.6161497570771953,1.7229552074327223,-0.37092987620899387
PANTACO (U HAB) | AZCAPOTZALCO,17593.69,336,2.0,-0.0,-1.4723722882138286,0.5349407043050285,-0.705005726742425,0.017774466533934868
PANTITLAN I | IZTACALCO,248019.11,4065,1.6215927877492988,0.6632789931561962,2.320982646766671,-1.7079900006906206,-0.7478138597114268,-0.43954396310398747
PANTITLAN II | IZTACALCO,195563.04,3249,1.6581404134441764,0.7358834426986669,1.7494221079059207,-1.1794503885908538,-0.25045961322350047,-0.4773887357394233
PANTITLAN III | IZTACALCO,186178.72,3327,1.9284970376850803,0.25750940769545727,1.1917361969780944,-1.1319488175477754,-1.2872625299541909,0.05668205879449164
PARAISO | IZTAPALAPA,5577.3099999999995,1969,1.1960963260066233,0.4949429265921119,-0.6211981741839857,-0.8218155011496244,0.6048959999023623,0.1648804869629058
PARAJE 38 | TLALPAN,27.740000000000002,875,1.0,-0.0,-1.8440669956080264,-0.6219529754703426,-0.31915130955599136,-0.14421007754450058
PARAJE SAN JUAN | IZTAPALAPA,3387.4300000000003,2838,1.7641250151294638,0.5462782789563493,0.031083094537390346,-0.7199814064103126,0.5351097851103158,0.884837756322953
PARAJE ZACATEPEC | IZTAPALAPA,2841.85,2703,1.511663177155726,0.6928750964797359,0.057015016045546846,-0.8289476142775127,0.9272290584596965,0.598712254090117
PARAJES BUENAVISTA (TETECON) | IZTAPALAPA,71.69999999999999,2239,1.4846582984658299,0.6926763710561823,-0.15568124996640986,-0.6182072109186899,0.9662240726485123,0.37906531876364125
PARQUE METROPOLITANO | GUSTAVO A. MADERO,153.3,877,2.0,-0.0,-1.3844160759444293,0.28476399931237545,-0.6120473149968612,0.40643603813217344
PARQUE SAN ANDRES | COYOACAN,183712.1,2084,3.2092017346707156,0.9929312422394604,2.270135225125071,0.9165947466969036,-0.048501025937317276,-0.25250284420863905
PARQUES DEL PEDREGAL | TLALPAN,82294.92,659,3.7663497333735787,0.2735692717784066,0.28650216971941506,1.9984004189628848,-1.0566695909279977,0.5183315688284419
PARRES EL GUARDA (PBLO) | TLALPAN,12.73,804,1.0,-0.0,-1.871805428321188,-0.5864225277772136,-0.31689267480360384,-0.1785249196404272
PASEO DE LAS LOMAS-SAN GABRIEL | ALVARO OBREGON,78898.6,1248,3.999686306220896,0.001062967397969192,0.23079438380546097,1.8228134453148714,-1.6992883681716628,1.1161451425762723
PASEOS DE CHURUBUSCO | IZTAPALAPA,143563.80000000002,3579,1.6574685261883566,0.6427003280290683,1.3862006776306597,-1.3173319201487343,-0.1315801878678838,0.11342188410062169
PASEOS DE TAXQUEA I | COYOACAN,39678.92,2820,2.2185049391465292,0.3449495847073056,0.21546138536024126,-0.4124698935903697,-0.2517012187279417,0.980928334910438
PASEOS DE TAXQUEA II | COYOACAN,56541.69,2134,2.1750289034515946,0.963378066591438,0.8820957003633123,0.09110658601924947,0.987420687738089,0.14100583706929753
PASEOS DEL SUR | XOCHIMILCO,33245.23,528,2.717289969117374,1.3312483097188634,0.8383270574658688,1.5446441479586404,1.804260954214271,-0.38515431181374643
PASTEROS | AZCAPOTZALCO,105775.27,2284,1.630540862717722,0.6782290675219861,0.652191778929201,-0.6371763918132243,0.2282482785849069,-0.2762275902563828
PATRIMONIO FAMILIAR | AZCAPOTZALCO,5866.17,270,2.0,-0.0,-1.5804989187161786,0.5816847084032476,-0.6293952162533336,0.07074622083544309
PAULINO NAVARRO | CUAUHTEMOC,93609.04,1484,2.0575940101511567,1.0801766746029697,0.9936029822991189,0.3076935969623359,1.0565725385077713,-0.575586250416974
PEA ALTA | TLAHUAC,453.91999999999996,1746,1.0,-0.0,-1.5020813767286028,-1.0581099100794142,-0.34837834283108315,0.27499716061150925
PEDREGAL DE LAS AGUILAS | TLALPAN,12451.45,589,2.012732653626686,0.9392684222865663,-0.1360312590096269,0.7596062331390356,1.3074927312930424,-0.36389369830088
PEDREGAL DE SAN ANGEL (AMPL) | COYOACAN,34428.53,468,3.5191813301352104,0.4401221162716795,-0.012638151847443126,1.9847476072088877,-0.3251019934088072,0.5391743259907257
PEDREGAL DE SAN FRANCISCO (FRACC) | COYOACAN,19569.920000000002,408,1.2787512672509647,0.30923544993229674,-1.3432560887136449,-0.048341109358453295,0.14674963409046665,-0.5393612552853778
PEDREGAL DE SANTA URSULA I | COYOACAN,17633.690000000002,2884,2.9333934077325843,0.984433284729946,1.2762371466579152,0.4574999117539058,1.0319003161069047,1.191788563297558
PEDREGAL DE SANTA URSULA II | COYOACAN,1294.03,2946,1.8829161611400045,0.3610741934841306,-0.1372550492391237,-0.7294885213422516,0.11754897150681912,1.1259453972796125
PEDREGAL DE SANTA URSULA III | COYOACAN,7711.35,2574,1.4122767090068535,0.6776764820548941,-0.024999685043667084,-0.865754064303108,0.8973999000564543,0.45504253356544117
PEDREGAL DE SANTA URSULA IV | COYOACAN,3348.28,3216,1.9509748288673587,0.19563485396799385,-0.20993594327403697,-0.8639193080325314,-0.2742537100907414,1.3760687855342415
PEDREGAL DE SN NICOLAS 1A SECC | TLALPAN,726.4200000000001,3127,3.3042041794003465,1.0313238728658431,1.4850993467993627,0.7090545381853045,1.12173185045644,1.6088810890616172
PEDREGAL DE SN NICOLAS 2A SECC | TLALPAN,796.1600000000001,2295,2.915519493569132,0.2804153737691496,-0.03010433747740583,0.5055260011573972,-0.33208141724033435,1.429569962664599
PEDREGAL DE SN NICOLAS 3A SECC | TLALPAN,502.97,2978,2.5886036940572996,0.7367515942796047,0.7000720322280786,0.02954214355275385,0.7120438007491641,1.316310829363143
PEDREGAL DE SN NICOLAS 4A SECC I | TLALPAN,48.88,2972,1.8351063829787235,0.4476962459218433,-0.04082901351372524,-0.7536716633820751,0.3222097762151878,1.0706559368959767
PEDREGAL DE SN NICOLAS 4A SECC II | TLALPAN,1250.9,2975,1.9667599328483492,0.2806522803882258,-0.19645681590660566,-0.6963905874550533,-0.07808026287256946,1.2334536796887678
PEDREGAL DE STA URSULA XITLA | TLALPAN,428.5,1447,1.3746557759626605,0.6613871468893606,-0.5540427932559432,-0.33346279628773756,0.9539081531682463,-0.04980334494904998
PEDREGAL DE STO DOMINGO I | COYOACAN,2508.25,2516,1.6159872421010664,0.6659944383470676,-0.006624344210392946,-0.6498590739382097,0.8475570842171292,0.583604010474216
PEDREGAL DE STO DOMINGO II | COYOACAN,6894.08,3270,1.1553042610471593,0.4318005823372125,-0.20953429195770415,-1.5335552016354406,0.43499523262734385,0.8005360911320571
PEDREGAL DE STO DOMINGO III | COYOACAN,8030.29,2549,1.4753352618647646,0.6919299880126135,0.015637553900385598,-0.7913114897035133,0.907968032225475,0.46700477285399966
PEDREGAL DE STO DOMINGO IV | COYOACAN,261.94,2841,1.2214629304420859,0.5287533172722345,-0.2619160179445787,-1.2167107175998686,0.6759553015624621,0.6203914595490866
PEDREGAL DE STO DOMINGO IX | COYOACAN,6950.110000000001,2175,1.8846406747519102,0.3575756436979262,-0.4014991496624708,-0.35014865264161427,0.09763492113745847,0.7141462898552146
PEDREGAL DE STO DOMINGO V | COYOACAN,1263.46,2991,1.0458581989140932,0.18613445880763388,-0.7395220936253901,-1.5740350446194813,-0.010119188525136847,0.7892895972305372
PEDREGAL DE STO DOMINGO VI | COYOACAN,1763.11,3630,1.0278088151051268,0.12704087601437347,-0.5753674924857591,-1.9316125397765487,-0.15276765985694749,1.1200589664834462
PEDREGAL DE STO DOMINGO VII | COYOACAN,7458.999999999999,3442,1.13063949591098,0.3876005562229935,-0.2095960639101389,-1.658340094159631,0.33968648498386866,0.8920713039968321
PEDREGAL DE STO DOMINGO VIII | COYOACAN,536.65,2032,1.766943072766235,0.5429437594448705,-0.305860326238042,-0.3121232493313387,0.5696777350444072,0.5182115794588872
PEDREGAL DEL MAUREL | COYOACAN,122178.37,840,1.0,-0.0,-0.9990196468204608,-0.7474757743174041,-1.0846661045231698,-1.0462156744722049
PEMEX PRADOS DEL ROSARIO (U HAB) | AZCAPOTZALCO,13077.970000000001,1008,1.0,-0.0,-1.7005661178066753,-0.7037579198146544,-0.40510525897941285,-0.17428122157117412
PENITENCIARIA (AMPL) | VENUSTIANO CARRANZA,142930.9,2126,1.5394810359411437,0.6900264284440555,0.8261119596715256,-0.6801336943941074,0.05149630373488151,-0.6790682480743705
PENSADOR MEXICANO I | VENUSTIANO CARRANZA,97822.5,1447,1.9832388254235989,0.43671361384917373,0.105970305156467,0.0252024090478776,-0.3114489379967273,-0.28916362080084623
PENSADOR MEXICANO II | VENUSTIANO CARRANZA,94374.68,2016,1.9932091955172724,0.34858847771533535,0.18876672661551144,-0.27761415751262913,-0.496932921394945,0.06865200512122385
PENSIL NORTE | MIGUEL HIDALGO,100584.31,3100,1.870410603800931,1.020496105828229,1.5052688676655437,-0.6999027367125428,0.8916515260953204,0.08917240754804456
PENSIL SAN JUANICO | MIGUEL HIDALGO,143670.84999999998,1945,1.842348813277015,1.000372729555399,1.3186058869176773,-0.20526859351531204,0.6219881830934291,-0.7866953548167663
PENSIL SUR | MIGUEL HIDALGO,23647.38,823,2.822785864649699,0.4915423505367553,-0.19977565177875517,1.2058391419975014,0.044148739823909565,0.37594772778165786
PEON DE LOS BAOS | VENUSTIANO CARRANZA,275628.27,612,1.446833809899108,0.8781293298951505,1.3812208304823652,-0.09553424049523725,-0.30920191696978383,-2.535443167463821
PERALVILLO I | CUAUHTEMOC,225211.56999999998,3510,1.8754492497876551,0.6008432291081338,1.9766146716249562,-1.1953935964519429,-0.7942902665400332,-0.3671420754803823
PERALVILLO II | CUAUHTEMOC,234031.12000000002,3276,1.7845366889668346,0.5390471954138406,1.8224672234769488,-1.193164591628788,-0.94698948237424,-0.5584579348273809
PERIODISTA FRANCISCO ZARCO | BENITO JUAREZ,11771.21,319,3.4925109653128272,0.5672433434089321,-0.07047704251038102,2.106745360020713,0.09897243240930002,0.5421633865618727
PERIODISTA | MIGUEL HIDALGO,70651.84,281,3.6697517007341918,0.3575354091782251,0.12666927405089046,2.143229204670278,-0.7658216902463532,0.3171937819579791
PETROLERA TAXQUEA | COYOACAN,26186.1,387,2.858007874406651,0.8061102949409398,0.08923887188076281,1.564657736240327,0.6982426254913534,-0.01817412418213149
PETROLERA | AZCAPOTZALCO,57718.240000000005,964,2.440044602884634,0.9159526913907492,0.49234824914960157,0.8986937386261958,0.8377449508562568,-0.2611670415952648
PICOS IZTACALCO 1-A | IZTACALCO,2503.01,488,3.983376015277606,0.03431603417644785,-0.5645964948033954,2.289408734228878,-1.1214089154921185,1.2727851778637043
PICOS IZTACALCO 1B | IZTACALCO,1756.27,428,1.0,-0.0,-2.005886761152306,-0.400395913337433,-0.31637225671136127,-0.3734572591602458
PICOS IZTACALCO 2A | IZTACALCO,2799.29,497,1.2791600727327286,0.5921582876211875,-1.0443215206950842,0.027645995951062,0.8490844132106442,-0.539722145084217
PIEDAD NARVARTE | BENITO JUAREZ,182560.18000000002,2064,2.274177315118773,1.0562660803172501,1.9115361098005115,0.10156854574586342,0.36670638483265455,-0.8056571058800431
PILOTO (ADOLFO LOPEZ MATEOS) (AMPL) | ALVARO OBREGON,30074.1,2510,1.7524231814085873,0.9366646253300471,0.6127596540784961,-0.45912739666902525,1.2088378223349432,0.2979967481346135
PILOTO (ADOLFO LOPEZ MATEOS) | ALVARO OBREGON,39819.89,1464,1.8987674250230222,0.5351067720307651,-0.20098568807950976,0.04287693799917784,0.2853463113817873,0.03535611258887008
PILOTO CULHUACAN (U HAB) | COYOACAN,44895.45,919,1.9148481639007962,0.29117505831639684,-0.6994077586591638,0.23748656930250603,-0.2518299895494683,-0.11432844352822494
PLAN DE AYALA | TLALPAN,89.43,385,1.0,-0.0,-2.0343393974276274,-0.3769363740414074,-0.3046007986056182,-0.382228347680258
PLANETARIO LINDAVISTA | GUSTAVO A. MADERO,16463.510000000002,260,4.0,-0.0,-0.5939161084996937,2.3900065554397463,-1.2796902996675565,1.0902876865001763
PLAZA ORIENTE (RDCIAL) | GUSTAVO A. MADERO,14755.31,289,2.0,-0.0,-1.510617157980325,0.5617727534772203,-0.6857600847966915,0.015552354358752723
PLAZUELA DEL PEDREGAL | LA MAGDALENA CONTRERAS,115.8,155,1.0,-0.0,-2.123669115233014,-0.26192555290233094,-0.2977547346223849,-0.4939324685956758
PLENITUD | AZCAPOTZALCO,54370.96,1179,1.5786590856589622,0.6807211221597786,-0.15961779871803247,-0.07050193268763749,0.6049688624849315,-0.4695487085476064
PLUTARCO ELIAS CALLES | MIGUEL HIDALGO,41350.95,422,1.4838616766966661,0.8693142254363683,-0.3345442956126445,0.3043063507738498,1.1373407068805013,-0.9045824733284761
POLVORA | ALVARO OBREGON,21721.54,473,2.8340771418601074,0.7061867161454536,-0.05455016216900919,1.4696508201886176,0.5187465460786356,0.10105648403348728
POLVORILLA (AMPL) | IZTAPALAPA,118.62,1413,2.0,-0.0,-1.1760507871842805,0.01670743153464351,-0.6281696437233506,0.6665612203600396
POPO (AMPL) | MIGUEL HIDALGO,8317.27,157,2.4001721718785127,0.6730814149449685,-0.5151852095011129,1.2377175456180833,0.6690241057825115,-0.1745989845194041
POPO | MIGUEL HIDALGO,24773.0,615,2.112331570661607,0.936353272688485,0.0023826105053744227,0.8215607546217262,1.1941047037738615,-0.38402259699661195
POPOTLA I | MIGUEL HIDALGO,115973.67000000001,1722,3.0079582719077527,0.8522037001150475,1.3708962727331366,0.9442883786068832,0.14801003086881398,0.03417388032683348
POPOTLA II | MIGUEL HIDALGO,232847.84,3604,2.7698003125130986,1.168419604835559,3.2428186794604024,-0.23779800488098327,0.09723787420303456,-0.21598376508309594
POPULAR RASTRO | VENUSTIANO CARRANZA,102092.03,2035,1.7227283069990869,0.7475388752987923,0.6651926171837439,-0.4000057260335976,0.3789979238835798,-0.3599906832863113
POPULAR STA TERESA | TLALPAN,968.4100000000001,2209,1.9164403506779155,0.2873783301201123,-0.510531183547487,-0.35621518321239565,-0.02399806983990281,0.8324797117284518
PORTAL DEL SOL | CUAJIMALPA DE MORELOS,246499.41,944,3.4878458329778557,0.4570229566350409,1.6718591336416408,1.475897200606232,-1.6255193391385676,-0.7937151804897529
PORTALES I | BENITO JUAREZ,288889.86,3871,2.2716626675647253,0.8058838181063617,3.0230523997160046,-1.01798248786209,-0.8858592893270248,-0.5551018160123039
PORTALES III | BENITO JUAREZ,283482.65,4472,2.391115047076073,0.5387869757881365,2.91302522037099,-1.2986869815490307,-1.4714941657283391,-0.002762947878751707
PORTALES IV | BENITO JUAREZ,121131.11,2468,2.9483385399506368,0.917055265366892,1.7577479214803537,0.5340229815672544,0.24782697122801947,0.28779227845055255
PORTALES ORIENTE | BENITO JUAREZ,154906.97,2545,2.2360787251858323,0.558417715618837,1.2147099244626034,-0.318064288461001,-0.5189423934160807,-0.10228647748239314
PORVENIR | AZCAPOTZALCO,55359.04,887,1.7281934441059674,0.710724179071941,-0.15732218788328176,0.22080812118277474,0.6276180760874196,-0.5534733004209903
POSTAL | BENITO JUAREZ,90042.76000000001,1383,2.256487917518299,0.8537700243576147,0.7146240830295035,0.462536183103118,0.5438652856340587,-0.35696960790929183
POTRERILLO (AMPL) | LA MAGDALENA CONTRERAS,0.0,656,0.0,-0.0,-2.387485820197347,-1.4202451485240222,-0.020253944767967946,-0.8007750895046183
POTRERILLO | LA MAGDALENA CONTRERAS,645.68,810,2.0,-0.0,-1.4070309793379963,0.31769960652129153,-0.6130948521554991,0.37038428496278925
POTRERO DE SAN BERNARDINO | XOCHIMILCO,61779.26,735,2.981180253696791,1.0620797527332329,0.8769036342855892,1.551662609210845,0.9710562370891967,-0.18902615562359434
POTRERO DEL LLANO | AZCAPOTZALCO,11328.529999999999,313,1.9540867173410852,0.18630161754162713,-1.2948505544230282,0.5782727112481806,-0.25653677123248014,-0.08207579671364788
PRADO CHURUBUSCO | COYOACAN,213758.09,3504,2.796954772565567,1.0050192780422278,2.861520879502949,-0.19881489693483922,-0.13432221635332098,-0.015765387665443997
PRADO COAPA 2A SECCION | TLALPAN,27248.82,650,2.7573784846463076,1.0944142025878738,0.5422457367821365,1.442914186819683,1.3242742232699742,-0.12215676568107998
PRADO COAPA 3A SECCION-POTRERO ACOXPA | TLALPAN,36800.51,795,3.266069410451105,0.6260717689419601,0.26644767217799137,1.6546694461067217,0.11825846407393739,0.43256275361335456
PRADOS DE COYOACAN | COYOACAN,29802.59,856,3.335941943300901,0.5597440460027948,0.1834419846126339,1.6722274161870196,-0.000733968577813681,0.5900520770030447
PRADOS DE CUAUTEPEC | GUSTAVO A. MADERO,296.17,139,2.0,-0.0,-1.6706384322182353,0.6537305068721165,-0.5904459813107304,0.047589415075811256
PRADOS DEL ROSARIO | AZCAPOTZALCO,28277.6,651,2.1165777859507173,0.4401314317635922,-0.6270194795315194,0.6270462451740196,0.11756668365694967,-0.09979337622028861
PRADOS LA PROVIDENCIA | ALVARO OBREGON,3732.55,531,2.6227940683982798,0.48419089809437243,-0.5549341220802075,1.1910341600151946,0.22084876897927544,0.2728475846536592
PRESIDENTE MADERO (U HAB) | AZCAPOTZALCO,102133.31,1390,1.0,-0.0,-0.9258704401546328,-0.9991042395196114,-0.9756359077872288,-0.6343185435202876
PRESIDENTES 1RA (AMPL) | ALVARO OBREGON,11513.279999999999,789,2.0790261332999806,0.5103057001954846,-0.6136064523663728,0.5684852603911471,0.3783346289119793,0.02691721594622385
PRESIDENTES 2DA (AMPL) | ALVARO OBREGON,4162.12,1412,2.0,-0.0,-1.1480158240422373,0.01247298031479526,-0.6535149868073702,0.636779406007943
PRESIDENTES DE MEXICO | IZTAPALAPA,4911.08,4419,1.6222969285778281,0.6629284637790472,0.7496567526143308,-1.599878318134826,0.7661207035391976,1.494108552992038
PRESIDENTES EJIDALES PRIMERA SECCION | COYOACAN,26540.31,1038,3.847864248759717,0.4263959455915428,0.28575312810151665,2.0024047102755596,-0.41807062810388806,1.0616718236202067
PRESIDENTES EJIDALES SEGUNDA SECCION | COYOACAN,84989.48,1177,2.0239832035682532,1.1586971622191884,0.9041519708977808,0.4687187453858816,1.2963388866381194,-0.7263466525842399
PRESIDENTES | ALVARO OBREGON,40736.65,1522,1.947982222396785,0.20441414462452195,-0.5959258773146288,-0.0599895949526127,-0.43776070100151276,0.27707989302263974
PRIMERO DE MAYO | VENUSTIANO CARRANZA,11494.28,716,1.8707017751438106,0.38505048011373566,-0.9066801249183017,0.37139948768068715,0.17592412167151394,-0.0498807861143946
PRIVADA CENTENARIO | ALVARO OBREGON,3180.79,348,2.0,-0.0,-1.5690187563168176,0.5458149439720709,-0.6149203851407291,0.12802047794035729
PRIVADA GAVILAN (U HAB) | IZTAPALAPA,442.40999999999997,638,1.0,-0.0,-1.9333914947115514,-0.5038955551653906,-0.3145287081239805,-0.26212148218337245
PRO HOGAR I | AZCAPOTZALCO,132829.38999999998,1678,1.9368516259842796,0.23554391228977709,0.14909658330214923,-0.24489920053309736,-0.9512042375659518,-0.3388488496857735
PRO HOGAR II | AZCAPOTZALCO,127208.48,2206,1.9906701188474227,0.10278450943380003,0.16047728417663562,-0.5007098751529498,-1.2292504730436473,0.0650451902465037
PROF JOSE ARTURO LOPEZ | ALVARO OBREGON,1876.85,643,1.0,-0.0,-1.9213619851928134,-0.5080760823446454,-0.32368326079878573,-0.27009044781178687
PROGRESISTA | IZTAPALAPA,79220.51999999999,2783,1.8653427167607586,0.3951450762588153,0.38505120967574175,-0.7430572262279886,-0.2891485247275667,0.45272857234813274
PROGRESISTA | VENUSTIANO CARRANZA,3265.55,178,1.6493056299857605,0.6478754219517893,-0.9204457949574459,0.5424907114027703,0.8659277146195618,-0.526509987406739
PROGRESO DEL SUR | IZTAPALAPA,45929.18,637,1.7215288842517982,0.5915035411580499,-0.4849320921237557,0.30849708649885826,0.44356502726782804,-0.5403954988168962
PROGRESO NACIONAL (AMPL) | GUSTAVO A. MADERO,101496.75999999998,1638,1.9323044400629146,0.4050170436516164,0.1400114734854113,-0.1321347203100441,-0.39266547073260777,-0.23271163916068727
PROGRESO NACIONAL I | GUSTAVO A. MADERO,116901.33,1859,2.003639821719736,0.01330001275243192,-0.1619098918269921,-0.3350884781210995,-1.3475214051645736,0.030892225214811126
PROGRESO NACIONAL II | GUSTAVO A. MADERO,102856.22,1857,2.0143934902527043,0.04268043648078752,-0.21682546373045214,-0.2974434756657884,-1.200158687611284,0.12044620704818297
PROGRESO TIZAPAN | ALVARO OBREGON,229021.15,2846,2.210267523326994,0.6605497672716449,1.9789268583094333,-0.5425564427701626,-0.7691348314448792,-0.567204176407153
PROVIDENCIA (AMPL) | GUSTAVO A. MADERO,3139.65,1787,1.0567738442183046,0.21799677930875555,-1.1469058256667934,-0.952786130692315,0.07918447953782128,0.1793492389096257
PROVIDENCIA I | GUSTAVO A. MADERO,4603.99,2393,1.706306920736144,0.605425369298058,-0.08017751073888882,-0.5303070084108917,0.6833440617858845,0.5938896778385371
PROVIDENCIA II | GUSTAVO A. MADERO,3276.39,2061,1.7522547682052503,0.5598444439656144,-0.25922234343162315,-0.33716835421955166,0.5917263540153552,0.49446287249708715
PROVIDENCIA III | GUSTAVO A. MADERO,6740.35,2346,1.2766755435548598,0.589786018434613,-0.30133490678036584,-0.9049021580260577,0.7636800228001241,0.3282087551701583
PROVIDENCIA | AZCAPOTZALCO,102508.4,2311,1.912254312817291,0.2972909046113611,0.25441830826653566,-0.5264087011648961,-0.6421014407529,0.13813602523759277
PUEBLA | VENUSTIANO CARRANZA,95122.20000000001,1997,2.388938544314576,1.1819428495518784,1.4930535696649296,0.3862923109117377,1.1504580289428086,-0.21483226805926348
PUEBLO NUEVO ALTO | LA MAGDALENA CONTRERAS,389.31,1715,1.0,-0.0,-1.5146006358318955,-1.0425286364376678,-0.3470278336964393,0.26043526818584806
PUEBLO NUEVO BAJO | LA MAGDALENA CONTRERAS,5171.96,1063,1.3844847987996813,0.6662170305821038,-0.6591266239093195,-0.13630840342521497,0.9432167490669716,-0.26775944616914155
PUEBLO NUEVO | ALVARO OBREGON,8138.58,87,1.5535105632677937,0.6874094374747144,-0.9121019553828229,0.5093749232350849,0.9499261485813842,-0.6817718320989886
PUEBLO QUIETO | TLALPAN,8032.860000000001,182,1.621481016723807,0.6633344401594032,-0.8772475413045898,0.5151379376395657,0.8767934796605493,-0.5834609673963357
PUENTE BLANCO | IZTAPALAPA,2317.59,2200,1.2821594846370583,0.5949813199581949,-0.3797214966696285,-0.8198729114218538,0.8053015241018023,0.289452038932699
PUENTE COLORADO (AMPL) | ALVARO OBREGON,15445.17,829,1.161319040191853,0.44185069049936354,-1.0831268686347568,-0.3135949044735246,0.47529902650077055,-0.4474716736556503
PUENTE COLORADO | ALVARO OBREGON,20252.89,787,1.6189694409044832,0.6645663817965336,-0.5553690238386074,0.19637694112827006,0.7850064461479349,-0.3807751319013068
PUENTE SIERRA | LA MAGDALENA CONTRERAS,1810.48,30,4.0,-0.0,-0.7864360333611636,2.522205843148486,-1.1807205974850523,1.0849424166644577
PUNTA DE CEHUAYO | ALVARO OBREGON,1079.6399999999999,621,1.0,-0.0,-1.9355283597867654,-0.4961386212177978,-0.3180095326481034,-0.2749807694896232
PURISIMA ATLAZOLPA | IZTAPALAPA,13728.509999999998,631,1.6507537962969034,0.6469787603465167,-0.6711370588198312,0.3046534911944497,0.7841312656904091,-0.3813655386755453
PURISIMA I | IZTAPALAPA,4194.83,272,1.0,-0.0,-2.0494592584601117,-0.3252230001626713,-0.32692028590470956,-0.4667606664082165
QUIAHUATLA | TLAHUAC,13513.65,1107,1.568030102895961,0.5967055134066713,-0.5931551764691925,-0.026140308626558792,0.688526807892658,-0.16520853876577007
RAMOS MILLAN BRAMADERO I | IZTACALCO,83711.81999999999,2122,1.8008952618638563,0.6555014370183408,0.48137892086790984,-0.38372662018715137,0.2737066515808519,-0.08784259867687559
RAMOS MILLAN BRAMADERO II | IZTACALCO,65115.92,2294,1.9182811208073236,0.5678032234387344,0.3529513142347881,-0.3725636183307249,0.16492504264386856,0.246138569483952
RANCHO EL ROSARIO | COYOACAN,9073.97,156,3.3500397290270962,0.6305665087618189,-0.13262857519390026,2.08458117861384,0.29674960280093354,0.36724927471643815
RANCHO LOS COLORINES (FRACC) | TLALPAN,31416.010000000002,225,2.651749856203891,0.6880210780554123,-0.1909537181070276,1.4103633628336165,0.4801962369230067,-0.17920131038519743
REACOMODO EL CUERNITO | ALVARO OBREGON,45037.82,584,1.0,-0.0,-1.6409204999626716,-0.529103615556456,-0.5927503193249583,-0.6114165990843298
REACOMODO PINO SUAREZ | ALVARO OBREGON,2146.25,163,2.0,-0.0,-1.6482924180020184,0.6395598520539199,-0.6027881849122659,0.045820899129665985
REAL DEL MONTE | ALVARO OBREGON,10922.96,320,1.0,-0.0,-1.9834818333997772,-0.3571098335342951,-0.37060735076124374,-0.49223670195895336
REAL DEL MORAL (FRACC) | IZTAPALAPA,13232.789999999999,1196,1.9504518699382367,0.19718258439329683,-0.9247776327429064,0.13494788188311627,-0.2712716847936272,0.3238835905810509
REAL DEL SUR-VILLAS DEL SUR-RESIDENCIAL ACOXPA | TLALPAN,42716.590000000004,494,3.901340439393687,0.14463708266739123,-0.16819330399655288,2.2040297486239586,-1.116073576667933,0.8747256147717347
REFORMA IZTACCIHUATL NORTE | IZTACALCO,93013.29000000001,1873,3.5510472750721966,0.687926440254857,1.2951865035957508,1.3303452897896142,-0.219447498682843,0.6687100166987786
REFORMA IZTACCIHUATL SUR | IZTACALCO,72388.81,1188,3.6900567919268186,0.6544530884158963,0.9020750872796921,1.8114311440713504,-0.18070745004508612,0.5821162465357426
REFORMA PENSIL | MIGUEL HIDALGO,70125.05,1046,1.8761232968817845,0.5163334233017367,-0.18635506130743332,0.18924152979687853,0.07470816133689212,-0.3883838042710877
REFORMA POLITICA I | IZTAPALAPA,174.17999999999998,1723,1.1182684579170972,0.36346075898397445,-0.9680924923763756,-0.8098042170586459,0.3902336732992369,0.11870226508036054
REFORMA POLITICA II | IZTAPALAPA,3025.7799999999997,2548,1.7287905928388714,0.5844580368091532,-0.04895888789059376,-0.5930226740635339,0.6374970947787102,0.705100263170424
REFORMA SOCIAL | MIGUEL HIDALGO,210469.07,2213,2.6733249213292956,1.060026863879854,2.3535977975555533,0.35807006025143057,0.07842067004792408,-0.7180599061323222
RENOVACION | IZTAPALAPA,51392.060000000005,3619,1.218096725447472,0.5244884739367602,0.3930023930334648,-1.6702922098825572,0.3232999812682987,0.6277733907950236
RESIDENCIAL EMPERADORES | BENITO JUAREZ,54432.15,555,2.8682857465670564,0.7246211325215486,0.24786334725270068,1.427939032645653,0.34006299126197903,-0.08812200820282931
RESIDENCIAL LA ESCALERA (FRACC) | GUSTAVO A. MADERO,103616.76000000001,723,3.022652030424422,0.8304171599822954,0.8725390091496292,1.4640398025712453,0.2055247013694279,-0.33983419977242324
RESIDENCIAL ZACATENCO | GUSTAVO A. MADERO,126827.67000000001,1581,3.4809047584016954,0.9579986541495664,1.7517668362646184,1.4690546432294862,0.17040066746735624,0.08577529955742214
REVOLUCION IMSS (U HAB) | GUSTAVO A. MADERO,11974.73,152,2.0,-0.0,-1.5834833604708567,0.6335534399938302,-0.6641335270833104,-0.03072408939256512
REVOLUCION | VENUSTIANO CARRANZA,75687.40999999999,1877,1.6836053710914407,0.8007214280551698,0.47197455576030817,-0.3066870007132385,0.6737181937308812,-0.2978849764224272
REYNOSA TAMAULIPAS | AZCAPOTZALCO,81619.62000000001,2131,1.8769544626647365,0.7674832539806908,0.6562054487843424,-0.27695076017731124,0.5017997254883211,-0.09184846257534054
RICARDO FLORES MAGON (AMPL) | IZTAPALAPA,36934.69,841,1.7124681430925777,0.5999269287460091,-0.46154025847568597,0.21175805521399085,0.5143002988429225,-0.38622772881756556
RICARDO FLORES MAGON | IZTAPALAPA,15546.83,492,2.0,-0.0,-1.4260462993393466,0.4593091400712767,-0.696915892644425,0.10823983122104362
RINCON DEL BOSQUE | MIGUEL HIDALGO,40452.97,307,4.0,-0.0,-0.4069877554396167,2.3384081921476123,-1.4316739582518336,0.9392607171124336
RINCON LAS HADAS-VILLA ROYALE-FUENTES Y ARCONADA COAPA | TLALPAN,2968.13,580,4.0,-0.0,-0.564240405516671,2.2457506090033204,-1.204752432227514,1.3432163834968576
RINCONADA (U HAB) | TLALPAN,22360.77,330,1.0703857693630408,0.1523536853021248,-1.66124432636321,-0.2574872813257909,-0.14019229449266304,-0.6204925386441545
RINCONADA DEL SUR (U HAB) | XOCHIMILCO,37259.51,577,1.0,-0.0,-1.6983232255123655,-0.5164945340702897,-0.543722516500583,-0.5584531226393858
RINCONADA EL MOLINO | IZTAPALAPA,0.0,495,0.0,-0.0,-2.450146381917766,-1.3397159596345116,-0.015345856672926553,-0.878834230393481
ROMA NORTE I | CUAUHTEMOC,451449.59,2920,3.4939010577017022,0.879795049670987,4.455222741448156,0.403224926360014,-2.077272641824866,-1.5642243335767614
ROMA NORTE II | CUAUHTEMOC,387819.35,3045,3.3306723349415135,1.066039749798137,4.233286190302391,0.33317354498180984,-1.2391679985442499,-1.241241594547985
ROMA SUR I | CUAUHTEMOC,298984.9,3353,3.202648428064427,1.1434350003935088,3.77455318444693,0.1943987855846162,-0.4895575795695059,-0.5639581702499286
ROMA SUR II | CUAUHTEMOC,338809.42000000004,4520,2.545996123720527,1.0376839341040256,4.0651709704716135,-1.0696585776134508,-0.8075256697580857,-0.5864745547028793
ROMERO DE TERREROS (FRACC) | COYOACAN,112851.12,816,3.7451883508112283,0.29066518613636005,0.5757946298490256,1.8709538076501917,-1.21078663852718,0.35142153183329694
ROMERO DE TERREROS | COYOACAN,95339.29999999999,856,2.166771520244013,0.9719111786624501,0.6651740983011151,0.6804436195013523,0.8034035057490019,-0.7692553759176958
ROMERO RUBIO | VENUSTIANO CARRANZA,212730.43,3478,1.9775611321802904,0.9476790664767587,2.3914835642826042,-0.9488725521628747,-0.009365053810135601,-0.43858132691805335
ROMULO SANCHEZ-SAN FERNANDO (BARR)-PEA POBRE | TLALPAN,43506.65,297,2.2655118240544834,0.7318737952474863,-0.19562293862119776,1.0251179461065698,0.6079105384777611,-0.4701654801730675
ROSAS DEL TEPEYAC | GUSTAVO A. MADERO,6500.030000000001,332,1.6096525708342884,0.5048306359367949,-1.0490708718771597,0.3748659637303843,0.5491976241331867,-0.4135638936854537
SALVADOR DIAZ MIRON | GUSTAVO A. MADERO,58967.200000000004,2228,2.2676710103243836,0.9695529696711949,0.986496916839314,0.1275492647177794,0.9553709333281534,0.21640770169226703
SAN  MIGUEL AMANTLA (PBLO) | AZCAPOTZALCO,87669.22,2139,1.4676344787828612,0.6910506610912683,0.4111823026117714,-0.6867919240933456,0.42106059939299073,-0.31252557270688586
SAN AGUSTIN OHTENCO (PBLO) | MILPA ALTA,463.15,411,2.9546151354852634,0.10834026971690325,-0.9801192743423065,1.4226294895033487,-0.6488497661139541,0.6405752141595558
SAN ALVARO | AZCAPOTZALCO,145297.22,2546,1.963344790767504,0.15716448759668755,0.4808689961320735,-0.6974438371603184,-1.2298455017432277,0.05202273512352027
SAN ANDRES (BARR) | AZCAPOTZALCO,103212.66,1932,1.6200070805267495,0.6640606601984071,0.47322626109645577,-0.47270785498809226,0.22809435947396642,-0.4258481709960296
SAN ANDRES (PBLO) | AZCAPOTZALCO,77014.2,1742,1.882156147827284,0.36260689020116577,-0.07184374782328386,-0.21607839928173417,-0.31747284968442174,-0.007741546528891417
SAN ANDRES AHUAYUCAN (PBLO) | XOCHIMILCO,11908.800000000001,2981,1.3444284898562406,0.7071416558991072,0.17161925184915852,-1.1253736186781642,0.9409444095541243,0.5673936638382525
SAN ANDRES DE LAS SALINAS (PBLO) | AZCAPOTZALCO,6598.42,71,1.7472470682375476,0.5653393887325765,-1.0052441917250075,0.651708088985601,0.6446576120241693,-0.5004037191274302
SAN ANDRES MIXQUIC (PBLO) | TLAHUAC,5923.92,3193,1.7106476792394225,1.031876260979296,0.8182356542901978,-0.776580246844672,1.553666633552315,0.725509451159187
SAN ANDRES TETEPILCO (PBLO) | IZTAPALAPA,223463.09999999998,4099,1.9145015888529249,0.29199716913078805,1.7944448095434544,-1.5622017891714304,-1.4675664546873282,0.13298692054915748
SAN ANDRES TOMATLAN (PBLO) | IZTAPALAPA,36441.939999999995,1351,1.9049702074038868,0.3649545346791128,-0.49560749657414127,0.04854549554294634,-0.05261827164756697,0.10784042563176728
SAN ANDRES TOTOLTEPEC (PBLO) | TLALPAN,2872.89,7923,1.4018879943193092,0.795094242570021,2.1765758679355995,-3.5032827894362875,1.0167111283756025,3.009204858517101
SAN ANGEL INN | ALVARO OBREGON,102571.66,548,3.060378178533915,0.6216428660981345,0.5324762995896706,1.5128882903203167,-0.23629199969215106,-0.27439806749093804
SAN ANGEL | ALVARO OBREGON,327800.74,706,3.6182000077242047,0.646511535684173,2.466292219795437,1.6853934126765855,-1.7647585316670777,-1.5370754818330195
SAN ANTONIO (BARR) | IZTAPALAPA,14516.43,3941,1.3201648063607925,0.6269936215550145,0.4442504247619779,-1.6590979350911066,0.7324514312207565,1.0473990301286404
SAN ANTONIO (BARR) | XOCHIMILCO,16123.69,445,2.085768208145902,0.2926360909858555,-1.0058881170234983,0.6639532371447368,-0.10363557589267434,-0.04242511365842764
SAN ANTONIO (FRACC) | AZCAPOTZALCO,50936.74,1183,2.411394997010017,0.9392510812607426,0.5482470200302859,0.779360353259148,0.9313972260161039,-0.1352342249469735
SAN ANTONIO CULHUACAN (BARR) | IZTAPALAPA,43596.05,1795,1.346114154837422,0.6450079049642927,-0.15033912997092488,-0.5898016941255533,0.6459967611891287,-0.19999550017084328
SAN ANTONIO TECOMITL (PBLO) | MILPA ALTA,70917.61,7201,1.3996499600028822,0.6728694827124713,2.2078513663649884,-3.267273509715126,0.35317631154087165,2.2362921239768854
SAN ANTONIO | GUSTAVO A. MADERO,2452.22,150,1.32832290740635,0.6329845777482739,-1.1041729746079054,0.2607500936451692,0.9340524959849533,-0.7022238667886193
SAN BARTOLO AMEYALCO (PBLO) | ALVARO OBREGON,2931.6,6579,1.8008391322144903,0.8490015606620728,1.9094098155612553,-2.4497663255487043,1.055109055141533,2.545326548369866
SAN BARTOLO AMEYALCO | LA MAGDALENA CONTRERAS,16942.57,1211,2.0133686919989118,1.0087548042023078,0.2317305399356007,0.46849389306249306,1.4075017555749176,-0.13509867044985846
SAN BARTOLO ATEPEHUACAN (PBLO) | GUSTAVO A. MADERO,123231.68000000001,2418,2.9964658438479455,1.241576267306005,2.213261112019209,0.7155362452096133,0.910239208776729,0.08528519257407671
SAN BARTOLO CAHUALTONGO (PBLO) | AZCAPOTZALCO,55755.5,919,1.8286009451982317,0.45809767147577696,-0.4371891337370976,0.20576086331224513,0.059152451577899674,-0.337995810163851
SAN BARTOLO EL CHICO | TLALPAN,34510.13,445,2.5509753223184033,0.9348914927565648,0.2035880687819785,1.2928999328496749,1.0069755380464855,-0.29463020481704905
SAN BARTOLO EL CHICO | XOCHIMILCO,6685.55,120,1.3877990591649154,0.6677533911324907,-1.0119062873451528,0.33714487902906437,0.9647551063840374,-0.7350021854425123
SAN BARTOLOME XICOMULCO (PBLO) | MILPA ALTA,10565.34,1179,1.3485642676903915,0.6465533311839606,-0.6190675887001453,-0.24024024327576338,0.8746280759589785,-0.2588878629939407
SAN BERNABE (BARR) | AZCAPOTZALCO,24954.15,198,2.0,-0.0,-1.4743403032389288,0.5953471816793146,-0.7469908969016503,-0.10246320958469181
SAN BERNABE OCOTEPEC (PBLO) | LA MAGDALENA CONTRERAS,3833.66,3207,1.1022495474298712,0.32999780588366256,-0.4173187655129395,-1.58278736657192,0.2557503022297858,0.8224143318335645
SAN CLEMENTE | ALVARO OBREGON,58252.11,2815,1.8855474934727687,0.355724298167856,0.20613413719715495,-0.7301697774234012,-0.24802239187574493,0.6543180484483359
SAN CRISTOBAL (BARR) | XOCHIMILCO,5089.89,622,1.6089365389035912,0.6692214098275295,-0.7244858831816996,0.2892065452715518,0.8979958133982499,-0.3591537305683439
SAN DIEGO (BARR) | XOCHIMILCO,7880.970000000001,386,2.270432446767339,0.5836884872010051,-0.6092432512917257,0.9741482191510299,0.5131192580013608,-0.07963053018284309
SAN DIEGO CHURUBUSCO | COYOACAN,74052.22,517,3.9172948494994477,0.258785785134008,0.22246432782756737,2.2108642974898776,-1.0760424472560939,0.6009493638742278
SAN DIEGO OCOYOACAC | MIGUEL HIDALGO,96535.43,2068,1.5835606678294176,0.9404579778919547,0.8357155270456164,-0.46782529974622483,0.8625796155823342,-0.49303342678600565
SAN ESTEBAN (BARR) | XOCHIMILCO,19235.27,568,2.887265944278401,0.35219363630689476,-0.4886519982960564,1.3475937432460252,-0.23469969984166572,0.40117298780233657
SAN FCO XICALTONGO | IZTACALCO,42513.64,867,1.6866438630049085,0.6217596970962191,-0.39455228692875727,0.17653092848343402,0.5323327145903121,-0.4410143149237164
SAN FELIPE DE JESUS I | GUSTAVO A. MADERO,41415.439999999995,2940,1.9273512487130404,0.260437175023733,0.026918678195427224,-0.7688720792320847,-0.3604298853728693,0.9155833649082504
SAN FELIPE DE JESUS II | GUSTAVO A. MADERO,114318.22,3064,1.8143243482972355,0.4817894742497683,0.8347583461791009,-0.9402463538803488,-0.31935409795253444,0.2559732145100922
SAN FELIPE DE JESUS III | GUSTAVO A. MADERO,92494.95,3244,1.6987515534631892,0.6119184000708103,0.8741725336899683,-1.0634278622076345,0.12179782711446127,0.3617262025884205
SAN FELIPE DE JESUS IV | GUSTAVO A. MADERO,65137.42,3444,1.7476591796236325,0.564892217047864,0.718604355137848,-1.1037328618689426,0.17338937613716024,0.7113062409072334
SAN FRANCISCO (BARR) | LA MAGDALENA CONTRERAS,62929.75,1473,1.9327033716167632,0.6198197738985931,0.09489095673912773,0.07221493433235796,0.30975879564940456,-0.15851552207097322
SAN FRANCISCO APOLOCALCO | IZTAPALAPA,0.0,1406,0.0,-0.0,-2.095588793549431,-1.795381121611804,-0.043117709185863454,-0.4371455512024636
SAN FRANCISCO CULHUACAN (PBLO) | COYOACAN,157974.32,3721,1.62508349458317,0.6615205721128079,1.553345493583125,-1.4279475068341647,-0.17698021147005802,0.04903524562125231
SAN FRANCISCO TECOXPA (PBLO) | MILPA ALTA,3275.28,1375,2.223950318751374,0.6196052588115311,-0.22949837603159717,0.4554200981577911,0.6016077241453688,0.3866755019401524
SAN FRANCISCO TETECALA (PBLO) | AZCAPOTZALCO,70041.79,1202,1.7629346708586404,0.7581151490090383,0.14838626533008625,0.09443234640753528,0.6162140751283802,-0.5156837375931212
SAN FRANCISCO TLALNEPANTLA (PBLO) | XOCHIMILCO,1554.23,1775,2.0,-0.0,-1.0250700683573584,-0.16603918881585839,-0.6482146908402457,0.8316714377875605
SAN FRANCISCO TLALTENCO (PBLO) | TLAHUAC,25594.99,4640,2.5377341425021065,1.3190939473914831,2.28627762977566,-0.6704730929903179,1.7535834371782475,1.5721727363704716
SAN FRANCISCO XOCOTITLA | AZCAPOTZALCO,28174.03,572,2.0,-0.0,-1.3061465401355674,0.4045091406099978,-0.7785993230002579,0.05553724231405201
SAN FRANCISCO | LA MAGDALENA CONTRERAS,9113.130000000001,1076,3.5905062256326854,0.7855507516613152,0.5450964607849675,1.897730318300204,0.5268642513836878,0.8548932815111072
SAN GREGORIO ATLAPULCO (PBLO) | XOCHIMILCO,60831.280000000006,7426,1.0042895694451934,0.02766523949865879,1.1722982805469622,-3.9561158836358032,-0.843034363631874,2.577627026376783
SAN IGNACIO (BARR) | IZTAPALAPA,4840.950000000001,2258,1.315671510757186,0.6235636096222665,-0.285470241117193,-0.8112612090802142,0.8385173457759224,0.30104697667361435
SAN JERONIMO MIACATLAN (PBLO) | MILPA ALTA,1164.42,995,1.0,-0.0,-1.7893730736062705,-0.683305697428704,-0.32994298442088477,-0.09426510892976482
SAN JOAQUIN | MIGUEL HIDALGO,61580.78,1055,1.884071458659666,0.3587336255147909,-0.4520645353446024,0.14598056727643458,-0.20844636387249418,-0.22568732792422447
SAN JOSE (BARR) | IZTAPALAPA,128873.70999999999,929,1.3343491081307428,0.6372159293616269,0.09617542231908256,-0.2699471747302478,0.12413259790213166,-1.2396679781937343
SAN JOSE ACULCO | IZTAPALAPA,32233.449999999997,2411,1.5624988947816632,0.6853144850312909,0.16305474105033488,-0.6738436284712632,0.7207993505883667,0.2765891890116318
SAN JOSE BUENAVISTA | IZTAPALAPA,97.16,1172,1.0,-0.0,-1.7279877787114162,-0.7705881063799029,-0.3286410199629992,-0.0007157594796685824
SAN JOSE DE LA ESCALERA | GUSTAVO A. MADERO,69230.95000000001,1201,1.7079052071364034,0.604016685772736,-0.09096795278515056,-0.008813522476919475,0.31064843198916664,-0.45058747441080726
SAN JOSE DE LOS CEDROS I | CUAJIMALPA DE MORELOS,70054.25,1811,2.351149002380298,0.7378379178946304,0.6275123425073305,0.3166236456739692,0.3827876692140466,0.11519922010430787
SAN JOSE DE LOS CEDROS II | CUAJIMALPA DE MORELOS,142484.3,2114,2.4147430980115008,1.0781026306990946,1.7431399875663678,0.2588563701797347,0.621937864940659,-0.42640792308589215
SAN JOSE LAS PERITAS | XOCHIMILCO,13980.59,443,3.1248759887815893,0.3765287762449922,-0.4325597023984708,1.6406308366882294,-0.21570444093379634,0.4952519045117796
SAN JOSE TICOMAN | GUSTAVO A. MADERO,17356.16,937,2.7954564834617797,0.5066369257591401,-0.1917680549745948,1.1367352797242707,0.12014385654471432,0.45293862953620606
SAN JOSE ZACATEPEC | XOCHIMILCO,1909.77,789,1.0,-0.0,-1.8643079498047526,-0.581141098601254,-0.328340669935668,-0.1995424178858108
SAN JOSE | TLAHUAC,5299.01,2125,1.7522480614303426,1.0268697950717782,0.4104742995864778,-0.20566570487001196,1.5673812278515755,0.23805747650382553
SAN JUAN (BARR) | XOCHIMILCO,5554.02,447,2.3451536004551654,0.6443947954075353,-0.4856732192601282,1.0357615605873374,0.6327646756370238,-0.027511975937384737
SAN JUAN 2A AMPLIACIN (PJE) | IZTAPALAPA,755.38,5334,1.4140300246233684,0.6782917994383757,1.0019175314297508,-2.2362991956059255,0.8577075788171167,1.8442043251475242
SAN JUAN CERRO (PJE) | IZTAPALAPA,1760.9099999999999,1449,1.7130517743666627,0.5993965091212109,-0.472615295584071,-0.050824887414418325,0.7152106354718353,0.16403560566093853
SAN JUAN DE ARAGON (PBLO) | GUSTAVO A. MADERO,170629.13,3015,1.6098111735082985,0.8779240262054022,1.652722473520767,-1.0266354356447895,0.2284542047849436,-0.5197551669965661
SAN JUAN DE ARAGON 1A SECCION (U HAB) I | GUSTAVO A. MADERO,67275.33,2233,1.8297408574584473,1.0785019693076512,0.9933799390351453,-0.2435620293747168,1.261994689398205,-0.14611663283484475
SAN JUAN DE ARAGON 1A SECCION (U HAB) II | GUSTAVO A. MADERO,59568.19,2303,2.3181174381830303,0.986705753189465,1.0661748059266625,0.14122318287513622,0.9709515662145679,0.2661728506291607
SAN JUAN DE ARAGON 2A SECCION (U HAB) I | GUSTAVO A. MADERO,33224.04,1964,2.601244159349676,0.7872060035852377,0.6093553016413069,0.5278094537534672,0.6409014379223507,0.5650954698632379
SAN JUAN DE ARAGON 2A SECCION (U HAB) II | GUSTAVO A. MADERO,23925.009999999995,1576,2.7867641434632633,1.0611013803811817,0.8477559285453975,0.9984836225217072,1.237684658772487,0.3865234403156013
SAN JUAN DE ARAGON 3A SECCION (U HAB) I | GUSTAVO A. MADERO,40110.65,1450,1.970439023052481,1.0629460871276593,0.5411177402478055,0.3020970693503471,1.3822663412936709,-0.24237332742656256
SAN JUAN DE ARAGON 3A SECCION (U HAB) II | GUSTAVO A. MADERO,35194.09,1373,2.5911381712099963,1.0391765133697948,0.728768724145188,0.9014355657009726,1.1837933683353226,0.11154824997877426
SAN JUAN DE ARAGON 4A  Y 5A SECCION (U HAB) I | GUSTAVO A. MADERO,36767.06,2072,1.9996366312672267,0.4587777173433223,-0.04267630259724205,-0.19319538873471276,0.09466066725694598,0.45237647098486594
SAN JUAN DE ARAGON 4A  Y 5A SECCION (U HAB) II | GUSTAVO A. MADERO,38851.26,1823,2.2492974487828707,0.636897807635541,0.2299030631915087,0.21883621282233215,0.3939511355023336,0.3499752587297278
SAN JUAN DE ARAGON 6A SECCION (U HAB) I | GUSTAVO A. MADERO,28470.690000000002,1526,2.403648805139601,0.9476472629467423,0.5316028362839934,0.6300540677954294,1.0819970675062809,0.1846733897483588
SAN JUAN DE ARAGON 6A SECCION (U HAB) II | GUSTAVO A. MADERO,36597.05,1307,2.4446005893917677,0.9255122633522583,0.4923629551028736,0.7593946725474672,0.9787789222873343,0.0550903630694182
SAN JUAN DE ARAGON 7 SECC (U HAB) I | GUSTAVO A. MADERO,1640.6100000000001,1480,1.4773102687415047,0.6921171790678262,-0.4441725810131446,-0.24727632184972512,0.9804764197929094,-0.004014347098753847
SAN JUAN DE ARAGON 7 SECC (U HAB) II | GUSTAVO A. MADERO,5190.37,1506,1.1523590803738462,0.42677942002305586,-0.9161808727501312,-0.6536978325345375,0.48967587261227113,-0.04106529149884621
SAN JUAN III (U HAB) | GUSTAVO A. MADERO,199806.56,1028,2.0,-0.0,0.07783367852108836,-0.024542235754524282,-1.8696162524204196,-0.9669308234389059
SAN JUAN IXTAYOPAN (PBLO) | TLAHUAC,34903.159999999996,2597,1.9325677102015981,0.9955485524959593,0.8425749000844039,-0.3238351050435234,1.2481287665990297,0.3699816728891569
SAN JUAN JOYA (PJE) | IZTAPALAPA,28170.839999999997,1063,1.554324258701551,0.6872332630275952,-0.39129319531743123,-0.0015821362007514361,0.7938449375980946,-0.353160412603969
SAN JUAN TEPENAHUAC (PBLO) | MILPA ALTA,489.80999999999995,487,1.2315183438476145,0.5411044747276659,-1.155199964873439,-0.026034645731667014,0.7695401751079761,-0.5242490708781338
SAN JUAN TEPEPAN | XOCHIMILCO,27333.86,1043,2.9052738983809823,1.0678838550052587,0.7277111690694087,1.3710886847620434,1.212311602061994,0.16469377424495563
SAN JUAN TLIHUACA (PBLO) | AZCAPOTZALCO,159408.12,3442,1.8193401314813826,0.6305235362966695,1.5019545174720261,-1.124727350588964,-0.29993230959689804,0.028436064806929014
SAN JUAN XALPA I | IZTAPALAPA,109243.8,3931,1.1152623764460774,0.3573781003501184,0.6483778881846012,-2.046806484386196,-0.3735863822184901,0.40086681078004255
SAN JUAN XALPA II | IZTAPALAPA,98426.07999999999,4567,1.5541920393456694,0.6872620723794054,1.4662937974210886,-1.8365907761812854,0.24622371244530422,0.8365963734021644
SAN JUAN Y GUADALUPE TICOMAN (BARR) | GUSTAVO A. MADERO,1676.7599999999998,2238,1.9695305231517928,0.1363703479443821,-0.6738397960404443,-0.3769896360913803,-0.3650351119939822,0.958838054252572
SAN JUAN | BENITO JUAREZ,123836.42,1382,2.5657619139829784,1.2308411327474125,1.602552577326492,0.8381820685199506,1.0410491670230433,-0.6522595561653762
SAN JUANICO NEXTIPAC (PBLO) | IZTAPALAPA,29185.429999999997,987,1.8726899004057849,0.3812411394082046,-0.6810792081730171,0.21558721803563205,0.047980088605982935,-0.0433500813117889
SAN LORENZO (BARR) | XOCHIMILCO,7072.66,1140,3.0,-0.0,-0.7754273422820945,1.052978629765968,-0.9555358201788671,1.0344010984686471
SAN LORENZO ACOPILCO (PBLO) | CUAJIMALPA DE MORELOS,131.51,2512,1.0,-0.0,-1.206223624581925,-1.4408712662140484,-0.36970651631660323,0.648720134430583
SAN LORENZO ATEMOAYA (PBLO) | XOCHIMILCO,32204.569999999996,2620,2.169218530165129,1.2015696740955515,1.2191077675112865,-0.04415332203224956,1.6321045869055237,0.41065088848033154
SAN LORENZO HUIPULCO | TLALPAN,213680.70999999996,2278,2.6203277310338406,1.2808270063413951,2.67532203545948,0.352112240065143,0.5399540535433826,-0.8679579181585858
SAN LORENZO LA CEBADA I | XOCHIMILCO,31629.149999999998,2931,2.778852735530357,0.5678271925508356,0.7596362895144145,0.12932217978281246,0.10438271620166484,1.27141279202799
SAN LORENZO LA CEBADA II | XOCHIMILCO,51179.829999999994,2058,2.635653146952618,0.8324175283473442,0.8489647426601674,0.5070654906123591,0.6111696362588681,0.4731109103381337
SAN LORENZO TEZONCO (BARR) | IZTAPALAPA,1034.7,930,2.0,-0.0,-1.3575928028168154,0.2572223378454536,-0.6191944306584112,0.42574638633487527
SAN LORENZO TEZONCO (PBLO) | IZTAPALAPA,61306.91,2141,1.2186901933240477,0.5252451772044291,-0.11123849211713,-0.9418262199231494,0.3075653495817097,-0.16077197842755078
SAN LORENZO TLACOYUCAN (PBLO) | MILPA ALTA,1180.63,1062,1.9690250120698267,0.692667378879847,-0.3841467395965387,0.4089437848114447,0.8536686778798348,0.067065535517445
SAN LORENZO TLALTENANGO | MIGUEL HIDALGO,37450.98,433,1.8067844953589998,1.0320026659044368,0.009877356284837182,0.6543284208784712,1.4121422013657472,-0.7882171979549573
SAN LORENZO XICOTENCATL (PBLO) | IZTAPALAPA,57560.71,1275,1.7939568500805496,0.5086667324758398,-0.2335342569262488,0.012092686062213403,0.15431697209197576,-0.22708310147944036
SAN LORENZO | XOCHIMILCO,25540.48,275,2.1978056011476683,0.6727139680535636,-0.4413658883398029,0.9746771618541766,0.6156604386969912,-0.3533834557153531
SAN LUCAS (BARR) | COYOACAN,106290.86,1478,3.6986764431109127,0.3260512773508246,0.8138024117831074,1.5178580894500757,-1.1011798358603475,0.6736403829517636
SAN LUCAS (BARR) | IZTAPALAPA,11453.33,1940,1.610201574563904,0.6686578346833527,-0.16697467525387294,-0.37653521410628404,0.8163169874091791,0.23478427489456494
SAN LUCAS XOCHIMANCA (PBLO) | XOCHIMILCO,33399.68,3326,2.564255106635752,1.0480712117086406,1.4759519707965185,-0.09456414500958761,1.162229077991717,1.0514442829099349
SAN LUIS TLAXIALTEMALCO (PBLO) | XOCHIMILCO,17417.39,3794,2.036647855964642,1.193576133598272,1.5005672292039447,-0.737247013899398,1.7108822933165133,1.018669317539878
SAN MARCOS (AMPL) | XOCHIMILCO,77077.87,4508,1.6770572409434772,0.7424694799937424,1.424073516136287,-1.6509281822648678,0.4631788252726801,0.9980709833327427
SAN MARCOS (BARR) | AZCAPOTZALCO,58891.350000000006,1129,1.7000028017696995,0.6108619281027314,-0.1860500906540676,0.03456355664558882,0.3945544429385863,-0.4189299331443518
SAN MARCOS (BARR) | XOCHIMILCO,32134.760000000002,996,2.8919599835194036,1.2961820082990605,1.045315580419051,1.4579806119551855,1.6715952425940286,-0.03355147044551729
SAN MARTIN XOCHINAHUAC (PBLO) | AZCAPOTZALCO,191024.76,2932,1.6819968783104349,0.6253550943676528,1.4558364492183768,-1.0331804709090053,-0.45365042928303934,-0.5205093410991628
SAN MATEO (BARR) | COYOACAN,81269.41,1154,3.293140555591581,0.9567047186716545,1.1775829391036843,1.5650532952191591,0.5214204146838582,0.10621433130415826
SAN MATEO TLALTENANGO (PBLO) | CUAJIMALPA DE MORELOS,947.31,5824,1.0,-0.0,0.08852838704087973,-3.098426963435877,-0.47579262313840365,2.2485973378880595
SAN MATEO | AZCAPOTZALCO,47752.99,1054,1.3641784524906189,0.655784500569537,-0.3866880784167529,-0.203807006786374,0.6600738713851431,-0.5857287426216192
SAN MIGUEL  XICALCO (PBLO) | TLALPAN,398.85999999999996,3425,1.0723060723060724,0.2595636029886804,-0.465432643192091,-1.7400080330010792,0.13005406220562593,0.977648200276435
SAN MIGUEL (BARR) | IZTAPALAPA,36240.92,5981,1.7642148709249104,0.5461726374061475,1.4851714134594962,-2.3304761222655612,0.23286618861776046,2.17076081517855
SAN MIGUEL AJUSCO (PBLO) | TLALPAN,372.99,3866,1.3081315852971929,0.6175975404017806,0.2974405069769659,-1.6192854859448311,0.8070883958435237,1.1123743230867569
SAN MIGUEL CHAPULTEPEC I | MIGUEL HIDALGO,177193.27000000002,2093,2.872360727921551,1.2744558087793483,2.453655154707668,0.7139185195840692,0.687463115240106,-0.5507981764147443
SAN MIGUEL CHAPULTEPEC II | MIGUEL HIDALGO,292838.09,2874,3.645397734973616,0.754533550723709,3.2226025580854105,0.7050005382728536,-1.390323902094443,-0.2807415706963562
SAN MIGUEL CUAUTEPEC | GUSTAVO A. MADERO,403.84000000000003,279,1.7413084389857367,0.5716838771432258,-0.9619903595284468,0.5517858732545975,0.6923795479073539,-0.3616499786864184
SAN MIGUEL TEOTONGO I | IZTAPALAPA,2615.21,3488,1.67170514031378,0.6329644999644193,0.3533476282571596,-1.0973085672382208,0.7309442797110964,1.1040622997840805
SAN MIGUEL TEOTONGO II | IZTAPALAPA,2932.9400000000005,4703,1.572319924717178,0.682650055931041,0.8500218421788975,-1.7779807316940084,0.826291197800655,1.6070999658705036
SAN MIGUEL TEOTONGO III | IZTAPALAPA,3046.7699999999995,3781,1.043649504229069,0.17937388109396185,-0.4296609065847433,-1.9756729614605701,-0.05908421682687793,1.1621244187102169
SAN MIGUEL TEOTONGO IV | IZTAPALAPA,2235.26,2456,1.0,-0.0,-1.2132300963592406,-1.4153244456103125,-0.38120187740457756,0.6063265145629102
SAN MIGUEL TOPILEJO (PBLO) | TLALPAN,2396.2,5430,1.0,-0.0,-0.054629743998644724,-2.903052072788961,-0.47287433713351357,2.0470727611379296
SAN MIGUEL ZAPOTITLA | TLAHUAC,16720.25,3790,1.6984171887382065,1.0276945085691929,1.1152318915441815,-1.1004191631203308,1.4624171957743608,0.9324428073884642
SAN MIGUEL | IZTACALCO,84821.31,1915,1.5675530123267372,0.68399239059691,0.3402144144579249,-0.48321126788768515,0.40161437324894167,-0.34135890232023075
SAN MIGUEL-LA ESCALERA (BARR) | GUSTAVO A. MADERO,11197.7,454,1.0,-0.0,-1.9293982542658756,-0.4244558271423184,-0.3764165315437664,-0.4292588392387852
SAN NICOLAS TETELCO (PBLO) | TLAHUAC,841.1599999999999,1065,1.4436135812449475,0.8325469645627,-0.4371345897652552,-0.01947596740824489,1.3057581979919959,-0.300004413762671
SAN NICOLAS TOLENTINO I | IZTAPALAPA,34888.56,1700,1.0632969661115277,0.235944484320917,-0.9303636299221372,-0.9341487453403934,-0.08125833444926168,-0.09975812993717226
SAN NICOLAS TOLENTINO II | IZTAPALAPA,64817.55,2589,1.0578938883064848,0.2211327196650835,-0.3964529885992311,-1.424020942152238,-0.32601458412684126,0.12009138126822236
SAN NICOLAS TOTOLAPAN (PBLO) | LA MAGDALENA CONTRERAS,494.69,3561,3.2269097818836037,0.8235497578168118,1.3364468671465515,0.34827243342731495,0.6919575265291101,1.8997782759911814
SAN NICOLAS TOTOLAPAN | LA MAGDALENA CONTRERAS,34.879999999999995,1022,2.0,-0.0,-1.3288150951921052,0.21237637204090576,-0.615724473360805,0.47759575499787443
SAN PABLO (BARR) | IZTAPALAPA,9384.57,1135,1.9095664479033136,0.30353975848615283,-0.8506927250604088,0.17062485578452027,-0.007797751360623672,0.23755923017393418
SAN PABLO 396-CONJ HAB SAN PABLO (U HAB) | AZCAPOTZALCO,95823.37,979,1.0,-0.0,-1.1301863206280849,-0.7861412640179203,-0.9235072195710792,-0.7878691790253501
SAN PABLO CHIMALPA (PBLO) | CUAJIMALPA DE MORELOS,1417.27,2285,1.1441927085170787,0.4125020659433418,-0.662537775214029,-1.0514063616565643,0.46171766953891824,0.367805111859534
"SAN PABLO I, II Y V-LOMAS DEL PARAISO | IZTAPALAPA",452.67,1709,1.0,-0.0,-1.5164904170344466,-1.0396017384183411,-0.3472425524839331,0.2570671602004515
SAN PABLO TEPETLAPA (PBLO) | COYOACAN,45421.55,2349,3.1674870188269666,0.9766091922199365,1.3600031089144597,0.902305531749552,0.7888644497239554,0.8645224996840672
SAN PABLO XALPA (U HAB) | AZCAPOTZALCO,100772.26999999999,1309,2.0,-0.0,-0.508972984350516,-0.049131520943599086,-1.2566721880883653,-0.11314301155380675
SAN PEDRO (BARR) | IZTAPALAPA,19112.37,1383,1.0121408281652144,0.06562222212720384,-1.4180353819865128,-0.8640603149871589,-0.3188052538857666,-0.06783195151910659
SAN PEDRO (BARR) | XOCHIMILCO,55204.93,814,2.224719422703733,1.2163541713688197,0.7232836249238654,0.8878811959938661,1.5579576791474903,-0.6096941792516415
SAN PEDRO APOSTOL (BARR) | TLALPAN,5126.860000000001,145,1.0,-0.0,-2.0923353634358843,-0.2627913119872149,-0.32889783723713006,-0.5350882445051457
SAN PEDRO ATOCPAN (PBLO) | MILPA ALTA,13479.099999999999,2281,2.3556298269172276,0.8951006328119144,0.6271209246354201,0.20771178070729238,1.0556657689372426,0.6636003854404926
SAN PEDRO DE LOS PINOS | ALVARO OBREGON,68417.92000000001,31,1.4547909378127835,0.5506721327034123,-0.7399916449091962,0.32860903788371315,0.3122258149734207,-1.1201629210171384
SAN PEDRO EL CHICO | GUSTAVO A. MADERO,78351.86000000002,1406,2.6678617457198843,0.69068113206534,0.6095973820372105,0.780263190627018,0.15057275147596122,0.06063999208607888
SAN PEDRO IZTACALCO | IZTACALCO,95052.16,1649,2.0883891539129675,1.0654061561233368,1.0621257321360131,0.2461851836315303,1.0021723405379657,-0.48046137195389144
SAN PEDRO MARTIR (PBLO) | TLALPAN,6964.76,3960,2.4641624406296843,1.3394915312724875,1.884506910376444,-0.36808306980165767,1.9559693152230926,1.3250451168216648
SAN PEDRO TLAHUAC (PBLO) | TLAHUAC,18759.86,4606,2.4688526460218783,1.3494083500394352,2.234379957873242,-0.6972308061522817,1.8819115992381321,1.5495807797864536
SAN PEDRO XALPA (AMPL) I | AZCAPOTZALCO,124528.36,3298,1.958625890520039,0.17228682124268338,0.6458045980949674,-1.048174036684395,-1.0889868405409908,0.5556709786181707
SAN PEDRO XALPA (AMPL) II | AZCAPOTZALCO,98097.67,2516,1.9349925436557258,0.24052898089794122,0.23697235532103744,-0.623299996565111,-0.7476710684554068,0.31515825083907173
SAN PEDRO XALPA (PBLO) | AZCAPOTZALCO,226496.68,3470,1.708861295450335,0.6261851383639913,1.9280014244584076,-1.3191288622759818,-0.6987484252235645,-0.5023693856927375
SAN PEDRO ZACATENCO (PBLO) | GUSTAVO A. MADERO,49560.72,2566,2.502278619035397,1.1667539471490773,1.4256281583039934,0.2525404727395771,1.35373489958288,0.4624296406387828
SAN RAFAEL I | CUAUHTEMOC,260718.82,2723,2.5494796271324023,1.1055472122181043,2.910064292671176,-0.05212683308939031,-0.11978784721328171,-0.9296485325146129
SAN RAFAEL TICOMAN (BARR) | GUSTAVO A. MADERO,17195.239999999998,470,1.2747219579371967,0.5151627704061927,-1.059623336176626,-0.007083900664610555,0.5975947981025379,-0.6145905424998427
SAN RAFAEL | AZCAPOTZALCO,23214.28,726,2.0,-0.0,-1.2810753744009635,0.3332887127347957,-0.7521680697668257,0.1661381255647762
SAN SALVADOR CUAUHTENCO (PBLO) | MILPA ALTA,2836.1600000000003,3727,2.010045272481101,1.0833548516745342,1.2109875925753293,-0.7499637868512579,1.5784843823077632,1.141562841648384
SAN SALVADOR XOCHIMANCA | AZCAPOTZALCO,39965.15,285,1.6327585408787406,0.6574711994939523,-0.6154408453424445,0.4343847920027364,0.6575295788533863,-0.755252498608999
SAN SEBASTIAN TECOLOXTITLAN (PBLO) | IZTAPALAPA,3990.54,2542,1.3824845760222928,0.6652673564834595,-0.09400891140101798,-0.8768464467298555,0.9041140895046125,0.4573313057377455
SAN SEBASTIAN | AZCAPOTZALCO,69568.12,1480,1.3552674702148053,0.6506465683494522,-0.07855740744492383,-0.45234307664095896,0.5018896223147068,-0.5391529262365425
SAN SIMON CULHUACAN (BARR) | IZTAPALAPA,39559.82,1247,1.5505894617316258,0.6880198240122932,-0.24026972348744055,-0.11006242912892018,0.719520361892552,-0.34898398124720864
SAN SIMON TICUMAC | BENITO JUAREZ,323814.31,4377,1.8259756031164898,0.511986795304682,2.864553261282936,-1.8209845360459183,-1.6134885919325992,-0.6365484128143878
SAN SIMON TOLNAHUAC | CUAUHTEMOC,237375.0,4033,2.0369296261190097,1.238160729209425,3.200124275223201,-1.0982516816829684,0.4176629762774141,-0.4850313147934599
SANTA ANA TLACOTENCO (PBLO) | MILPA ALTA,2920.61,3010,1.9884270751658044,1.0534835406366878,0.8822948220141785,-0.4216694429846902,1.5427854874862799,0.7988654535442619
SANTA ANITA | IZTACALCO,227609.87000000002,3350,1.6993907162286062,0.8989237776347897,2.253034734909858,-1.1721310619639564,-0.1209856166532707,-0.7331291642268216
SANTA APOLONIA (BARR) | AZCAPOTZALCO,52366.1,1311,1.2969806802492452,0.6082842915455114,-0.34914662077031466,-0.41563386891698656,0.5421924491125449,-0.5038036780646035
SANTA BARBARA (BARR) I | IZTAPALAPA,9382.460000000001,3142,1.9003726101683354,0.3242634929945417,-0.04582081921461046,-0.8342221682289044,-0.022339558881246453,1.193481000584678
SANTA BARBARA (BARR) II | IZTAPALAPA,2771.4900000000002,1247,1.898473384352821,0.32842440139843365,-0.8250715439686839,0.12111606260562442,0.08629567740370342,0.31913385691076657
SANTA BARBARA (PBLO) | AZCAPOTZALCO,143117.02000000002,1893,1.378395665309409,0.663273261960692,0.6268403010848933,-0.7195558487886881,0.04774741159852101,-0.8664499388214822
SANTA CATARINA (AMPL) | TLAHUAC,2155.6200000000003,459,1.7710403503400411,0.8847642129801535,-0.443285909705286,0.5979015681798121,1.3310822563740827,-0.45356293697338124
SANTA CATARINA (BARR) | COYOACAN,133345.48,986,3.342830518139797,0.566954514273736,0.9747922409759217,1.494778028240475,-0.6412244881134409,-0.09755226308056561
SANTA CATARINA (PBLO) | AZCAPOTZALCO,70879.59000000001,1325,2.0356110976375565,0.15373585787005795,-0.4889970756087109,0.06480508609527248,-0.753975277612941,0.041014422892962234
SANTA CATARINA YECAHUIZOTL (PBLO) | TLAHUAC,2916.9700000000003,1760,1.6781900396644462,1.0115216602500707,0.19703225097203067,-0.09299668042248423,1.5825409399508503,0.04653915114227407
SANTA CECILIA TEPETLAPA (PBLO) | XOCHIMILCO,17542.440000000002,2881,1.0189300918230302,0.09384549710484938,-0.8048394910234383,-1.5953049147323777,-0.29675652774878014,0.6570859326563292
SANTA CECILIA | COYOACAN,27099.92,862,3.9115425432990207,0.29895433910817426,0.0782820850608268,2.1023250061118968,-0.7050460327636117,1.0817809837529075
SANTA CECILIA | TLAHUAC,9452.47,1635,1.588019850896115,0.8231955372086093,-0.10124843742430374,-0.186882846399156,1.1723371354082406,-0.001068769549688569
SANTA CRUCITA (BARR) | XOCHIMILCO,14590.470000000001,84,2.0,-0.0,-1.591561103369401,0.6645029346206539,-0.6784761680347197,-0.08264537955174413
SANTA CRUZ ACALPIXCA (PBLO) | XOCHIMILCO,22809.18,6124,2.249254466841859,1.047044190354728,2.344821790892876,-1.7680133957852715,1.2332121640915383,2.3119226704771956
SANTA CRUZ ACAYUCAN (PBLO) | AZCAPOTZALCO,23045.93,507,2.0,-0.0,-1.3674927381587954,0.4430255419869233,-0.7444353349982048,0.061178071800309916
SANTA CRUZ AVIACION | VENUSTIANO CARRANZA,51796.07,712,1.5357914220132918,0.6905829362469977,-0.3657904095315221,0.13068265381341818,0.6687953458793847,-0.7066748223802708
SANTA CRUZ CHAVARRIETA | XOCHIMILCO,4292.52,480,1.7931844231360596,0.5097068708668799,-0.9163481784130786,0.47177803817139613,0.5152793372820417,-0.2276112363629826
SANTA CRUZ DE LAS SALINAS | AZCAPOTZALCO,10547.82,93,2.0,-0.0,-1.6164765230731746,0.664734940175221,-0.6533800394568807,-0.048991008756481505
SANTA CRUZ MEYEHUALCO (PBLO) | IZTAPALAPA,5728.110000000001,3453,1.907348147992968,0.30863068258073934,0.031618015807573466,-0.9847195590666901,-0.04407232183090377,1.3837147857371748
SANTA CRUZ MEYEHUALCO (U HAB) I | IZTAPALAPA,6256.179999999999,2627,1.2385017694503675,0.5493467864187735,-0.26745818940848876,-1.0939069104301555,0.6835519805086112,0.47055813978774697
SANTA CRUZ MEYEHUALCO (U HAB) II | IZTAPALAPA,7923.35,1899,1.3749525137725835,0.6615389761656181,-0.3250995390260389,-0.5679973170757431,0.8933287120225418,0.1151152002157363
SANTA CRUZ XOCHITEPEC (PBLO) | XOCHIMILCO,65486.340000000004,3870,1.838434549861849,0.9420301278573645,1.4376366811464916,-1.1008465175389655,0.931399130986118,0.745023543366629
SANTA CRUZ | IZTACALCO,27001.370000000003,488,1.513773560378603,0.6927677106273669,-0.6344010678070428,0.25254278783600276,0.8422912303103413,-0.6490288950116576
SANTA FE (U HAB) | ALVARO OBREGON,27444.6,2004,1.0,-0.0,-1.2119353051556476,-1.2187607286430535,-0.5256291229174996,0.20452611344788535
SANTA FE KM 8.5 | ALVARO OBREGON,2481.42,102,1.0,-0.0,-2.127667159392465,-0.23818590614452712,-0.31098497060366725,-0.536768936165164
SANTA FE | ALVARO OBREGON,85033.69,2168,2.7951557788448325,1.0009740855458755,1.4303891390994732,0.6170837422633164,0.7061904248572587,0.2705275160156479
SANTA INES | AZCAPOTZALCO,54858.090000000004,1124,1.887143354790515,0.35244647719997235,-0.4795497308600198,0.11989547183044709,-0.18258881947069444,-0.13816100609072665
SANTA INES | XOCHIMILCO,1961.87,375,1.530544837323574,0.9195748519099267,-0.540483896698996,0.4341711927944274,1.4789086526510247,-0.6456310787345619
SANTA ISABEL TOLA (PBLO) | GUSTAVO A. MADERO,131139.91,4076,2.6025306102467205,1.1952952195816025,2.671233212658721,-0.4971031972053037,0.8269769288918032,0.6419864014295631
SANTA LUCIA (BARR) | AZCAPOTZALCO,80448.01000000001,767,1.812451420488835,0.8218152272160496,0.16092286218544374,0.3674072479931522,0.6847793661167734,-0.8119288329158156
SANTA LUCIA | ALVARO OBREGON,27979.949999999997,1907,2.802061118765402,1.0099002666291632,0.9429590207547743,0.8238763888458494,1.0891103778025775,0.5559528758338689
SANTA MARIA (U HAB) | CUAUHTEMOC,54942.369999999995,912,1.2464799024869149,0.5584347750897649,-0.5767608753549802,-0.28263268862528185,0.4472339499746414,-0.7146101283194851
SANTA MARIA AZTAHUACAN (EJ) I | IZTAPALAPA,32848.61,4602,1.6639014557998042,0.6384136856702556,1.0032239355499364,-1.6950606775920314,0.5210816492813156,1.4176394817726146
SANTA MARIA AZTAHUACAN (EJ) II | IZTAPALAPA,66305.63,3744,1.8178646368340063,0.47461604036530486,0.7538386026134118,-1.2234844479642115,-0.05501562028338105,0.9396758300022268
SANTA MARIA AZTAHUACAN (U HAB) | IZTAPALAPA,4147.74,651,1.0,-0.0,-1.9022849845270282,-0.5147365730697927,-0.33817858506816323,-0.28266535150356914
SANTA MARIA DEL MONTE | IZTAPALAPA,0.0,360,0.0,-0.0,-2.502687846714391,-1.272191484478711,-0.011230379077705313,-0.9442875472878688
SANTA MARIA INSURGENTES | CUAUHTEMOC,99385.36,524,2.032704816886511,1.0647683609633374,0.628376816263624,0.7530349224704613,1.0241841292586638,-1.0875881686793514
SANTA MARIA LA RIBERA II | CUAUHTEMOC,332306.39,4199,2.0298144131384293,0.16008565811948908,2.4731949402593236,-1.681834099615383,-2.467070415217846,-0.466612175775765
SANTA MARIA MALINALCO (PBLO) | AZCAPOTZALCO,104440.03,2205,1.6886806715777465,0.62015221894109,0.5602717612231707,-0.5639445987643317,0.09890837640038198,-0.23892342642580514
SANTA MARIA NATIVITAS (PBLO) | XOCHIMILCO,26080.8,4515,1.9844744026256862,1.042939541340962,1.6147948775150491,-1.208894873319051,1.3303554193535123,1.3647249129663095
SANTA MARIA NONOALCO | ALVARO OBREGON,109158.91,1481,1.8231248369922344,0.4666219193609993,0.16594462609239138,-0.13981610519094154,-0.27344997094054113,-0.46044163295479756
SANTA MARIA TEPEPAN (PBLO) | XOCHIMILCO,170849.03999999998,4561,2.1696670347108773,1.1461726098035825,2.8745603108569058,-1.1966174099107207,0.5852439494201278,0.3797854692038141
SANTA MARIA TOMATLAN (AMPL) | IZTAPALAPA,4185.6,540,1.0,-0.0,-1.9452196040810439,-0.4592607802478314,-0.33503234626546075,-0.336756835889557
SANTA MARIA TOMATLAN (PBLO) | IZTAPALAPA,27959.989999999998,1271,1.5335109204259372,0.6908995325050917,-0.31640474765431875,-0.12296637578085481,0.802679850470551,-0.2643870208793775
SANTA MARIA TOMATLAN | IZTAPALAPA,17331.47,640,1.5515677550721316,0.6878192447903901,-0.6325907415722308,0.22039224556387196,0.8768123948260869,-0.48157131307377815
SANTA MARTHA ACATITLA SUR (AMPL) | IZTAPALAPA,36657.51,1510,2.0,-0.0,-0.8814452474316831,-0.07459442951032635,-0.8604341202216305,0.4488499591391884
SANTA MARTHA ACATITLA | IZTAPALAPA,131815.21,3886,1.7851053759274065,0.5203698849348923,1.3163830971817831,-1.3847060283293633,-0.36387819246474445,0.48911631484194795
SANTA ROSA XOCHIAC (PBLO) | ALVARO OBREGON,42.65,4476,3.0,-0.0,0.47351252336693206,-0.6073945687985652,-1.013115549435403,2.7027608671273784
SANTA ROSA | GUSTAVO A. MADERO,135678.66,2481,1.9986530674757548,0.10978997236549735,0.3401629277258455,-0.6384418777278995,-1.2782669970099827,0.13730936306934688
SANTA TERESA | LA MAGDALENA CONTRERAS,27109.82,659,3.437491654315669,0.8742649638153781,0.5590130373267947,1.9778282112369228,0.6594347779177259,0.38625791670955273
SANTA URSULA COAPA (PBLO) | COYOACAN,197550.25,3349,2.0943150919829256,0.7328880769441832,1.9980302698003019,-0.8368719081542529,-0.3997142787480514,-0.20140176826922443
SANTA URSULA XITLA | TLALPAN,47985.219999999994,3245,2.587937702484224,1.049740548793517,1.560057813180426,-0.04903448576027711,1.0697870542562604,0.9185577956848463
SANTIAGO ACAHUALTEPEC (PBLO) | IZTAPALAPA,3095.56,1936,1.14872914755327,0.42049831742332716,-0.7736953937738962,-0.871849477823992,0.47745516730058074,0.18426351186291245
SANTIAGO AHUIZOTLA (PBLO) | AZCAPOTZALCO,150509.5,3383,1.543083260525083,0.6894302383778974,1.3694506621864044,-1.314676989418913,-0.0367006532577427,-0.12220395206093984
SANTIAGO ATEPETLAC | GUSTAVO A. MADERO,45585.78,1243,1.9472256479981256,0.2066045136044128,-0.6678132501323218,0.07397418084671349,-0.45482161554520206,0.10497968479982775
SANTIAGO ATZACOALCO (PBLO) | GUSTAVO A. MADERO,62774.65,1592,2.1779495385478054,0.9211397962062782,0.6592745506825137,0.34255491661626203,0.8744108182654786,-0.1406594354196791
SANTIAGO NORTE | IZTACALCO,65158.939999999995,1220,1.639379492668236,0.7762548346284952,0.08897234590840977,-0.014581545981799997,0.7208566561719719,-0.5502008490212709
SANTIAGO SUR | IZTACALCO,88851.54000000001,2379,2.6295737811635003,1.2708675674075043,1.8279200414025005,0.4526159804749892,1.296447940209371,0.09636208549212416
SANTIAGO TEPALCATLALPAN (PBLO) | XOCHIMILCO,55998.530000000006,4072,1.7987781107825507,1.059538182954413,1.5900547940850436,-1.185037118626421,1.2455337361267327,0.8212370443152927
SANTIAGO TULYEHUALCO (PBLO) | XOCHIMILCO,98127.39,5978,1.7126036879203657,1.021691533217878,2.5374439921591674,-2.2793902987874795,0.8679564275736139,1.4147571231204399
SANTIAGO ZAPOTITLAN (PBLO) | TLAHUAC,19648.59,3376,3.3028863648740185,0.8895542976229832,1.5230049000207901,0.5107996300083252,0.6951626179649856,1.674584599235399
SANTISIMA TRINIDAD | TLALPAN,0.0,385,0.0,-0.0,-2.492957945826127,-1.2846960169149704,-0.011992504558301822,-0.932166562677797
SANTO DOMINGO (PBLO) | AZCAPOTZALCO,132511.63,1586,1.6042050044965865,0.6712698032173323,0.5470207883072212,-0.3457374372000924,0.07467185099742439,-0.8187978712237325
SANTO TOMAS AJUSCO (PBLO) | TLALPAN,1236.92,4166,2.8064547424247324,0.3179332852107888,0.701885564804362,-0.5165188390395467,-0.280478602847508,2.2515482245484955
SANTO TOMAS | AZCAPOTZALCO,99053.08,988,1.471484077022138,0.6915199820500504,0.04563831751418289,-0.12075127222135408,0.3845779685302781,-0.9512114685209181
SANTO TOMAS | MIGUEL HIDALGO,69925.07,251,1.5142886521243382,0.6637442905539842,-0.4638556140460737,0.310983786396441,0.5184468091184627,-1.0577019469507134
SAUZALES CEBADALES (U HAB) | TLALPAN,85109.67,768,1.0,-0.0,-1.2876196343366728,-0.6680580782908649,-0.8498388202824421,-0.8125447170528971
SECCION XVI | TLALPAN,102862.0,386,3.170462658707783,0.9484105086741068,0.963083506320741,1.809588226595989,0.42756448264775176,-0.48529067053878816
SECTOR NAVAL | AZCAPOTZALCO,11019.48,140,1.782434379843695,0.5238095352162895,-0.9872691741199887,0.6292126418045112,0.5164711170360807,-0.4553522785823108
SECTOR POPULAR | IZTAPALAPA,154738.7,3075,1.976127109766335,0.11275116359895979,0.6990112059843417,-0.9772661238886272,-1.4031327012368717,0.2730733694470978
SELENE (AMPL) | TLAHUAC,3753.49,1503,1.628508401514324,0.9245913010790496,-0.03723692743179257,-0.04141167739689254,1.4153049541122136,-0.06070593084220594
SELENE 1a SECC | TLAHUAC,1979.26,2528,1.990001313622263,1.0978420222243697,0.7486983904527351,-0.16229435958545702,1.6569864711615472,0.5469515618121761
SELENE 2da SECC | TLAHUAC,1619.53,2412,2.5361308527782755,0.6905340265293375,0.4012015083308735,0.24728252235683074,0.639614264402793,1.0319053449466176
SEVILLA | VENUSTIANO CARRANZA,33654.28,550,1.9598716715971938,0.6617302316150226,-0.4011017332328181,0.6077134718134036,0.6025548079101795,-0.4034285876285966
SIDERAL | IZTAPALAPA,571.08,614,2.0,-0.0,-1.4838378099376095,0.41582249177637925,-0.6066516205190675,0.2758962761509477
SIERRA DEL VALLE | IZTAPALAPA,1106.75,231,1.9851185904675852,0.07738577958662182,-1.5314643765234641,0.6207420379369656,-0.4298999083932473,0.032929223108327715
SIETE MARAVILLAS | GUSTAVO A. MADERO,48058.71,589,2.0038812943585045,1.2115495028990473,0.4778506530537669,0.8065919736924544,1.6639715373939132,-0.7857896108665543
SIMON  BOLIVAR | VENUSTIANO CARRANZA,78507.38,1838,1.8571289730978158,0.7373275796459046,0.4704974652735297,-0.15546367548902806,0.4721101485681549,-0.2046593669324913
SINATEL (AMPL) | IZTAPALAPA,37685.87,851,1.6975688766107828,0.6129101370187453,-0.4416617235444381,0.1969618252199942,0.5411626099132406,-0.4026084359026621
SINATEL | IZTAPALAPA,63323.45,830,2.0,-0.0,-0.9586478472077375,0.23430505490052322,-1.0070519786348522,-0.07404754333057136
SINDICATO MEXICANO DE ELECTRICISTAS | AZCAPOTZALCO,87584.15,1296,2.3976219441531375,0.9043589978331917,0.7964236856049967,0.6550306959213181,0.6279999018188733,-0.3331780806463911
SN JUAN TEPEXIMILPA | TLALPAN,5.84,705,1.0,-0.0,-1.910384269734282,-0.5368965116610115,-0.3138314182675416,-0.22647409754940237
SOLIDARIDAD EL SALADO (U HAB) | IZTAPALAPA,3042.0299999999997,3002,1.0,-0.0,-0.9950577962384768,-1.6893681006377257,-0.40290975140367513,0.8652034071708343
SOLIDARIDAD NACIONAL | GUSTAVO A. MADERO,19518.36,578,2.0,-0.0,-1.3646572009122562,0.411643187397079,-0.7244617696462302,0.12116049831098909
STA CRUZ ATOYAC | BENITO JUAREZ,454631.06999999995,4106,2.8294573443913547,1.2465577659762792,5.130064607707069,-0.666665015034731,-1.1616482470561191,-1.5923055911632344
STA ISABEL INDUSTRIAL | IZTAPALAPA,50134.020000000004,520,1.4122210826101715,0.6776567526912548,-0.5262463539048465,0.11188707518277681,0.6937582212846065,-0.8482079779881987
STA MA AZTAHUACAN (PBLO) | IZTAPALAPA,2864.23,3503,1.9349633234761174,0.24060687594290386,-0.04825168745656258,-1.0054666449110183,-0.179928749965256,1.4836422168856072
STA MARTHA ACATITLA NTE (AMPL) I | IZTAPALAPA,48341.39,2089,1.513788080979881,0.692766910001386,0.1387190089582575,-0.5732221195925463,0.6595550271188328,-0.027410614904226756
STA MARTHA ACATITLA NTE (AMPL) II | IZTAPALAPA,44107.26,2476,1.7574564822208407,0.553994097193332,0.18380166061156605,-0.5899090599904104,0.30890799448903505,0.406114229359191
STUNAM CULHUACAN (U HAB) | COYOACAN,73023.84,1119,1.9982304409080651,0.0129817324618718,-0.7612630340099006,0.08139886438560133,-1.048695244697678,-0.012769213739563207
TABACALERA | CUAUHTEMOC,378210.14,1393,3.4743882593946314,0.8473538909307299,3.2933384787895443,1.2235214592613397,-1.634183307347749,-1.7657168292186918
TABLAS DE SAN AGUSTIN | GUSTAVO A. MADERO,72213.43,1468,2.892907593504422,0.9219315729808891,1.0058776352274175,1.0428914776592955,0.6118334427306578,0.12401584344888517
TACUBA | MIGUEL HIDALGO,366210.7,4195,2.8769340164009405,1.2242012701799818,4.534702161579399,-0.5724862980373072,-0.6707318681524526,-0.869311750062163
TACUBAYA | MIGUEL HIDALGO,289235.62,3271,2.9017105500352964,1.2009983166904066,3.6140005489331974,-0.005934805860379033,-0.21592682141325265,-0.7323904655952157
TARANGO (U HAB) | ALVARO OBREGON,65781.39,641,2.0,-0.0,-1.0149275801762767,0.32596125837768497,-1.016715625428298,-0.18349106707473686
TECOLALCO | ALVARO OBREGON,345.39,302,1.0,-0.0,-2.064843373759848,-0.33572103614383303,-0.30367687240729413,-0.4243245618343006
TENORIOS (AMPL) | IZTAPALAPA,10.33,1346,2.0,-0.0,-1.2028881561876394,0.05034637785921832,-0.625447550940904,0.6348615913291108
TENORIOS INFONAVIT 1 Y 2 (U HAB) | TLALPAN,27174.91,588,1.0,-0.0,-1.7649327023952177,-0.5101882248715007,-0.4807698398188913,-0.4800524295966339
TENORIOS | IZTAPALAPA,1254.3,3385,1.8626405166228175,0.4001410729780033,0.0767843956040061,-0.9535524631490339,0.19317563887489012,1.305096371828259
TEPALCATES I | IZTAPALAPA,206164.66,3383,1.2900756123770194,0.6022193708260215,1.5270575943701665,-1.6405191340030787,-0.4970111417955165,-0.6138156518937571
TEPALCATES II | IZTAPALAPA,102243.6,2035,1.650291754202708,0.6472658446418765,0.49769523728667275,-0.5015630210631961,0.1865790607437337,-0.34240472769631825
TEPEACA (AMPL) | ALVARO OBREGON,1470.1200000000001,326,1.0,-0.0,-2.047596274805027,-0.3490423610012476,-0.31146699070780637,-0.42083759100096846
TEPEACA | ALVARO OBREGON,552.96,357,3.0,-0.0,-1.1259986753944755,1.4522546610060862,-0.890750312155837,0.7020100174483975
TEPEPAN (AMPL) | XOCHIMILCO,43317.83,1796,3.1261293559718943,1.0842635798814977,1.2564018953592446,1.182061069689592,1.0592776135884423,0.5259997995831044
TEPETATAL | GUSTAVO A. MADERO,6025.1,886,1.2136844201755987,0.5187975134856411,-0.9992863044751626,-0.2562026661742459,0.6805466478969788,-0.36769405125981053
TEPETONGO | CUAJIMALPA DE MORELOS,22718.61,1080,2.9292791240309155,1.0203224310120007,0.6564452836147262,1.3628856267578349,1.132286013518281,0.25706865416905045
TEPETONGO | TLALPAN,135.59,517,1.5281362932369642,0.6915630418904204,-0.8070184262701496,0.28210683722254887,1.0032599571337015,-0.43170236520978356
TEPEYAC INSURGENTES | GUSTAVO A. MADERO,205843.75,2640,3.175072160315773,1.1369181847949243,2.8208834464412376,0.632738987795352,0.11094004190726366,-0.24617597405898609
TEPOPOTLA | ALVARO OBREGON,3842.96,133,1.0,-0.0,-2.1060310102775066,-0.25528578667403407,-0.3204746346145174,-0.5316038845320962
TESMIC (RDCIAL) | XOCHIMILCO,8683.890000000001,287,3.6737855960865464,0.3438689434345963,-0.3232098579755912,2.211595761029089,-0.4072687499491147,0.779291682203449
TETELPAN (PBLO) | ALVARO OBREGON,51395.310000000005,1297,1.6214002795196683,0.7720046874811451,0.008214919750315837,-0.054811687338682094,0.8011244537564158,-0.4205612430352402
TETELPAN | ALVARO OBREGON,39468.82,2229,2.3161936434887083,0.875591050242907,0.7451768665449896,0.16055665054908022,0.8642954798362931,0.43976352616068987
TETENCO (PJE) | TLALPAN,5561.87,176,1.0,-0.0,-2.077212343096194,-0.2788062959997804,-0.33257286887194504,-0.5232100665664473
TEXCOCO EL SALADO | IZTAPALAPA,6681.33,139,1.0,-0.0,-2.083743248263693,-0.26161039094151733,-0.33847032801498567,-0.549260114662937
TEZONTITLA-ZOMPANTITLA | TLAHUAC,1456.06,244,1.637556144664368,0.625944969780706,-0.9424702581947388,0.4931408263594761,0.8322008195519998,-0.4750601512985304
TEZOZOMOC | AZCAPOTZALCO,94614.62000000001,2482,1.6080831905259458,0.8709203021867391,0.9006821643199545,-0.6750880811206618,0.7074013456491419,-0.22427598843616844
TIERRA BLANCA | TLAHUAC,59.099999999999994,844,1.0,-0.0,-1.8559116246739082,-0.6064840754362839,-0.3184030801846882,-0.1594673157566461
TIERRA NUEVA | AZCAPOTZALCO,41493.829999999994,915,2.0007552930158536,0.006184359638377064,-1.070323550200334,0.22023288272011876,-0.8597539120332515,0.1221329531108432
TIERRA NUEVA | XOCHIMILCO,21871.870000000003,526,3.2741471122496613,0.5873401620764379,0.00821615213138386,1.8002744082268942,0.13565977058018822,0.4373752008982058
TIERRA UNIDA | LA MAGDALENA CONTRERAS,3817.18,999,1.0190402338899398,0.09427999998257547,-1.6331523157037948,-0.6376381414366864,-0.15235881922030195,-0.1561292493293045
TIERRA Y LIBERTAD | TLAHUAC,1644.47,492,2.37555565014868,0.6208671416667642,-0.5134849149290949,1.0370750400891167,0.597160335425085,0.05311304559426441
TIZAMPAMPANO | ALVARO OBREGON,19323.81,103,3.0,-0.0,-1.0929030332026275,1.5573214656500272,-1.0008075038073572,0.44285756846016466
TIZAPAN_TIZAPAN SAN ANGEL | ALVARO OBREGON,374439.24,3230,2.9405909754543886,1.267443907845134,4.30451129629928,-0.026294556730890546,-0.6198513299879002,-1.3870094178072274
TLACAMACA | GUSTAVO A. MADERO,39677.9,433,1.3346800107868613,0.6859460682610095,-0.6579295525105386,0.10019378535700697,0.8022525854900892,-0.8621643181188867
TLACOPAC | ALVARO OBREGON,144822.07,798,3.1821578713796863,0.5858415268281955,0.9342137506250973,1.4362136426141539,-0.6205443665908904,-0.3713506418444076
TLACOQUEMECATL DEL VALLE | BENITO JUAREZ,286374.5,2987,3.868037482387573,0.3806361623652096,2.818279530936711,0.7253657476444186,-2.2110518372810084,0.16184241875720637
TLACOTAL RAMOS MILLAN | IZTACALCO,57394.68,2166,1.780508054056578,0.526264181985179,0.12967277566270632,-0.4393334620019112,0.1694387212321565,0.18842884568926827
TLACUITLAPA 2DO REACOMODO (AMPL) | ALVARO OBREGON,8591.5,998,1.0,-0.0,-1.7359961361378455,-0.6935027899736033,-0.3766446300038532,-0.14662312369186684
TLACUITLAPA | ALVARO OBREGON,3976.4300000000003,647,1.600676989158617,0.6727362165254565,-0.7216202862149759,0.2717557083130625,0.9140865380944964,-0.3455657233855894
TLALCOLIGIA | TLALPAN,35300.729999999996,2148,1.653669768302242,0.6451452621752893,0.0697771679091512,-0.47738493071659466,0.5977651065037768,0.20051176691864345
TLALMILLE | TLALPAN,108.2,944,1.0,-0.0,-1.8166468681059846,-0.6565596975657902,-0.3217597194039382,-0.11133912888576993
TLALPAN CENTRO | TLALPAN,432403.17,2693,2.9044099977342905,1.1771685583994023,4.364516461214892,0.10951795422827106,-1.1481021597173713,-2.034536296836241
TLALPEXCO | GUSTAVO A. MADERO,937.49,3438,1.00867209250232,0.04980639879790975,-0.7689425505193117,-1.8794184370936198,-0.29991512182376706,1.067525906755909
TLAPECHICO | ALVARO OBREGON,8307.64,784,2.0,-0.0,-1.3632896161029675,0.3217327448964651,-0.6603864706389673,0.3022641168794138
TLATILCO (U HAB) | AZCAPOTZALCO,40025.409999999996,703,2.04614393706398,0.1870008167473659,-0.8982313867268711,0.4334239565369148,-0.4739216210525151,-0.05063318147938602
TLATILCO | AZCAPOTZALCO,57706.31,1262,1.7039370564501528,0.6074914437424549,-0.14536631228798993,-0.028198399369273146,0.3896410176025439,-0.3417253943308439
TLAXPANA | MIGUEL HIDALGO,186861.56,2901,2.0542922792681386,1.185971951435605,2.341952592431635,-0.47567369920320646,0.6534459817967012,-0.6278352572308968
TLAZINTLA | IZTACALCO,36272.049999999996,754,1.9175048005282305,0.284821613771695,-0.8316057413080536,0.3302689371339022,-0.20692994996916067,-0.12667295370765388
TOLTECA | ALVARO OBREGON,32977.399999999994,417,1.1913528659021029,0.4881786985286562,-1.0439243913388074,-0.08432665004619008,0.4672959681198144,-0.7847770898590727
TORIELLO GUERRA | TLALPAN,266648.06,2450,2.441307429725909,1.1139061562519883,2.8072383087009256,-0.017756593186252743,-0.09935964284622159,-1.169410038570747
TORRE BLANCA (AMPL) | MIGUEL HIDALGO,49986.53,795,1.8849924169571284,0.9075361858778034,0.1066511724100387,0.48537596276683986,1.0356735757686677,-0.5877733947976539
TORRE BLANCA | MIGUEL HIDALGO,107650.05,2049,2.319975234567935,1.055287151517251,1.3987636902465934,0.23801593937593785,0.8218269108109589,-0.2443846676346954
TORRES DE MIXCOAC (U HAB) | ALVARO OBREGON,47522.31,650,2.0,-0.0,-1.1397787162784259,0.34283962766612114,-0.9024013235051409,-0.04683227094499427
TORRES DE PADIERNA | TLALPAN,263.39,635,2.0,-0.0,-1.4778276286526641,0.4056789662361778,-0.6053608331147836,0.2883072555735527
TORRES DE POTRERO | ALVARO OBREGON,10369.919999999998,3490,1.8141567148059004,1.0346544330805383,1.0162375994748334,-0.8353810432649054,1.4923722086538243,0.8926614702333618
TORRES DE QUIROGA (U HAB) | GUSTAVO A. MADERO,189960.71,5785,2.0,-0.0,1.8600269015880353,-2.392375922438354,-1.9528438024258066,1.4107877369168076
TORRES LINDAVISTA (FRACC) | GUSTAVO A. MADERO,84898.26,1105,3.617936692695469,0.4509119513604537,0.6498586676242971,1.7005249387770154,-0.6672163331284922,0.5304124270883691
TORRES SAN ANTONIO (U HAB) | ALVARO OBREGON,239414.61000000002,3304,3.0,-0.0,1.700062217156252,-0.3014685394159836,-2.479615797320884,0.40017166577605473
TORRES SAN PEDRO (U HAB) | ALVARO OBREGON,131560.76,1270,2.0,-0.0,-0.3077210768495664,-0.0656754422838095,-1.4487028666995676,-0.3551281963703213
TORRES TOREO | MIGUEL HIDALGO,118154.08,3318,1.9088197377526024,0.6889844812124262,1.2836092396646481,-0.9123986785184852,0.06057660210573107,0.2823408516553407
TRABAJADORES DEL HIERRO | AZCAPOTZALCO,53696.5,932,2.0040449563751825,0.014566736887644581,-0.9651029795788885,0.20340540883870525,-0.9200390022512973,0.03887672135050325
TRANSITO | CUAUHTEMOC,307092.65,3662,1.9716540920142502,1.1972738058941714,3.46071859737902,-1.068102990134692,-0.07618931702599295,-1.1821013191819982
TRES ESTRELLAS | GUSTAVO A. MADERO,70019.89,1400,2.707508395114588,1.029343512615115,1.0241081826659146,0.9493079642843703,0.9095778675194365,-0.05787463990501868
TRES FUENTES (U HAB) | TLALPAN,32129.29,445,4.0,-0.0,-0.41179078495588467,2.279129572503835,-1.3836438999645988,1.0664773550780695
TRES MOSQUETEROS | VENUSTIANO CARRANZA,1148.0900000000001,67,2.1735404018848694,0.4614557964249858,-0.9901391301934864,1.010207527295517,0.3342080210926808,-0.16746622730637364
TULA (BARR) | IZTAPALAPA,11796.380000000001,257,2.0,-0.0,-1.543871504646497,0.5812432381153084,-0.6662151814562826,0.021476271884287895
UN HOGAR PARA CADA TRABAJADOR | AZCAPOTZALCO,37615.14,509,2.0,-0.0,-1.264298729881107,0.4249657369739805,-0.8359284228949574,-0.04341272443250983
UN HOGAR PARA NOSOTROS | MIGUEL HIDALGO,22553.07,282,3.2499664125549206,0.7196776328734381,0.08564709588336403,1.94657484564964,0.42649813141288667,0.22353056345772193
UNIDADES HABITACIONALES DE SANTA ANA PONIENTE I | TLAHUAC,49815.369999999995,4072,1.016106274027474,0.08247136549371809,-0.13109196994391709,-2.235413764891172,-0.5588931225740799,1.005786317309464
UNIDADES HABITACIONALES DE SANTA ANA PONIENTE II | TLAHUAC,8971.8,3923,1.4233297666020197,0.6813440193762278,0.5189002783279807,-1.530637129845942,0.8529141570303568,1.1039018895937351
UNIDADES HABITACIONALES DE TENORIOS | TLALPAN,33864.38,477,2.0,-0.0,-1.303119319149376,0.44536339462212743,-0.8114142251395634,-0.03175164264614401
UNION POPULAR EMILIANO ZAPATA (U HAB) | ALVARO OBREGON,66175.48999999999,757,2.0,-0.0,-0.9670104774649262,0.267478766596066,-1.0227251444544792,-0.13010513012361483
USCOVI (U HAB) | IZTAPALAPA,0.0,320,0.0,-0.0,-2.5182556881356133,-1.252184232580696,-0.010010978308750987,-0.9636811226639835
VALENTIN GOMEZ FARIAS | ALVARO OBREGON,2386.67,373,1.6092337859863324,0.6690895901445688,-0.8404400778018924,0.4171399917185086,0.922184879113528,-0.4600520409670952
VALENTIN GOMEZ FARIAS | VENUSTIANO CARRANZA,98343.38,1612,2.5141051690515415,0.8776260381875816,1.01229620439283,0.5806305099949153,0.46014073152962504,-0.17817625448825816
VALLE DE LUCES (U HAB) | IZTAPALAPA,840.07,1360,2.0,-0.0,-1.1916066772185907,0.04237227694360764,-0.6310815477416036,0.6356375034601774
VALLE DE LUCES I | IZTAPALAPA,2171.54,2207,1.8233788002984057,0.4662311876217301,-0.30398796570442216,-0.3775818376402264,0.37493678228360977,0.6670913886536884
VALLE DE MADERO | GUSTAVO A. MADERO,18215.4,1090,1.2513076847063473,0.5637672282866069,-0.7562487305814666,-0.3223833836302722,0.68219256718965,-0.36266174101178034
VALLE DE SAN LORENZO I | IZTAPALAPA,1015.66,2343,1.379398617647638,0.6637689532125248,-0.19580758490914432,-0.7771608777163628,0.9265740655525541,0.3815787010112883
VALLE DE SAN LORENZO II | IZTAPALAPA,616.4399999999999,2105,1.6865388358964375,0.6218420626476739,-0.20718474976724807,-0.3937011609361714,0.7577322068075307,0.4626749549499555
VALLE DE TEPEPAN | TLALPAN,977.69,803,3.2745246448260694,0.5531745892409079,-0.07681123661031122,1.6743967363766794,0.18578504216580474,0.7432264694246715
VALLE DEL SUR | IZTAPALAPA,85228.05,1851,1.917273245134671,0.2853790577656595,-0.059870331557273185,-0.27576593279934025,-0.5463559615299387,0.05003454742798901
VALLE DEL TEPEYAC | GUSTAVO A. MADERO,39018.8,731,3.5847601668939073,0.6787089866971966,0.47416019343308063,1.9921084616705014,0.1248293131060432,0.5301833018380658
VALLE ESCONDIDO | TLALPAN,79268.83,635,1.4353696150176558,0.580943993552983,-0.3966617635899065,0.0069146603574674285,0.29557719444061603,-0.9343137242901739
VALLE GOMEZ | CUAUHTEMOC,141949.05999999997,2454,1.0652762336009836,0.24353279965445104,0.12683407133704636,-1.4321528908816297,-0.7606120523894934,-0.5132330465057605
VALLE GOMEZ | VENUSTIANO CARRANZA,148200.0,3039,1.4840211201079623,0.7583056296864898,1.285277384382996,-1.169066059085323,0.15157472066955902,-0.34500235008467034
VALLE VERDE | TLALPAN,0.0,220,0.0,-0.0,-2.5571752916886688,-1.2021661028356583,-0.006962476386364948,-1.0121650611042707
VALLEJO I | GUSTAVO A. MADERO,190857.24,3195,1.8897088211062887,0.8583110021337896,1.9666821235827363,-0.8932111565059102,-0.027310269572225418,-0.4134826248462198
VALLEJO II | GUSTAVO A. MADERO,177557.1,2856,2.3765404481150005,1.1739568767056223,2.390395974118317,-0.15398088237521232,0.5936210626587481,-0.3977949738839688
VALLEJO PONIENTE | GUSTAVO A. MADERO,30473.670000000002,717,2.678239936312233,0.9318154516902422,0.33520738642775433,1.2760233981525024,0.98032545593109,-0.06164115736667878
VASCO DE QUIROGA | GUSTAVO A. MADERO,83916.51000000001,2708,1.847576716429222,0.7926502285887811,0.9174432504747785,-0.5859764840305414,0.5317398981666578,0.14038754474487355
VENTURA PEREZ DE ALBA | MIGUEL HIDALGO,45934.44,831,1.3296513465713309,0.5228856601450103,-0.6815142155481853,-0.1686891518269224,0.4065647853670258,-0.6220593113762065
VENUSTIANO CARRANZA (AMPL) | VENUSTIANO CARRANZA,10903.65,550,1.732231867310488,0.5810263161602259,-0.7742517533878059,0.3990204225359756,0.6406851881241548,-0.3167884443745996
VENUSTIANO CARRANZA | VENUSTIANO CARRANZA,35814.43,900,1.8029034665636168,0.49635092372440776,-0.5448814895575579,0.2288716263226566,0.27349445646915754,-0.23921708980726406
VERACRUZANA (AMPL) | IZTAPALAPA,248.03,330,1.0,-0.0,-2.0546302859366334,-0.349612111279941,-0.30391944994713715,-0.41004364210976013
VERGEL DE COYOACAN-VERGEL DEL SUR | TLALPAN,77958.15999999999,713,1.7404273010035127,0.8103780896777689,0.073975016429741,0.3278818305575948,0.6988338453405174,-0.8530454450389419
VERONICA ANZURES | MIGUEL HIDALGO,287471.51999999996,1386,3.8685427342506835,0.3621910435898116,2.1782152668977797,1.5187784212097037,-2.2083891491848004,-0.6112823685750884
VERTIZ NARVARTE | BENITO JUAREZ,202262.75999999998,2859,3.7134745911704163,0.41084231595115644,2.14718694771076,0.758284604178985,-1.570099126203283,0.6064675675398754
VIADUCTO  - BALBUENA )CONJ HAB) | VENUSTIANO CARRANZA,149058.81,2021,1.0,-0.0,-0.3504205767819089,-1.3696648477299027,-1.2893627232268088,-0.6683812314814297
VIADUCTO PIEDAD | IZTACALCO,239839.05,3729,2.9931672511211165,1.0386455849735012,3.26769375680932,-0.1518160476336451,-0.29085870099110295,-0.007253124941624037
VICENTE GUERRERO SUPER MANZANA 1 (U HAB) | IZTAPALAPA,716.12,954,1.0,-0.0,-1.8084814775918487,-0.6622733388573253,-0.3258796984252912,-0.11089538868891825
VICENTE GUERRERO SUPER MANZANA 2 (U HAB) | IZTAPALAPA,837.13,1001,1.0,-0.0,-1.789338612876512,-0.6859235533903354,-0.3280719178378452,-0.0889847094634177
VICENTE GUERRERO SUPER MANZANA 3 (U HAB) | IZTAPALAPA,1889.3799999999999,1092,1.4251130000317564,0.6818887403536624,-0.6311480483886832,-0.10451847844183901,0.9842987090713908,-0.2166994241850685
VICENTE GUERRERO SUPER MANZANA 4 (U HAB) | IZTAPALAPA,816.0999999999999,1564,1.0,-0.0,-1.5703690772129864,-0.9675009993162946,-0.34510300550704875,0.1841322357579397
VICENTE GUERRERO SUPER MANZANA 5 (U HAB) | IZTAPALAPA,7324.77,2124,1.068399417319588,0.24947892007680253,-0.9384958039878116,-1.1045107011751936,0.10600708181612313,0.30043006522059057
VICENTE GUERRERO SUPER MANZANA 6 (U HAB) | IZTAPALAPA,29677.2,1858,1.899093243297885,0.32707076589854417,-0.3996803523937857,-0.21591732768914249,-0.10423439281923845,0.4215586652288057
VICENTE GUERRERO SUPER MANZANA 7 (U HAB) | IZTAPALAPA,948.5999999999999,1183,1.0,-0.0,-1.717721345681492,-0.7770870724610641,-0.33431974458468194,-0.0015515917555013088
VICTORIA DE LAS DEMOCRACIAS | AZCAPOTZALCO,49112.299999999996,1179,1.815126353276063,0.4965809591981605,-0.3369086319980022,0.08492867728261248,0.17845369512213957,-0.19370055174968173
VIEJO EJIDO SANTA URSULA COAPA | COYOACAN,84918.56,2529,2.1747093921517275,1.127291278586186,1.4564736320376408,-0.08175984765480127,1.1449549102843735,0.03100110898394194
VILLA CENTROAMERICANA (U HAB) | TLAHUAC,57936.729999999996,2244,1.0,-0.0,-0.9041809939145106,-1.3745082168382903,-0.724305252863674,0.09995837828732189
VILLA COAPA (RDCIAL) | TLALPAN,46704.48,701,3.936925965132253,0.2344131694345498,0.07791610728536909,2.1600182435730524,-0.9674390204816183,0.9133504729535019
VILLA COYOACAN | COYOACAN,126456.82,917,3.210949002196956,0.783548050036777,1.1315552700331808,1.4945607230331004,-0.09810147628765803,-0.28021319540683254
VILLA DE ARAGON (FRACC) | GUSTAVO A. MADERO,60887.42999999999,1322,2.828541786046808,0.7355562586600553,0.5883168635293442,1.0045433944578441,0.310963865680477,0.20870901357391922
VILLA DE ARAGON | GUSTAVO A. MADERO,6616.129999999999,174,2.0,-0.0,-1.612589824582704,0.6288239665500075,-0.6311751848998199,0.018767842641615722
VILLA DE CORTES | BENITO JUAREZ,68246.63,887,2.0850491811830123,0.1758860657233296,-0.6254244439243729,0.33971837943895133,-0.6915692996748034,-0.1379856492538963
VILLA DEL PUENTE FOVISSSTE  (U HAB) | TLALPAN,10024.92,217,4.0,-0.0,-0.6559122050335996,2.419053452894402,-1.2379727286023348,1.116090071530824
VILLA GUSTAVO A MADERO | GUSTAVO A. MADERO,86879.67000000001,1065,2.4645563225550924,1.2287093527852297,1.1701570781086208,0.9473749340449785,1.3076792077496848,-0.5926626616136126
VILLA HERMOSA | GUSTAVO A. MADERO,18332.760000000002,352,1.6947568178495764,0.6152415998141737,-0.7700550079592305,0.46748849396364195,0.6835940861297007,-0.5072313317814543
VILLA LAZARO CARDENAS | TLALPAN,82473.81999999999,1255,2.7383256892914627,1.2151745365036302,1.3202420213379673,1.101237251431221,1.22088363665732,-0.30998187330754934
VILLA MILPA ALTA (PBLO) | MILPA ALTA,38119.770000000004,5079,2.100567238469697,1.0271727346876078,1.950811660624991,-1.4052977126219675,1.1702717255425472,1.6240746444692746
VILLA OLIMPICA LIBERADOR MIGUEL HIDALGO (U HAB) | TLALPAN,58539.89,800,2.9865372141970203,0.639579521302135,0.31142775742012585,1.3777340430606664,0.09195490159490831,0.11567930238682592
VILLA PANAMERICANA 1ERA. SECCIN (U HAB) | COYOACAN,28891.879999999997,1103,3.0269719381362514,0.6300996216386641,0.22665974232095917,1.2942366446434121,0.23686985296635885,0.5051985425343387
VILLA PANAMERICANA 2DA. SECCIN (U HAB) | COYOACAN,15491.55,568,1.0,-0.0,-1.85484588843757,-0.4865042684742909,-0.40683877551001424,-0.4050980226615793
VILLA PANAMERICANA 3ERA. SECCIN (U HAB) | COYOACAN,19560.809999999998,810,2.730178862736257,1.0003141088150782,0.41096336103384484,1.313769080368436,1.1760546819681228,0.051106158746500936
VILLA PANAMERICANA 5TA. SECCIN (U HAB) | COYOACAN,75782.5,850,2.003438524725365,0.022938369291634515,-0.8307359090935602,0.2209823094785247,-1.0382159162435831,-0.16612663794615923
VILLA PANAMERICANA 7MA. SECCIN (U HAB) | COYOACAN,9240.76,633,4.0,-0.0,-0.49951897987689914,2.211896225175514,-1.245733336870157,1.323464847105747
VILLA PROGRESISTA | ALVARO OBREGON,24419.13,608,1.5113843122175115,0.692887953030202,-0.6067815411098563,0.19341823695625146,0.8557911532259032,-0.5735243967012394
VILLA QUIETUD (FRACC) | COYOACAN,44914.99,891,2.212356275711071,0.9174199752609657,0.27163746205655886,0.7440096763401589,0.9899268119767599,-0.3300140609507159
VILLA VERDUN | ALVARO OBREGON,30694.02,1134,3.8790539655607184,0.29818223593389287,0.19348654060688047,1.932297799139826,-0.7280424843856859,1.1701796287520074
VILLA XOCHIMILCO (U HAB) | XOCHIMILCO,13915.11,284,2.0,-0.0,-1.5184694021720737,0.5652574705842408,-0.6803348092560699,0.019215784088860526
VILLAS DE LOS TRABAJADORES (GDF) (U HAB) | TLAHUAC,56638.8,1236,1.0,-0.0,-1.3056145173339462,-0.8688056911962233,-0.6854309229011227,-0.3793556349487019
VISTA ALEGRE | CUAUHTEMOC,74522.36,1008,3.003399650789374,1.0440213372495948,1.0585269248923215,1.4139497095589653,0.8379810209874016,-0.1262133754066527
VISTA HERMOSA | GUSTAVO A. MADERO,676.27,575,1.0,-0.0,-1.956266904337817,-0.47265796578919134,-0.3140757891480014,-0.29436078421587514
VISTA HERMOSA | LA MAGDALENA CONTRERAS,0.0,433,0.0,-0.0,-2.4742765361206605,-1.3087047191925885,-0.013455785481047103,-0.9088942722264589
VISTAS DEL MAUREL (U HAB) | COYOACAN,56018.07000000001,573,1.0,-0.0,-1.5680149681354907,-0.5364586631289605,-0.6613238344982217,-0.6963066789528056
VISTAS DEL PEDREGAL | TLALPAN,0.0,675,0.0,-0.0,-2.3800910955222663,-1.4297485931755793,-0.02083316013322146,-0.7915631412009637
VIVEROS DE COACTETLAN | TLALPAN,0.0,1042,0.0,-0.0,-2.2372561504825526,-1.6133151293398673,-0.03202116218837815,-0.6136270871251094
XALPA I | IZTAPALAPA,346.42,1999,1.0,-0.0,-1.404370460983737,-1.1845299039691781,-0.35541641401014,0.3984404106844115
XALPA II | IZTAPALAPA,9195.02,3375,1.0126525010277303,0.06786228737237666,-0.7092129582983174,-1.8475487863024695,-0.31269253030920396,0.9687971202479424
XALPA III | IZTAPALAPA,5633.29,4182,1.3310960380168604,0.6349521183386309,0.4913536874412198,-1.7564891877070252,0.7945355889281553,1.2299779103083586
XALTOCAN (BARR) | XOCHIMILCO,118341.44,3000,2.988976304496548,1.1933081129149588,2.3367954938019513,0.4062123653860049,0.823024418810836,0.4269621626808081
XAXALIPAC | TLALPAN,0.0,428,0.0,-0.0,-2.4762225162983134,-1.3062038127053366,-0.013303360384927757,-0.9113184691484734
XOCHINAHUAC (U HAB) | AZCAPOTZALCO,154820.94,2175,1.0,-0.0,-0.2499789587651628,-1.4534397857311279,-1.3302188655228941,-0.6354651880889015
XOCO | BENITO JUAREZ,296176.01,2169,2.908561466541466,0.8344982021337473,2.742187484203569,0.41317617686978536,-1.005028993885895,-1.0991350789354088
XOTEPINGO | COYOACAN,35487.37,537,3.981531175739425,0.03747446926889873,-0.3102396941458084,2.225724681790094,-1.3226668770631207,1.0546952957140217
ZACAHUITZCO | BENITO JUAREZ,71006.18000000001,1074,2.339938861659647,0.4558377384061493,-0.03852141731747691,0.5737981051836737,-0.19540832857174478,-0.090488184598508
ZACAHUITZCO | IZTAPALAPA,123651.11000000002,1452,1.7620203328542703,0.6738063728332226,0.5082853466177301,-0.12416223662573228,0.09365201703476013,-0.7341585010207569
ZAPOTE-LUIS DONALDO COLOSIO (U HABS) | TLALPAN,6560.47,512,2.0,-0.0,-1.4814328317181331,0.45982786165983597,-0.6411298154515898,0.18304683628777893
ZAPOTLA | IZTACALCO,88038.44,1143,1.842591031826552,0.4353482719912593,-0.14738198779716793,0.06053982527356671,-0.20259892741722108,-0.44230615346643015
ZENON DELGADO | ALVARO OBREGON,8969.630000000001,529,2.0,-0.0,-1.4578810849124957,0.4485038355509044,-0.6567672471350691,0.17383365875618317
ZENTLAPATL | CUAJIMALPA DE MORELOS,1530.8600000000001,1055,1.2512443985733508,0.6038588071174671,-0.8330538512962721,-0.2711575217186292,0.8729969619852266,-0.282195358263154
ZONA ESCOLAR I | GUSTAVO A. MADERO,63307.020000000004,1889,1.4685789980321298,0.6911713201459173,0.14322243677658594,-0.5323199532978778,0.5815519302644182,-0.25677076390056586
ZONA ESCOLAR II | GUSTAVO A. MADERO,59279.46000000001,2066,1.2679388442472317,0.5811979735478495,-0.05657805093783661,-0.8373529516101159,0.4268368072522645,-0.18801000522118336
ZONA ESCOLAR ORIENTE | GUSTAVO A. MADERO,20914.769999999997,824,1.77703603721198,0.5306338338437968,-0.6447575111751706,0.27302504514273335,0.4495664644294493,-0.20237610094834807
ZOTOLTITLA | ALVARO OBREGON,666.11,180,1.0,-0.0,-2.1100707590369696,-0.2750744567051278,-0.3019704453542478,-0.48579872728830503
