colonia_alcaldia,consumo_total,tot_hog,nivel_promedio_ponderado,diversidad_shannon
10 DE ABRIL | MIGUEL HIDALGO,17694.87,108,3.7255611372109545,0.6288143728271732
10 DE MAYO | VENUSTIANO CARRANZA,46761.97,547,1.8966097878254484,0.33246880851497007
12 DE DICIEMBRE | IZTAPALAPA,18441.64,815,1.6790198702501513,0.6276060455452046
15 DE AGOSTO | GUSTAVO A. MADERO,43261.61,1079,2.234205107022138,0.5443077070695741
16 DE SEPTIEMBRE | MIGUEL HIDALGO,51639.99999999999,691,2.730990898528273,0.7953616374931359
19 DE MAYO | ALVARO OBREGON,15121.25,337,1.0,-0.0
1A AMPLIACION SANTIAGO ACAHUALTEPEC | IZTAPALAPA,2239.98,1870,1.4499861605907194,0.6881360361627749
1RA VICTORIA SECCION BOSQUES | ALVARO OBREGON,21580.68,631,1.1880228055835125,0.48334327795539944
1RA VICTORIA | ALVARO OBREGON,12978.45,592,2.0,-0.0
2 DE OCTUBRE | TLALPAN,77.34,1594,1.0,-0.0
20 DE NOVIEMBRE (AMPL) | VENUSTIANO CARRANZA,30859.980000000003,241,1.3724406172654682,0.660241852804877
20 DE NOVIEMBRE | VENUSTIANO CARRANZA,99825.6,3591,1.9214396908207916,0.2752389884229009
24 DE ABRIL | VENUSTIANO CARRANZA,7710.539999999999,66,2.0341947515997583,0.6925624260532933
25 DE JULIO | GUSTAVO A. MADERO,44829.590000000004,958,1.4645773026253417,0.7144842583240996
2A AMPLIACION SANTIAGO ACAHUALTEPEC I | IZTAPALAPA,2135.67,2221,1.077273174226355,0.2720584702724912
2A AMPLIACION SANTIAGO ACAHUALTEPEC II | IZTAPALAPA,2903.96,3985,1.1328634003223184,0.39179388909805324
2DA  JALALPA TEPITO (AMPL) | ALVARO OBREGON,26733.19,1281,1.5500982112497612,0.688119086107782
2DA EL PIRUL (AMPL) | ALVARO OBREGON,7717.43,239,1.0,-0.0
5 DE MAYO | MIGUEL HIDALGO,34770.49,1037,2.779026122438885,0.5283631327265967
51 LEGISLATURA | GUSTAVO A. MADERO,723.77,170,1.0,-0.0
5TO TRAMO DE 20 DE NOVIEMBRE | VENUSTIANO CARRANZA,90172.82000000002,2277,1.9362793577931794,0.5519637671684764
6 DE JUNIO | GUSTAVO A. MADERO,44.06,710,1.718792555605992,0.5940900896123158
7 DE JULIO (AMPL) | VENUSTIANO CARRANZA,42364.369999999995,612,2.0,-0.0
7 DE JULIO | VENUSTIANO CARRANZA,28784.510000000002,295,2.5011730267425083,0.8941677326900133
7 DE NOVIEMBRE | GUSTAVO A. MADERO,53668.350000000006,1104,2.4879063731230793,1.1757037214016661
8A DE SAN MIGUEL (AMPL) | IZTAPALAPA,22287.75,529,1.3761344236183555,0.6621399864918152
AARON SAENZ | VENUSTIANO CARRANZA,6666.74,129,2.0,-0.0
ABDIAS GARCIA SOTO | CUAJIMALPA DE MORELOS,16087.22,694,2.0751086887603947,1.0757712845674068
ABRAHAM GONZALEZ | ALVARO OBREGON,495.63,75,1.0,-0.0
ACACIAS | BENITO JUAREZ,164893.59999999998,2708,3.8283678687347478,0.21922269627152238
ACTIPAN | BENITO JUAREZ,152248.83000000002,1835,3.7672464215324344,0.4251482068455889
ACUEDUCTO DE GUADALUPE (RDCIAL) | GUSTAVO A. MADERO,70547.8,1863,2.7858637689623205,0.7970890694379758
ACUEDUCTO DE GUADALUPE (U HAB) | GUSTAVO A. MADERO,201399.23,3879,1.9894447461392977,0.05853769895756942
ACUEDUCTO | ALVARO OBREGON,10493.16,889,1.8027839087557989,0.4965188023949726
ACULCO (PBLO) | IZTAPALAPA,65593.64,1616,1.42781205616886,0.6826884693797726
ADOLFO LOPEZ MATEOS | CUAJIMALPA DE MORELOS,11492.31,236,4.0,-0.0
ADOLFO LOPEZ MATEOS | VENUSTIANO CARRANZA,88415.04,1852,1.742080646007738,0.5708693570456334
ADOLFO RUIZ CORTINES I | COYOACAN,3431.92,2129,1.6068090165271918,0.6701540730768027
ADOLFO RUIZ CORTINES II | COYOACAN,4588.0,2191,1.25422406277245,0.5669283482463299
AERONAUTICA MILITAR | VENUSTIANO CARRANZA,76635.5,931,2.553074358489212,1.3839691419776972
AGRICOLA METROPOLITANA | TLAHUAC,38757.96,2542,1.9245685273425126,1.0157896642886106
AGRICOLA ORIENTAL I | IZTACALCO,351248.24,5267,1.5497646621659942,0.6881859272372901
AGRICOLA ORIENTAL II | IZTACALCO,182258.11000000002,3139,1.621437751110225,0.6633558889654279
AGRICOLA ORIENTAL III | IZTACALCO,172995.15000000002,3485,1.8848959060412966,0.4197121436440276
AGRICOLA ORIENTAL IV | IZTACALCO,182503.38999999998,2747,1.831609648456393,0.45332470607299696
AGRICOLA ORIENTAL V | IZTACALCO,213177.52,3279,1.8195916717672669,0.47201208982345966
AGRICOLA ORIENTAL VI | IZTACALCO,242464.1,3830,1.8527277646463949,0.4179481781040587
AGRICOLA ORIENTAL VII | IZTACALCO,156226.51,2695,1.7935617969062996,0.5091991601054081
AGRICOLA ORIENTAL VIII | IZTACALCO,142698.0,3090,1.8491506538283649,0.4241795399799131
AGRICULTURA | MIGUEL HIDALGO,116465.19,1584,2.2638474208473793,0.8653435694531695
AGUA BENDITA | CUAJIMALPA DE MORELOS,9758.5,924,1.0,-0.0
AGUILAS 3ER PARQUE | ALVARO OBREGON,12309.07,893,1.0760804837408513,0.2690905914900437
AGUILAS PILARES | ALVARO OBREGON,67168.51,672,3.8923179924640285,0.3416414023233232
AGUILERA | AZCAPOTZALCO,40529.42,608,2.002415529262447,0.009321986271172252
AHUATENCO | CUAJIMALPA DE MORELOS,30940.010000000002,1074,1.8317334092652202,0.678922784288891
AHUEHUETES ANAHUAC | MIGUEL HIDALGO,36899.34,595,2.2083918032138246,0.5118181204068104
AHUEHUETES | GUSTAVO A. MADERO,371.67999999999995,1086,1.0,-0.0
AJUSCO HUAYAMILPAS | COYOACAN,3745.62,724,1.7255861512913748,0.7969037691842327
AJUSCO I | COYOACAN,21206.37,3549,3.0332088895930798,0.9258633416595483
AJUSCO II | COYOACAN,7325.33,3389,2.0,-0.0
AJUSCO III | COYOACAN,9998.56,2415,1.523795426541422,0.6920143080466625
ALAMOS I | BENITO JUAREZ,331860.14999999997,4617,2.6802916529749052,0.8012298872733017
ALAMOS II | BENITO JUAREZ,284995.14,4194,3.141551150661727,0.8408087665661106
ALBERT | BENITO JUAREZ,92268.94,1505,2.3944458449398027,0.8367468900738093
ALCANTARILLA | ALVARO OBREGON,953.62,475,1.0,-0.0
ALDANA | AZCAPOTZALCO,49779.63,1114,2.0,-0.0
ALFALFAR | ALVARO OBREGON,26216.29,519,3.078839530688744,1.2317268466529798
ALFONSO XIII | ALVARO OBREGON,187635.08,3340,2.8567572758782633,1.0073659603841283
ALGARIN | CUAUHTEMOC,167220.13,2338,3.0578806510914682,1.0791381017522355
ALIANZA POPULAR REVOLUCIONARIA NORTE (U HAB) | COYOACAN,97903.29,1131,1.0,-0.0
ALIANZA POPULAR REVOLUCIONARIA ORIENTE (U HAB) | COYOACAN,23660.789999999997,1720,1.7473089444604344,0.565272305796519
ALIANZA POPULAR REVOLUCIONARIA PONIENTE (U HAB) | COYOACAN,20269.62,1709,1.848844230922928,0.4247086586629222
ALPES (AMPL) | ALVARO OBREGON,16569.01,920,2.0261113971202867,0.8499962593242494
ALPES | ALVARO OBREGON,178906.21,1590,3.838644449513519,0.34493820101216877
ALTILLO (COND ALTILLO UNIVERSIDAD) | COYOACAN,60012.29000000001,915,1.1537350099454629,0.20216489021497408
ALVARO OBREGON | IZTAPALAPA,2354.05,1289,1.0,-0.0
ALVARO OBREGON | VENUSTIANO CARRANZA,40542.22,854,2.634215146580528,0.9707251084254227
ALVARO OBREGON_(FRACC) | IZTAPALAPA,22701.699999999997,1694,1.4085742477435612,0.6763354191113808
AMADO NERVO | CUAJIMALPA DE MORELOS,3207.6800000000003,100,4.0,-0.0
AMERICA | MIGUEL HIDALGO,74881.15,1455,2.7509544124255574,1.2757118993052494
AMERICAS UNIDAS-DEL LAGO | BENITO JUAREZ,97005.72,1810,2.3081641989771327,0.6214807078356119
AMPL CARACOL | VENUSTIANO CARRANZA,16587.23,1565,1.8903174309393431,0.3458511559548637
AMPLIACION CANDELARIA | COYOACAN,42017.74,1409,1.2847418733135099,0.6650012493412749
AMPLIACION MIGUEL HIDALGO 2A SECC | TLALPAN,4509.629999999999,5282,1.7143823329186654,1.0930100970797738
AMPLIACION MIGUEL HIDALGO 3A SECC | TLALPAN,1235.42,4674,2.1309676061582294,1.254022863889623
AMPLIACION MIGUEL HIDALGO 4A SECC | TLALPAN,304.75,3035,1.3035274815422477,0.4257563144031835
AMPLIACION PETROLERA | AZCAPOTZALCO,43939.93,964,1.4418955605982986,0.6863796484754207
AMPLIACION RAMOS MILLAN | IZTACALCO,63147.490000000005,2275,1.4903322364831917,0.7954966890706588
AMPLIACION SAN FRANCISCO CULHUACAN (EJ) | COYOACAN,50864.57,1092,1.7692262020498748,0.5402096410916972
AMSA | TLALPAN,21967.21,193,1.8912902457799603,1.0426080590497158
ANAHUAC DOS LAGOS | MIGUEL HIDALGO,27071.460000000003,387,2.98771880053754,1.0429513960831647
ANAHUAC I | MIGUEL HIDALGO,450851.13000000006,6765,2.487571429620238,1.0583383929175687
ANAHUAC II | MIGUEL HIDALGO,441713.9,6412,2.4227879176996696,1.2655130784919058
ANAHUAC LAGO NORTE | MIGUEL HIDALGO,26433.43,366,1.8927827376167223,1.0674456224526452
ANAHUAC LAGO SUR | MIGUEL HIDALGO,40215.21000000001,578,2.140024383809011,1.1897791294276148
ANAHUAC LOS MANZANOS | MIGUEL HIDALGO,227595.56,3298,2.7395183807627883,1.3423447532423527
ANAHUAC MARIANO ESCOBEDO | MIGUEL HIDALGO,54191.67,942,3.572976621683738,0.6922581196199364
ANAHUAC PERALITOS | MIGUEL HIDALGO,25284.960000000003,413,2.4240473388132706,1.074972918204049
ANGEL ZIMBRON | AZCAPOTZALCO,77123.42,823,1.9553358759245896,0.6260508524182388
ANGEL ZIMBRON | MIGUEL HIDALGO,31759.600000000006,479,2.9785967077670996,0.5848025205749068
ANTORCHA POPULAR I (U HAB) | IZTAPALAPA,31665.04,206,2.0,-0.0
ANZURES | MIGUEL HIDALGO,487373.22,2539,3.9361665993876316,0.1746159216869433
AO DE JUAREZ | IZTAPALAPA,2019.83,937,2.0,-0.0
APATLACO | IZTAPALAPA,81225.07,2682,1.8717421850175076,0.38306141482588396
AQUILES SERDAN | VENUSTIANO CARRANZA,97425.19,2551,1.9472461896148212,0.20654519521815695
ARAGON INGUARAN | GUSTAVO A. MADERO,65074.44,892,3.08638875724478,0.7906541451488013
ARAGON LA VILLA (ARAGON) | GUSTAVO A. MADERO,96219.29000000001,1315,2.664665058326662,1.360131651656506
ARBOLEDAS DE CUAUTEPEC | GUSTAVO A. MADERO,1097.72,2081,1.248241810297708,0.560395319587358
ARBOLEDAS DEL SUR | TLALPAN,65498.119999999995,1492,2.9656845112500942,1.127523306349642
ARBOLEDAS POLITOCO | ALVARO OBREGON,1511.6100000000001,145,1.5136642387917518,0.692773711220998
ARBOLEDAS | IZTAPALAPA,187.67000000000002,619,1.0,-0.0
ARCOS DE CENTENARIO | ALVARO OBREGON,1874.63,54,1.0,-0.0
ARENAL GUADALUPE TLALPAN | TLALPAN,24566.92,620,2.200979609979599,1.0180907921349571
ARENAL PUERTA TEPEPAN | TLALPAN,45992.81,259,1.8082902523242221,0.848159110359343
ARENAL | AZCAPOTZALCO,91392.36,1351,1.7481555351016214,0.6677744277237738
ARGENTINA ANTIGUA | MIGUEL HIDALGO,99083.33,2167,2.2829372004352293,0.658656414195964
ARROYO GUADALUPE (U HAB) | GUSTAVO A. MADERO,23937.079999999998,622,1.6314604788888203,0.7780209028364753
ARTES GRAFICAS | VENUSTIANO CARRANZA,138746.39,3185,1.6768486733240409,0.6292220590704614
ARTURO MARTINEZ | ALVARO OBREGON,12878.75,441,1.7056562166359313,0.6059953514998744
ARVIDE | ALVARO OBREGON,16666.01,155,2.1584872443974294,0.4048910909753586
ASTURIAS (AMPL) | CUAUHTEMOC,124955.35,1941,2.99128704773345,1.1255565809061756
ASTURIAS | CUAUHTEMOC,84549.05,1566,2.7498875504810525,0.7542468612059907
ATACAXCO | LA MAGDALENA CONTRERAS,0.0,405,0.0,-0.0
ATENOR SALAS | BENITO JUAREZ,36818.990000000005,811,2.9402077569210885,0.691358557748634
ATLAMAYA | ALVARO OBREGON,72109.43,463,3.415091479713541,0.49334909416315254
ATLAMPA | CUAUHTEMOC,285589.99,4074,1.2861356940416573,0.6574762057093247
ATLANTIDA | COYOACAN,29852.510000000002,375,3.0556562915480137,0.622872936766583
AVANTE | COYOACAN,119771.09,3069,1.4316157596962673,0.5973674841450868
AVE REAL | ALVARO OBREGON,3338.38,279,2.0050922902725277,0.6931342147937983
AVIACION CIVIL (AMPL) | VENUSTIANO CARRANZA,15013.14,668,2.2236574094426618,0.5314981989917243
AVIACION CIVIL | VENUSTIANO CARRANZA,105063.47999999998,1871,2.4232971342658747,0.7728968685022037
AXOTLA | ALVARO OBREGON,115731.67000000001,846,3.933095841440809,0.24555632877962386
AZTECA | VENUSTIANO CARRANZA,12201.74,502,1.686957761761847,0.6215132222307099
BALCONES DE CEHUAYO | ALVARO OBREGON,1317.66,376,2.0,-0.0
BANJIDAL | IZTAPALAPA,74332.2,1221,1.9949811790852416,0.031578655229737386
BARRANCA SECA | LA MAGDALENA CONTRERAS,5706.16,1403,1.7992310064912307,0.5014666287038629
BARRIO 18 | XOCHIMILCO,1854.87,1849,2.828122725581847,0.6690271732929052
BARRIO NORTE | ALVARO OBREGON,48061.04,3558,1.0,-0.0
BARROS SIERRA | LA MAGDALENA CONTRERAS,1780.35,1272,2.0,-0.0
BATAN VIEJO (EL MAESTRO) | LA MAGDALENA CONTRERAS,8276.560000000001,367,3.3042423422291383,0.6144160927867105
BEJERO | ALVARO OBREGON,10685.89,513,2.628878829933679,0.47972135131690735
BELEM (BARR) | XOCHIMILCO,15722.57,386,2.0,-0.0
BELEN DE LAS FLORES (U HAB) | ALVARO OBREGON,122976.07,1229,1.0,-0.0
BELEN DE LAS FLORES SECCION RELLENO | ALVARO OBREGON,14057.27,193,2.0,-0.0
BELEN DE LAS FLORES | ALVARO OBREGON,17473.11,633,1.101081032512243,0.32745177288247673
BELEN DE LAS FLORES_ | ALVARO OBREGON,26.68,633,1.0,-0.0
BELISARIO DOMINGUEZ | GUSTAVO A. MADERO,21158.86,347,2.8169131040141107,1.197790500636977
BELISARIO DOMINGUEZ | TLALPAN,228562.63,259,1.1352319055831657,0.24450131134457376
BELLA VISTA | ALVARO OBREGON,237477.41999999998,2932,1.6117780376761717,0.7562566990845311
BELLAVISTA (U HAB) | IZTAPALAPA,18608.629999999997,1322,1.286381103821184,0.598879498960548
BELVEDERE | TLALPAN,632.51,1020,1.0,-0.0
BENITO JUAREZ (AMPL) | GUSTAVO A. MADERO,5177.35,751,1.2424174529440735,0.5538504932004593
BENITO JUAREZ | GUSTAVO A. MADERO,14473.599999999999,1801,1.8388707716117623,0.44153766273422423
BENITO JUAREZ | IZTAPALAPA,10246.33,363,1.374070520859664,0.6610865927320039
BONANZA | ALVARO OBREGON,12850.54,497,2.0,-0.0
BONDOJITO | GUSTAVO A. MADERO,85141.96,1685,2.041362214353534,0.8912062534943175
"BOSQUE DE CHAPULTEPEC I, II Y III SECCIONES | MIGUEL HIDALGO",232516.7,1584,1.0,-0.0
BOSQUE RESIDENCIAL DEL SUR (FRACC) | XOCHIMILCO,24584.2,1179,2.1991775205213107,0.6729003481628856
BOSQUES DE CHAPULTEPEC (POLANCO) | MIGUEL HIDALGO,256250.54,1584,3.9933336335603427,0.015795245828206884
BOSQUES DE LAS LOMAS | CUAJIMALPA DE MORELOS,287134.66,4021,3.907028639454394,0.18264778473761
BOSQUES DE LAS LOMAS | MIGUEL HIDALGO,324189.8,1953,3.998399548659458,0.004553718907008791
BOSQUES DE TARANGO | ALVARO OBREGON,20556.84,1706,3.894995534333098,0.1517194162166994
BOSQUES DE TETLAMEYA | COYOACAN,64025.689999999995,290,2.0093526520370184,0.9617732073308961
BOSQUES DEL PEDREGAL | TLALPAN,7.24,1587,2.0,-0.0
BUENAVISTA I | CUAUHTEMOC,197930.49999999997,2700,1.6692175788976433,0.6556274363866247
BUENAVISTA I | IZTAPALAPA,853.26,3174,1.5284204111290816,0.6915308700146776
BUENAVISTA II | CUAUHTEMOC,297501.44,3107,1.9616163538569762,0.9703909418852391
BUENAVISTA II | IZTAPALAPA,4.34,3777,1.0,-0.0
C T M ARAGON (U) | GUSTAVO A. MADERO,19478.859999999997,1830,2.1289105214576214,0.38431039257889577
C T M ARAGON AMPLIACION (U) | GUSTAVO A. MADERO,822.9399999999999,102,3.0,-0.0
CABEZA DE JUAREZ I (U HAB) | IZTAPALAPA,36324.55,281,2.0,-0.0
CACAMA | IZTAPALAPA,91621.11,597,1.8816770501907256,1.02268167769894
CAFETALES I (RDCIAL) | COYOACAN,37438.0,492,3.774626315508307,0.5336255995064156
CAFETALES II (RDCIAL) | COYOACAN,9507.42,469,3.690468076512871,0.3320086669774454
CALTONGO (BARR) | XOCHIMILCO,724.36,2258,1.0,-0.0
CALVARIO CAMISETAS | TLALPAN,12775.580000000002,195,2.689880224616025,0.6191964654896662
CALZADA JALALPA | ALVARO OBREGON,174.57,1327,1.0,-0.0
CAMINO A SAN JUAN DE ARAGON (PBLO) | GUSTAVO A. MADERO,45035.810000000005,1242,1.1240681582056586,0.24085930868469815
CAMPAMENTO 2 DE OCTUBRE I | IZTACALCO,18920.72,2259,1.5059659463276236,0.9060965817042732
CAMPAMENTO 2 DE OCTUBRE II | IZTACALCO,39484.119999999995,2344,1.909771067456993,1.0826690016518825
CAMPESTRE ARAGON I | GUSTAVO A. MADERO,85637.61,3264,1.775844047959769,0.5490735354988655
CAMPESTRE ARAGON II | GUSTAVO A. MADERO,169058.69999999998,3453,1.904932133040181,0.3141087995181956
CAMPESTRE CHURUBUSCO | COYOACAN,267869.01,4000,3.177758748576403,0.9885756052211323
CAMPESTRE COYOACAN (FRACC) | COYOACAN,38483.31,785,3.038717563535985,0.627191259258328
CAMPESTRE POTRERO | IZTAPALAPA,495.23,4015,1.2717727116693254,0.5850140582655539
CANAL ONCE (U HAB) | XOCHIMILCO,14840.740000000002,269,1.397783398941023,0.3912890884559154
CANANEA (U HAB) | IZTAPALAPA,768.1899999999999,1367,1.0,-0.0
CANDELARIA DELOS PATOS (U HAB) | VENUSTIANO CARRANZA,9795.52,599,2.0,-0.0
CANTERA PUENTE DE PIEDRA | TLALPAN,29001.750000000004,1337,2.327435413380227,1.2830885713376943
CANTIL DEL PEDREGAL | COYOACAN,17529.5,174,3.8647582646396073,0.41070842053228296
CANUTILLO 3RA SECCION | ALVARO OBREGON,64027.619999999995,1106,1.170917488421403,0.45733802899994735
CAPULTITLAN | GUSTAVO A. MADERO,87980.69,1182,2.1738292800386083,0.48792470812043504
CARACOL | VENUSTIANO CARRANZA,70102.81,1519,1.8806470097275703,0.3656338843797903
CARLOS HANK GONZALEZ | IZTAPALAPA,34099.17,3150,1.1199398695041551,0.36680516833681964
CARLOS ZAPATA VELA | IZTACALCO,77345.01,2204,1.2376940671415002,0.548407318408106
CARMEN SERDAN ( U HAB) | IZTAPALAPA,35.88,435,1.0,-0.0
CARMEN SERDAN | COYOACAN,22205.77,2218,1.6145735995644375,0.6666582336691691
CAROLA | ALVARO OBREGON,15321.11,129,1.0,-0.0
CASA BLANCA | IZTAPALAPA,30634.770000000004,1227,1.7546085705882564,0.557215240673768
CASAS ALEMAN (AMPL) I | GUSTAVO A. MADERO,146530.6,3188,1.7188879319404957,0.5940005583106457
CASAS ALEMAN (AMPL) II | GUSTAVO A. MADERO,146027.12,3146,1.7989723415760033,0.501823764588449
CASTILLO CHICO | GUSTAVO A. MADERO,5686.25,1183,1.4034627390635306,0.6743907303268584
CASTILLO GRANDE | GUSTAVO A. MADERO,4639.2,1108,1.8495602690118986,0.42347108796371813
CENTRO DE AZCAPOTZALCO | AZCAPOTZALCO,130119.51000000001,1143,1.7922180155766032,0.5468813640779555
CENTRO I | CUAUHTEMOC,253129.26,2159,1.6607077348545165,1.0319204103242718
CENTRO I | VENUSTIANO CARRANZA,145214.93,2169,1.2685732796207665,0.6124599035680471
CENTRO II | CUAUHTEMOC,205393.59,2360,1.5686311826965973,0.9364467230196412
CENTRO II | VENUSTIANO CARRANZA,135601.77000000002,1070,2.101026557396706,1.1125798097326085
CENTRO III | CUAUHTEMOC,210062.15,1517,2.255032379702864,1.3267024851188594
CENTRO IV | CUAUHTEMOC,818160.9099999999,2472,2.382442752000948,1.347029370619186
CENTRO URBANO (U HAB) | COYOACAN,10304.630000000001,152,1.0,-0.0
CENTRO URBANO PRESIDENTE ALEMAN (U HAB) | BENITO JUAREZ,50731.649999999994,938,3.0,-0.0
CENTRO URBANO TLALPAN (U HAB) | COYOACAN,40295.32,215,1.0,-0.0
CENTRO V | CUAUHTEMOC,130786.76,863,2.047460155752769,1.2952270240776873
CENTRO VI | CUAUHTEMOC,357609.18,2623,1.9570341846369828,1.24959671811886
CENTRO VII | CUAUHTEMOC,256259.11,2233,2.3301550528291464,1.3363128716213775
CENTRO VIII | CUAUHTEMOC,658407.76,103831,2.777965739650456,1.2713357998692736
CERRO DE LA ESTRELLA I | IZTAPALAPA,89288.09,3358,1.479193249626014,0.6922810887704763
CERRO DE LA ESTRELLA II | IZTAPALAPA,101785.20999999999,2868,1.3955414544018723,0.6711624165660477
CERRO GRANDE | XOCHIMILCO,4310.5,649,1.0,-0.0
CERRO PRIETO | GUSTAVO A. MADERO,39634.149999999994,1164,2.5784294604526656,0.8228994691997122
CHALMA DE GUADALUPE I | GUSTAVO A. MADERO,353.66,3208,1.2012950291240174,0.5021924826257662
CHALMA DE GUADALUPE II | GUSTAVO A. MADERO,8228.539999999999,2885,3.3238593966851955,0.6466420879419652
CHAPULTEPEC MORALES (POLANCO) | MIGUEL HIDALGO,579934.47,3258,3.9849352807050766,0.07787857151152779
CHAPULTEPEC POLANCO (POLANCO) | MIGUEL HIDALGO,608043.3600000001,1560,3.982708437108827,0.061668437018737296
CHICHICASPATL | TLALPAN,0.0,725,0.0,-0.0
CHIMALISTAC | ALVARO OBREGON,64673.21000000001,340,3.8020409068917407,0.24313093920470616
CHIMALISTAC | COYOACAN,28034.19,236,1.7769352351539318,0.5719856534335825
CHINAMPAC DE JUAREZ II | IZTAPALAPA,1117.31,4440,1.0,-0.0
CHINAMPAC DE JUAREZ III | IZTAPALAPA,73765.69,2524,1.0,-0.0
CHINAMPAS DE SANTA MA TOMATLAN | IZTAPALAPA,15157.37,389,2.0,-0.0
CHURUBUSCO TEPEYAC | GUSTAVO A. MADERO,18318.23,529,3.8679610420875816,0.3902443831874764
CITLALLI | IZTAPALAPA,2495.13,4000,1.267028170876868,0.5802805353641868
CIUDAD DE LOS DEPORTES | BENITO JUAREZ,174443.57,2320,3.6960508776563104,0.44834616961844864
CIUDAD JARDIN | COYOACAN,36877.01,951,3.561791208126689,0.41583038470102973
CIUDAD UNIVERSITARIA | COYOACAN,19792.699999999997,144,1.6589762892379514,0.9079847730305199
CLAVERIA | AZCAPOTZALCO,271031.47000000003,3264,2.3734573332019337,0.7683927194539943
CLUB DE GOLF MEXICO-SAN BUENAVENTURA | TLALPAN,46068.1,900,3.409936810938589,0.4957762138486672
COAPA 2A SECCION-RAMOS MILLAN | TLALPAN,57325.159999999996,1090,3.7569114503997896,0.28127663600498526
COAPA-VILLA CUEMANCO | TLALPAN,25571.38,626,3.5722205841061374,0.7725474592671702
COCOYOTES (AMPL) | GUSTAVO A. MADERO,1049.7,361,1.0,-0.0
COCOYOTES | GUSTAVO A. MADERO,577.06,1329,1.0,-0.0
COLINAS DE TARANGO | ALVARO OBREGON,3486.69,194,3.0236786178295176,0.6309025135521789
COLINAS DEL BOSQUE-LAS TORTOLAS | TLALPAN,31385.93,1864,1.0,-0.0
COLINAS DEL SUR | ALVARO OBREGON,49078.850000000006,3789,3.3260180301698186,1.0203331143223648
COLONIAL IZTAPALAPA (FRACC) | IZTAPALAPA,9486.26,1440,2.0,-0.0
COLTONGO | AZCAPOTZALCO,67149.95000000001,991,1.796642737634205,0.5050215013748092
COMPOSITORES MEXICANOS | GUSTAVO A. MADERO,14702.35,3254,1.3969209004002763,0.671743430731333
CONCORDIA ZARAGOZA (U HAB) | IZTAPALAPA,68129.45,999,2.0,-0.0
CONDESA | CUAUHTEMOC,352898.62,3946,2.9133208285144327,1.1578554806939922
CONDOMINIO DEL BOSQUE (FRACC)-BOSQUE DE TLALPAN | TLALPAN,1507.59,243,4.0,-0.0
CONJUNTO HABITACIONAL PEDREGAL DEL LAGO | TLALPAN,52629.100000000006,492,2.0532653988002836,0.6481178397079217
CONJUNTO URBANO CUEMANCO (U HAB) | TLALPAN,13640.57,676,1.2677556729667454,0.39369238802159673
CONSEJO AGRARISTA MEXICANO I | IZTAPALAPA,51592.47,4172,1.5558557285588381,0.6868944124588755
CONSEJO AGRARISTA MEXICANO II | IZTAPALAPA,82993.22,3515,1.2687953305101307,0.582056963746341
CONSTITUCION DE 1917 I | IZTAPALAPA,43128.91,2642,1.9124311279835267,0.2968767007241636
CONSTITUCION DE 1917 II | IZTAPALAPA,51116.329999999994,1598,1.9222860874401586,0.273150135531709
CONSTITUCION DE LA REPUBLICA | GUSTAVO A. MADERO,63237.3,3720,2.679669435602089,1.0039353999560243
COPILCO EL ALTO | COYOACAN,17999.09,1090,1.6416507723446019,0.6524624818694216
COPILCO EL BAJO | COYOACAN,113545.49,1561,2.1217529643845827,0.8877968633108778
COPILCO UNIVERSIDAD | COYOACAN,77930.36,1148,2.8239908040974018,1.278329443709743
CORPUS CHRISTY | ALVARO OBREGON,45184.14,2402,1.8927922496699063,0.5589767921701373
CORPUS CURISTY AMPL XOCOMECATLA | ALVARO OBREGON,26692.19,895,2.0,-0.0
CORREDOR SANTA FE | CUAJIMALPA DE MORELOS,544084.4,5432,3.1642417794004016,0.8302808610016753
COSMOPOLITA (AMPL) | AZCAPOTZALCO,5240.37,303,1.8201997187221512,0.47109050866766533
COSMOPOLITA | AZCAPOTZALCO,26153.19,747,2.0,-0.0
COUNTRY CLUB | COYOACAN,103608.28,1055,2.760566723045687,0.9177088111949633
COVE | ALVARO OBREGON,87751.25000000001,1249,1.9153030868506145,0.43080367965879135
CREDITO CONSTRUCTOR | BENITO JUAREZ,57090.53,337,3.510236986764705,0.5200993822919064
CRISTO REY | ALVARO OBREGON,24714.050000000003,242,1.905944189641115,0.9377350738463486
CRISTO REY | XOCHIMILCO,1375.04,574,1.0,-0.0
CRUZ DEL FAROL | TLALPAN,163.98000000000002,845,2.0,-0.0
CTM ATZACOALCO (U HAB) | GUSTAVO A. MADERO,47082.79,2557,1.9853674771609753,0.07634016055851814
CTM EL RISCO (U HAB) | GUSTAVO A. MADERO,26784.1,2597,1.586356084393353,0.6781573848999359
CTM IX CULHUACAN 32-33 (U HAB) | COYOACAN,48382.54,1232,2.0,-0.0
CTM IX CULHUACAN ZONA 29-30 (U HAB) | COYOACAN,20092.78,1182,1.599857262160836,0.6730694997783041
CTM IXA CULHUACAN (U HAB) | COYOACAN,26530.050000000003,978,1.9704727280951222,0.13309505924499643
CTM V CULHUACAN (U HAB) | COYOACAN,43091.979999999996,1986,1.3343404039452353,0.637209935666271
CTM VI CULHUACAN (U HAB) | COYOACAN,77928.48999999999,4653,1.7977136474734723,0.5035556919027905
CTM VII CULHUACAN (U HAB) | COYOACAN,134055.78,2424,1.5359694300387496,0.6905573442413784
CTM VIIA CULHUACAN (U HAB) | COYOACAN,2006.2800000000002,362,2.0,-0.0
CTM VIII CULHUACAN (U HAB) | COYOACAN,70325.90000000001,3451,1.9505327340282883,0.5639401042635656
CTM X CULHUACAN (U HAB) | COYOACAN,72755.11,1647,1.8411931478077623,1.0464602796384121
CUADRANTE DE SAN FRANCISCO | COYOACAN,45706.96000000001,1089,2.1588712091112603,1.0868586667343585
CUATRO ARBOLES | VENUSTIANO CARRANZA,37723.59,719,1.8066952270449341,0.7407114181113997
CUAUHTEMOC PENSIL | MIGUEL HIDALGO,100415.26,4347,1.7370941428623499,1.015021379118564
CUAUHTEMOC | CUAUHTEMOC,729213.3400000001,5730,3.522495200101523,0.4466122841926663
CUAUHTEMOC | LA MAGDALENA CONTRERAS,56340.03,1652,1.9713503879923386,0.13001628768240708
CUAUTEPEC DE MADERO | GUSTAVO A. MADERO,62694.880000000005,2336,1.1814897803456996,0.47364500916857977
CUAUTEPEC EL ALTO (PBLO) | GUSTAVO A. MADERO,4279.1900000000005,1630,1.2171462356193579,0.5232722440987764
CUCHILLA AGRICOLA ORIENTAL | IZTACALCO,32289.15,760,2.0101916588079893,0.05688038596222914
CUCHILLA DE PADIERNA | TLALPAN,48.5,975,2.0,-0.0
CUCHILLA DEL TESORO | GUSTAVO A. MADERO,146551.1,3144,1.9957049793553239,0.027694930177548933
CUCHILLA LA JOYA | GUSTAVO A. MADERO,40714.91,718,3.2391615258390596,0.5501115073733703
CUCHILLA PANTITLAN | VENUSTIANO CARRANZA,108323.53,2470,1.1280742974310383,0.36560585746508595
CUCHILLA RAMOS MILLAN | IZTACALCO,13037.97,1233,1.6489507185551124,0.7006121638818322
CUCHILLAS DEL MORAL (U HAB) | IZTAPALAPA,62383.09,1155,1.0,-0.0
CUITLAHUAC (U HAB) | IZTAPALAPA,876.54,646,1.3537089009058343,0.6497124101323525
CUITLHUAC 1 Y 2 (U HAB) | AZCAPOTZALCO,60430.479999999996,779,2.0,-0.0
CUITLHUAC 3 Y 4 (U HAB) | AZCAPOTZALCO,120571.60999999999,1529,2.0,-0.0
CULHUACAN (PBLO) | IZTAPALAPA,37721.880000000005,1536,1.3627759273928022,0.6549986599671511
CULTURA MAYA | TLALPAN,450.24,1116,2.0843550106609805,0.778945150117066
DAMIAN CARMONA | VENUSTIANO CARRANZA,6006.53,851,2.0,-0.0
DANIEL GARZA (AMPL) | MIGUEL HIDALGO,128695.78,2017,2.379747183629487,1.2951169186175848
DANIEL GARZA | MIGUEL HIDALGO,70355.43000000001,1601,2.418282284679377,1.035899587921711
DE LA CANDELARIA (PBLO) | COYOACAN,103300.13,2360,1.6062144355481451,0.9383571397257335
DEFENSORES DE LA REPUBLICA | GUSTAVO A. MADERO,60535.899999999994,1250,2.5535070924856162,0.7478899451625083
DEGOLLADO | IZTAPALAPA,3221.1,856,1.0,-0.0
DEL BOSQUE (POLANCO) | MIGUEL HIDALGO,76953.97000000002,371,3.99403578528827,0.014353072514753037
DEL BOSQUE | GUSTAVO A. MADERO,38186.15,1484,1.0781306835069782,0.2741799425868337
DEL CARMEN | COYOACAN,462610.47000000003,3610,3.687022712650667,0.5881347623191706
DEL GAS (AMPL) | AZCAPOTZALCO,105221.63,2330,1.1128621558134009,0.35245783929751107
DEL GAS | AZCAPOTZALCO,108077.09,2540,1.9934008215802257,0.30967002919657954
DEL MAESTRO | AZCAPOTZALCO,16019.310000000001,213,1.97444209519636,0.11894442877048775
DEL MAR NORTE | TLAHUAC,14728.8,776,2.8588187768182065,0.6109956531408385
DEL MAR SUR | TLAHUAC,77963.70999999999,4214,2.1413025367828187,1.0673277450638026
DEL NIO JESUS (BARR) | COYOACAN,17392.29,781,4.0,-0.0
DEL OBRERO | GUSTAVO A. MADERO,30374.18,1173,1.8170920169696763,1.0411912952421378
DEL RECREO | AZCAPOTZALCO,176774.83000000002,3210,1.6378441998784556,0.6832043637003479
DEL VALLE I | BENITO JUAREZ,441754.9,4598,3.9793305971252386,0.10063300072813573
DEL VALLE II | BENITO JUAREZ,446809.53,5019,3.8696127855643545,0.3871221226787189
DEL VALLE III | BENITO JUAREZ,422891.04000000004,4096,3.9873337113030343,0.06792235494593485
DEL VALLE IV | BENITO JUAREZ,345747.25999999995,3723,3.888970081787489,0.32303849393587525
DEL VALLE V | BENITO JUAREZ,306917.82999999996,3504,3.7890348371093334,0.5152326350774447
DEL VALLE VI | BENITO JUAREZ,286926.97000000003,3310,3.976653118387581,0.04554200600355924
DEL VALLE VII | BENITO JUAREZ,344323.95,4661,3.946590645233943,0.2084340737514616
DEMET (U HAB) | AZCAPOTZALCO,70363.56,1463,2.0,-0.0
DEPORTIVA PENSIL | MIGUEL HIDALGO,95480.78,1002,3.3057742092178133,0.9943115562988456
DESARROLLO URBANO QUETZALCOATL  I | IZTAPALAPA,38931.75,4061,1.1208101356861688,0.368536028495224
DESARROLLO URBANO QUETZALCOATL  II | IZTAPALAPA,47966.54,4228,1.17133360046399,0.45799451709933936
DESARROLLO URBANO QUETZALCOATL  III | IZTAPALAPA,43486.51,5334,1.16869024439993,0.4538033374952637
DESARROLLO URBANO | ALVARO OBREGON,2416.39,1383,1.0,-0.0
DM NACIONAL | GUSTAVO A. MADERO,173053.19,2924,1.0,-0.0
DOCTORES I | CUAUHTEMOC,344465.47,3467,2.0530696734276446,1.0773903004813032
DOCTORES II | CUAUHTEMOC,327609.24,4995,2.0848681801526725,1.231920773328442
DOCTORES III | CUAUHTEMOC,248016.05000000002,2914,1.684317970550696,0.9555416431716799
DOCTORES IV | CUAUHTEMOC,748690.9000000001,3132,1.343434106117758,0.7405846507623758
DOCTORES V | CUAUHTEMOC,228693.34,3153,1.7672428501853181,0.8262128323425355
DOLORES TLALI | TLALPAN,0.0,360,0.0,-0.0
DR ALFONSO ORTIZ TIRADO | IZTAPALAPA,60107.63,1091,1.6458138509204239,0.6499995856860331
EDUARDO MOLINA I (U HAB) | GUSTAVO A. MADERO,26834.73,420,2.0,-0.0
EDUCACION | COYOACAN,80286.09,2464,2.731105724540827,0.9449265146570731
EJERCITO DE AGUA PRIETA | IZTAPALAPA,47073.079999999994,2055,1.2884608357897975,0.6007677806150313
EJERCITO DE ORIENTE (U HAB) I | IZTAPALAPA,5726.25,2033,1.0,-0.0
EJERCITO DE ORIENTE (U HAB) II | IZTAPALAPA,19458.839999999997,2563,1.0483656785296556,0.19367467257944115
EJIDOS DE SAN PEDRO MARTIR I (NORTE) | TLALPAN,663.9,1923,2.1566049103780687,1.1909507002105357
EJIDOS DE SAN PEDRO MARTIR II (SUR) | TLALPAN,884.1899999999999,2200,1.1257308949433946,0.3585197908346917
EJIDOS SAN JUAN DE ARAGON 1A SECCION (U HAB) | GUSTAVO A. MADERO,12569.07,814,1.3589342727823142,0.6528025477091686
EJIDOS SAN JUAN DE ARAGON 2A SECCION (U HAB) | GUSTAVO A. MADERO,7183.53,238,1.3291849550290735,0.6335999301559084
EJTO CONSTITUCIONALISTA | IZTAPALAPA,208836.43,1959,1.4661504700113865,0.6908538455337299
"EJTO CONSTITUCIONALISTA, SUPERMANZANA I ( U HAB) | IZTAPALAPA",1536.4,2054,1.0,-0.0
"EJTO CONSTITUCIONALISTA, SUPERMANZANA II ( U HAB) | IZTAPALAPA",31139.84,1591,1.0,-0.0
EJTO DE OTE II (U HAB) | IZTAPALAPA,73101.22,2100,1.0963931928906248,0.31708494882342686
EL ARBOLILLO 1 (U HAB) | GUSTAVO A. MADERO,129496.56,2308,2.0,-0.0
EL ARBOLILLO 2 (U HAB) | GUSTAVO A. MADERO,112959.26999999999,1467,1.0,-0.0
EL ARBOLILLO 3 (U HAB) | GUSTAVO A. MADERO,47089.119999999995,757,2.0,-0.0
EL ARBOLILLO | GUSTAVO A. MADERO,2611.69,304,1.0,-0.0
EL ARENAL 1A SECCION | VENUSTIANO CARRANZA,60885.79,1565,1.7928570853724655,0.5101465610866552
EL ARENAL 2A SECCION | VENUSTIANO CARRANZA,4934.63,150,1.041143915551926,0.17156268807830305
EL ARENAL 3A SECCION | VENUSTIANO CARRANZA,6256.99,553,2.0,-0.0
EL ARENAL 4A SECCION | VENUSTIANO CARRANZA,68983.43,2867,1.4352607575471386,0.6847412618456683
EL BOSQUE 2DA SECCION (AMPL) | ALVARO OBREGON,3325.86,72,1.0,-0.0
EL BOSQUE | ALVARO OBREGON,3331.7400000000002,149,1.0,-0.0
EL CAPULIN (AMPL) | ALVARO OBREGON,1520.35,170,1.0,-0.0
EL CAPULIN | ALVARO OBREGON,6165.21,338,1.0821691394129316,0.28403545876917113
EL CARACOL | COYOACAN,99418.09999999999,986,3.195407979029975,0.8983526907565859
EL CARMEN | GUSTAVO A. MADERO,15028.26,2028,1.1610286220760089,0.4413716399659938
EL CARMEN | XOCHIMILCO,175.35,1971,1.1166809238665525,0.36025938222389864
EL CENTINELA | COYOACAN,19060.52,621,3.5595901895646076,0.7024829446276319
EL CONTADERO | CUAJIMALPA DE MORELOS,110574.85,2316,2.725585881418785,0.7337926015141552
EL COYOL (U HAB) | GUSTAVO A. MADERO,7982.51,655,2.880292038469103,0.9770789780900673
EL CUERNITO | ALVARO OBREGON,6333.1,584,1.0,-0.0
EL DIVISADERO | TLALPAN,0.0,267,0.0,-0.0
EL EDEN | IZTAPALAPA,942.39,367,1.0,-0.0
EL ERMITAO | LA MAGDALENA CONTRERAS,0.0,1220,0.0,-0.0
EL JAGUEY-ESTACION PANTACO | AZCAPOTZALCO,93115.06000000001,561,1.0920511676628892,0.3072579645582477
EL MANTO PLAN DE IGUALA | IZTAPALAPA,5831.469999999999,596,1.3352173637178963,0.6378120996019927
EL MANTO | IZTAPALAPA,5494.129999999999,3360,1.4767542813875902,0.6920660640318176
EL MIRADOR | COYOACAN,83924.39,1195,1.8201000924760966,0.6768767566559375
EL MIRADOR | IZTAPALAPA,28228.460000000003,1591,1.0404814857062696,0.16947132816480343
EL MOLINITO | CUAJIMALPA DE MORELOS,3292.33,89,2.751243040642949,0.6618799027656839
EL MOLINO | CUAJIMALPA DE MORELOS,36383.92,446,3.846166108544654,0.4293021170657251
EL MOLINO | IZTAPALAPA,4321.83,1854,1.163708429068242,0.44576845439107216
EL MOLINO_ | IZTAPALAPA,5225.16,1854,1.9083262522104585,0.30639325633602676
EL OCOTAL | LA MAGDALENA CONTRERAS,0.0,2669,0.0,-0.0
EL OLIVO | GUSTAVO A. MADERO,8695.119999999999,514,1.6646613272732291,0.6378951245542162
EL PARAISO | ALVARO OBREGON,48253.79,1350,1.9646017442360486,0.15303306633696068
EL PARQUE DE COYOACAN (FRACC) | COYOACAN,3412.79,460,2.1900263420837494,0.6716406290881203
EL PARQUE | VENUSTIANO CARRANZA,95970.44,880,1.6731266419118218,0.8792063032247763
EL PIRU (FRACC) | ALVARO OBREGON,0.0,428,0.0,-0.0
EL PIRUL | ALVARO OBREGON,18859.34,577,1.3753275565316707,0.6617303335618934
EL POCITO | ALVARO OBREGON,3617.95,265,2.0,-0.0
EL PRADO | IZTAPALAPA,55657.45,791,2.0,-0.0
EL RELOJ | COYOACAN,51126.27,1069,3.879611010151924,0.2377397425680644
EL RETOO | IZTAPALAPA,99256.87,2499,1.8306729801171444,0.6694557744381643
EL RODEO | ALVARO OBREGON,761.56,74,1.0,-0.0
EL RODEO | IZTACALCO,64992.78,1563,2.5886623098750356,0.8139315538187162
EL RODEO | IZTAPALAPA,18417.98,736,1.7927356854551912,0.5103094633237535
EL ROSAL | LA MAGDALENA CONTRERAS,282.86,1939,2.0,-0.0
EL ROSARIO (BARR) | XOCHIMILCO,33499.04,192,1.5483831775477745,0.6884579826997327
EL ROSARIO A (U HAB) | AZCAPOTZALCO,276622.59,1677,1.9814552744951162,0.09232008783832664
EL ROSARIO B (U HAB) | AZCAPOTZALCO,242700.71,3109,1.8974167401488031,0.34115722437957063
EL ROSARIO C (U HAB) | AZCAPOTZALCO,6155.94,2656,1.0,-0.0
EL ROSARIO | IZTAPALAPA,16324.900000000001,1708,1.9794932893922779,0.10000464352900619
EL ROSARIO | TLAHUAC,72.79,885,1.0,-0.0
EL ROSEDAL I | COYOACAN,55551.36,622,2.021573189207249,0.5580807750089837
EL ROSEDAL II | COYOACAN,65261.71,885,2.0,-0.0
EL SANTUARIO (AMPL) | IZTAPALAPA,13381.18,1190,1.2320400741937556,0.5417296600999776
EL SANTUARIO | IZTAPALAPA,18133.760000000002,1784,1.8472478956377496,0.4274533368565073
EL SIFON | IZTAPALAPA,96016.96,3199,1.790301317600557,0.5135571735385637
EL TANQUE | LA MAGDALENA CONTRERAS,252.69,2838,2.0,-0.0
EL TIANGUILLO | CUAJIMALPA DE MORELOS,0.0,558,0.0,-0.0
EL TORO | LA MAGDALENA CONTRERAS,715.27,1221,2.0,-0.0
EL TRIANGULO | IZTAPALAPA,5979.070000000001,1740,1.0066582261120876,0.0400063887271884
EL TRIANGULO | TLAHUAC,3557.74,1132,2.1100192819036807,1.1396700260090933
EL TRIUNFO (AMPL) | IZTAPALAPA,44318.09,1819,1.0671547442590599,0.24621618159849662
EL TRIUNFO | IZTAPALAPA,43098.41,855,1.5813796843085395,0.6798427665430116
EL VERGEL DE COYOACAN ( INFONAVIT EL HUESO) (U HAB) | COYOACAN,19133.78,222,1.0,-0.0
EL VERGEL TRIANGULO DE LAS AGUJAS I (U HAB) | IZTAPALAPA,21951.7,361,1.0,-0.0
EL VERGEL | IZTAPALAPA,62636.56,1457,1.780625564366881,0.5261150646295232
EL YAQUI | CUAJIMALPA DE MORELOS,32040.85,591,3.7407100623110807,0.29419934364908207
EMANCIPACION DEL PUEBLO | ALVARO OBREGON,14300.67,235,2.0,-0.0
EMILIANO ZAPATA (AMPL) | GUSTAVO A. MADERO,18335.96,377,3.161185997351652,0.6090703379547475
EMILIANO ZAPATA (AMPL) | IZTAPALAPA,726.1,2578,1.7661892301335904,0.543840095416383
EMILIANO ZAPATA (U HAB) | COYOACAN,20874.3,1658,1.6053012556109665,0.6708035567085047
EMILIANO ZAPATA 1A | TLAHUAC,2372.01,592,1.922011290002993,0.2738294090346151
EMILIANO ZAPATA 2A | TLAHUAC,3372.25,395,1.0,-0.0
EMILIANO ZAPATA | COYOACAN,19858.1,431,2.322031815732623,0.9961145450282911
EMILIANO ZAPATA | GUSTAVO A. MADERO,62097.71,1360,2.39482422137628,0.6708571781551826
EMILIO CARRANZA | VENUSTIANO CARRANZA,108705.87999999999,1368,1.7471721860859781,0.565420544899815
ERMITA ZARAGOZA (U HAB) I | IZTAPALAPA,1841.37,2704,1.1329607846331808,0.39197652874102623
ERMITA ZARAGOZA (U HAB) II | IZTAPALAPA,16238.980000000001,2884,1.0038709327802608,0.02536359725754829
ERMITA | BENITO JUAREZ,28692.71,529,2.0,-0.0
ESCANDON I | MIGUEL HIDALGO,346061.01,4541,3.5560985908236242,0.875257113709745
ESCANDON II | MIGUEL HIDALGO,431574.27999999997,6583,3.1335329806956986,1.0483232139059901
ESCUADRON 201 | IZTAPALAPA,209657.65,3852,1.9560153898510262,0.18040698868976768
ESPARTACO | COYOACAN,89655.75,1452,2.8152133019912275,0.8467713835965559
ESPERANZA | CUAUHTEMOC,117168.03000000001,1792,1.4634156603981476,0.8372907578846525
ESTADO DE HIDALGO | ALVARO OBREGON,90479.46,404,1.5804086363910659,0.9007554037479404
ESTADO DE HIDALGO_ | ALVARO OBREGON,10298.48,404,1.4097177447545657,0.6767556509151398
ESTANZUELA | GUSTAVO A. MADERO,21891.04,1012,1.9885131085594838,0.0627274238462883
ESTRELLA CULHUACAN | IZTAPALAPA,9453.23,593,1.9606600072144655,0.1658409071331277
ESTRELLA DEL SUR | IZTAPALAPA,33349.9,2152,1.5430720931696948,0.6894321674152059
ESTRELLA | GUSTAVO A. MADERO,146161.36,2828,2.2714497183113243,1.043490642095143
EUZKADI | AZCAPOTZALCO,58180.68,1194,1.9668046162403052,0.14567993329595452
EX EJIDO SAN FRANCISCO CULHUACAN I | COYOACAN,13131.15,181,4.0,-0.0
EX EJIDO SAN FRANCISCO CULHUACAN II | COYOACAN,21606.71,358,2.0,-0.0
EX EJIDO SAN FRANCISCO CULHUACAN III | COYOACAN,28575.25,389,1.863859108844192,0.3978957540108711
EX EJIDOS DE LA MAGDALENA MIXIHUCA | IZTACALCO,27882.48,446,2.194022196016997,0.3184656074141403
EX HACIENDA COAPA | COYOACAN,151016.26,603,2.766375488308345,0.677295262784186
EX HACIENDA SAN JUAN DE DIOS | TLALPAN,86314.49,1358,1.8065239104117976,1.0357247371796343
EX HIPODROMO DE PERALVILLO | CUAUHTEMOC,166126.62,3489,1.6706282232191325,0.716682352518308
EX-ESCUELA DE TIRO | GUSTAVO A. MADERO,7051.44,552,2.4186024414871286,0.6798368952882761
EX-HACIENDA EL ROSARIO | AZCAPOTZALCO,38531.159999999996,635,1.9515400003529613,0.9951402492911123
EXTREMADURA INSURGENTES | BENITO JUAREZ,58427.11,807,4.0,-0.0
FAJA DE ORO | GUSTAVO A. MADERO,38854.05,513,2.5789414488322326,1.1475914835662502
FEDERAL | VENUSTIANO CARRANZA,194304.96,3538,2.2002176372646383,0.9484303766553189
FELIPE ANGELES | VENUSTIANO CARRANZA,47585.54,835,1.519509708201273,0.692385729843052
FELIPE PESCADOR | CUAUHTEMOC,33735.57,902,2.228596404329318,1.2390619547307007
FERNANDO CASAS ALEMAN | GUSTAVO A. MADERO,22185.14,415,2.226704902470753,1.054445056021889
FERRERIA | AZCAPOTZALCO,25282.01,1054,1.9043778560328075,0.315355952212696
FERROCARRILERA INSURGENTES | GUSTAVO A. MADERO,997.5899999999999,61,3.0,-0.0
FIVIPORT (U HAB) | VENUSTIANO CARRANZA,42803.32,1670,1.0,-0.0
FLOR DE MARIA | ALVARO OBREGON,32153.12,329,3.587933301651597,0.40013387535112843
FLORESTA-PRADO-VERGEL COAPA | TLALPAN,43620.91,1048,2.886256384839289,0.6596164803762256
FLORIDA | ALVARO OBREGON,272306.68,1959,3.8881776972933606,0.3516999156931526
FOVISSSTE CUCHILLA (U HAB) | GUSTAVO A. MADERO,33818.770000000004,171,2.0,-0.0
FOVISSSTE SAN PEDRO MARTIR ( U HAB) | TLALPAN,0.0,317,0.0,-0.0
FOVISSTE ARAGON (U HAB) | GUSTAVO A. MADERO,7258.33,399,2.1284717007906777,0.38347111207912987
FRACCIONAMIENTO COYUYA | IZTACALCO,53143.92,779,2.0,-0.0
FRANCISCO I MADERO | MIGUEL HIDALGO,19293.82,435,2.712953163240872,1.0052792000324553
FRANCISCO VILLA (U HAB) | AZCAPOTZALCO,52215.53,1102,1.7433411094362155,0.5695331305904624
FRANCISCO VILLA | ALVARO OBREGON,13530.5,699,1.3140157422120393,0.6222761305086923
FRANCISCO VILLA | IZTAPALAPA,2576.62,2836,1.5137544535088605,0.6927687628415584
FRANCISCO VILLA | TLAHUAC,6981.33,410,1.0,-0.0
FUEGO NUEVO | IZTAPALAPA,3224.42,3704,1.8459071709020538,0.4297433074833795
FUENTES BROTANTES MIGUEL HIDALGO (U HAB) | TLALPAN,128032.03,2444,1.0105375194004187,0.05845716021697171
FUENTES DE AZCAPOTZALCO-PARQUES DE AZCAPOTZALCO (U HAB) | AZCAPOTZALCO,40756.520000000004,574,1.0,-0.0
FUENTES DEL PEDREGAL | TLALPAN,133109.83,1393,2.9125856445012364,1.2378775259001724
FUENTES Y PEDREGAL DE TEPEPAN | TLALPAN,82.77,1641,3.0,-0.0
FUERTE DE LORETO - LA ANTENA (U HAB) | IZTAPALAPA,18051.93,2734,2.0,-0.0
GABRIEL HERNANDEZ (AMPL) I | GUSTAVO A. MADERO,18171.12,2018,1.6086658389796558,0.9414905260087837
GABRIEL HERNANDEZ (AMPL) II | GUSTAVO A. MADERO,41100.01,2004,1.3532843422665832,0.6494561021552832
GABRIEL HERNANDEZ | GUSTAVO A. MADERO,35475.2,3468,1.3469310955258886,0.6455261394304619
GABRIEL RAMOS MILLAN | IZTACALCO,57204.530000000006,2033,1.8652063044657476,0.4611985704724524
GAMA GAVILAN (U HAB) | IZTAPALAPA,5789.58,366,2.0,-0.0
GARCIMARRERO NORTE | ALVARO OBREGON,68316.12,1188,1.2960021734255402,0.6074388008525886
GARCIMARRERO REACOMODO | ALVARO OBREGON,6649.96,225,1.8468141161751348,0.42819575143785665
GARCIMARRERO | ALVARO OBREGON,3238.06,700,2.0,-0.0
GENERAL FELIPE BERRIOZABAL | GUSTAVO A. MADERO,223.62,1377,1.0,-0.0
GENERAL PEDRO MARIA ANAYA | BENITO JUAREZ,221998.18,2567,3.1131312427876656,0.7891739591752183
GERTRUDIS SANCHEZ 1A SECCION | GUSTAVO A. MADERO,52104.729999999996,1109,2.819438081725018,0.5937130945075327
GERTRUDIS SANCHEZ 2A SECCION | GUSTAVO A. MADERO,90232.73,2235,2.4408402582965185,1.0133640346915311
GERTRUDIS SANCHEZ 3A SECCION | GUSTAVO A. MADERO,94495.73999999999,2204,2.328599257490338,0.9794354615688916
GOLONDRINAS 1RA SECCION | ALVARO OBREGON,2899.04,618,1.0,-0.0
GOLONDRINAS | ALVARO OBREGON,4874.8,980,1.0,-0.0
GRAL A ROSALES | ALVARO OBREGON,1655.0,69,1.0,-0.0
GRAL C  A  MADRAZO | ALVARO OBREGON,1295.6899999999998,240,1.1818027460272134,0.3046183258777639
GRANADA (AMPL) | MIGUEL HIDALGO,297960.33999999997,7007,2.359940319574075,1.0498653927373165
GRANADA | MIGUEL HIDALGO,624884.98,3778,3.5782187947612374,0.6321122162758657
GRANJAS CABRERA | TLAHUAC,20740.05,649,2.454473832030299,0.852388622984426
GRANJAS COAPA ORIENTE | TLALPAN,41301.58,368,1.0,-0.0
GRANJAS COAPA | TLALPAN,141108.76,1776,2.3854928638023605,0.8377229365382266
GRANJAS ESMERALDA | IZTAPALAPA,122954.87000000001,775,2.06114853360424,0.4299982093960133
GRANJAS ESTRELLA I | IZTAPALAPA,78444.08,1744,1.47187397697825,0.6915641987643201
GRANJAS ESTRELLA II | IZTAPALAPA,744.01,382,2.0,-0.0
GRANJAS MEXICO I | IZTACALCO,383577.04000000004,3003,2.567239999557846,1.192831526745716
GRANJAS MEXICO II | IZTACALCO,283864.99,2772,1.9460057754920745,1.2095160738672162
GRANJAS MODERNAS-SAN JUAN DE ARAGON (AMPL) | GUSTAVO A. MADERO,137953.88,766,1.7289911671929779,1.012142631308087
GRANJAS SAN ANTONIO | IZTAPALAPA,130215.5,1081,1.8689186003202385,0.3884372447525286
GUADALUPE (BARR) | IZTAPALAPA,17338.41,625,1.9588116788102254,0.1717024815707007
GUADALUPE DEL MORAL | IZTAPALAPA,16902.6,2711,1.341979340456498,0.6423396416610043
GUADALUPE INN | ALVARO OBREGON,339488.41,1687,3.8847293490814607,0.16290133082256963
GUADALUPE INSURGENTES | GUSTAVO A. MADERO,104423.99,1432,2.8767540868721833,0.9346614312331254
GUADALUPE PROLETARIA (AMPL) | GUSTAVO A. MADERO,13632.400000000001,1003,2.0,-0.0
GUADALUPE PROLETARIA | GUSTAVO A. MADERO,92974.51000000001,2363,1.7778259869291055,0.5296457976944273
GUADALUPE TEPEYAC | GUSTAVO A. MADERO,161514.98,2688,2.3065442598575068,1.1396019037596608
GUADALUPE VICTORIA II | GUSTAVO A. MADERO,78781.61,1181,2.4829669005241195,0.8400463835392901
GUADALUPE VICTORIA | GUSTAVO A. MADERO,16515.36,383,1.8351413472064793,0.44763952046352395
GUADALUPE | XOCHIMILCO,1514.37,855,1.0,-0.0
GUERRERO I | CUAUHTEMOC,292859.48,4183,1.7406313089130665,0.5874904120175151
GUERRERO II | CUAUHTEMOC,286603.34,4330,1.8103511284969673,0.8856157372178952
GUERRERO III | CUAUHTEMOC,304977.83,4144,1.7558890100306637,0.9400056386302535
GUERRERO IV | CUAUHTEMOC,233948.94,2967,1.814128672692426,1.1273231835168926
HACIENDA DE GUADALUPE CHIMALISTAC | ALVARO OBREGON,76827.74,448,3.977737468263416,0.1028088287767874
HACIENDA SAN JUAN-RINCON DE SAN JUAN-CHIMALI | TLALPAN,46915.8,1265,3.207686749453276,0.8776247189518736
HACIENDAS DE COYOACAN (FRACC) | COYOACAN,42619.770000000004,563,3.0238978295753354,0.6278107017457177
HERMOSILLO | COYOACAN,63454.270000000004,544,3.1834473865982544,0.5854192173068744
HEROE DE NACOZARI | GUSTAVO A. MADERO,44050.49,772,2.595677596321857,0.9895410458099043
HEROES DE CHAPULTEPEC | GUSTAVO A. MADERO,19928.899999999998,395,1.6907742022891379,0.6184798084916677
HEROES DE CHURUBUSCO | IZTAPALAPA,116963.0,1992,1.8730819147935673,0.38048583736989966
HEROES DE PADIERNA I | TLALPAN,8099.33,2395,3.7122762006240024,0.5804912480579759
HEROES DE PADIERNA II | TLALPAN,2030.05,2444,1.6522548705696907,0.9922309664009045
HEROES DE PADIERNA | LA MAGDALENA CONTRERAS,187605.12,1571,2.1936195557989038,1.007143928660811
HERON PROAL | ALVARO OBREGON,10968.869999999999,807,1.7219786541366615,0.5910748305383777
HIPODROMO CONDESA | CUAUHTEMOC,199688.87,1513,3.75598559899708,0.5594069088908555
HIPODROMO I | CUAUHTEMOC,309352.05,2621,3.809599354521814,0.460993604975985
HIPODROMO II | CUAUHTEMOC,330166.7,3171,3.4402002079555567,0.9281221078685786
HOGAR Y REDENCION | ALVARO OBREGON,17175.31,829,2.0,-0.0
HOGAR Y SEGURIDAD/NUEVA SANTA MARIA | AZCAPOTZALCO,71465.25,1108,2.3964843053092237,0.7709565018757594
HOGARES FERROCARRILEROS (U HAB) | AZCAPOTZALCO,31176.160000000003,452,2.0,-0.0
HUASIPUNGO (U HAB) | IZTAPALAPA,3594.52,163,2.0,-0.0
HUAUTLA DE LAS SALINAS (BARR) | AZCAPOTZALCO,5712.18,49,3.9996218606556515,0.0012577919255353344
HUAYATLA | LA MAGDALENA CONTRERAS,186.34,1218,1.4688741011055062,0.6912082839649691
HUESO PERIFERICO-ISSSFAM NO. 7 (U HABS) | TLALPAN,62810.68000000001,1039,1.1863859776713133,0.2901754304028552
HUICHAPAN | MIGUEL HIDALGO,40478.29,543,1.3412945556741651,0.6418904173420245
HUICHAPAN | XOCHIMILCO,26266.71,317,3.4281777200113757,0.6827945253102484
IGNACIO ALLENDE | AZCAPOTZALCO,26699.219999999998,453,2.0014786948832213,0.011113657372207382
IGNACIO CHAVEZ (U HAB) | TLALPAN,30524.52,516,1.0,-0.0
IGNACIO MANUEL ALTAMIRANO | MIGUEL HIDALGO,15190.970000000001,374,2.2854136371805094,0.5979938856191941
IGNACIO ZARAGOZA (U HAB) | IZTAPALAPA,41337.23,464,1.0,-0.0
IGNACIO ZARAGOZA I | VENUSTIANO CARRANZA,132945.49,3492,2.665039483475521,1.129148912625193
IGNACIO ZARAGOZA II | VENUSTIANO CARRANZA,90574.88,2078,2.5307535599274322,1.1474685799935587
IMAN 580 (U HAB) | COYOACAN,0.0,934,0.0,-0.0
IMAN | COYOACAN,10511.6,451,3.0,-0.0
INDECO (U HAB) | GUSTAVO A. MADERO,2204.59,522,1.4697426732408292,0.6913150497399809
INDEPENDENCIA BATAN SUR (U HAB) | LA MAGDALENA CONTRERAS,9229.85,589,2.0,-0.0
INDEPENDENCIA SAN RAMON (U HAB) | LA MAGDALENA CONTRERAS,1200.43,937,1.0,-0.0
INDEPENDENCIA | BENITO JUAREZ,214291.0,4234,2.1900393390296373,0.45493364192454644
INDUSTRIAL I | GUSTAVO A. MADERO,183819.28999999998,2970,2.94034374738364,1.0497850771639532
INDUSTRIAL II | GUSTAVO A. MADERO,132576.79,2978,2.811227515766523,0.9905517588146848
INDUSTRIAL PUERTO AEREO (FRACC) | VENUSTIANO CARRANZA,45925.340000000004,41,1.5966253053325243,0.7629724814990553
INDUSTRIAL VALLEJO (U HAB) | AZCAPOTZALCO,420549.36,109,1.9664848378321156,0.8538160765135209
INFONAVIT (U HAB) | LA MAGDALENA CONTRERAS,8580.93,134,2.0,-0.0
INFONAVIT CULHUACAN ZONA 1 (U HAB) | COYOACAN,690.9300000000001,298,1.0,-0.0
INFONAVIT CULHUACAN ZONA 2 (U HAB) | COYOACAN,1574.48,520,1.0,-0.0
INFONAVIT CULHUACAN ZONA 3 (U HAB) | COYOACAN,14746.82,585,2.0,-0.0
INFONAVIT IZTACALCO (U HAB) I | IZTACALCO,108289.981,2576,1.6015041225281959,0.9146521145173575
INFONAVIT IZTACALCO (U HAB) II | IZTACALCO,29034.52,2274,1.531838997166132,0.691118364675963
INFONAVIT PROLONGACION DIVISION DEL NORTE (U HAB) | XOCHIMILCO,21399.81,443,1.0,-0.0
INPI PICOS | IZTACALCO,23626.91,758,1.947335474676968,0.20628726702433095
INSURGENTES CUICUILCO | COYOACAN,172258.19,1581,3.82240519304191,0.46772671304136704
INSURGENTES MIXCOAC | BENITO JUAREZ,265093.47,2545,3.9149664833313325,0.28809210441749317
INSURGENTES SAN BORJA | BENITO JUAREZ,55495.51,243,3.830584131941485,0.21714755157072915
INSURGENTES | IZTAPALAPA,2527.12,1613,1.0642035202127322,0.23838032054850877
INTEGRACION LATINOAMERICANA (U HAB) | COYOACAN,103257.16,1394,1.1412790163897593,0.18986513892060555
IRRIGACION | MIGUEL HIDALGO,262742.29,2198,3.864683374724336,0.397452464051291
ISIDRO  FABELA (AMPL) | TLALPAN,6843.11,359,1.722142417701893,0.5909184845361442
ISIDRO FABELA I (PONIENTE) | TLALPAN,45381.82,1525,2.518759494440725,1.1728519436799179
ISIDRO FABELA II (ORIENTE) | TLALPAN,91781.08,1984,2.7886260436246775,0.9239498558926899
ISSSFAM No. 1 (U HAB)-VILLA TLALPAN | TLALPAN,15516.6,818,1.8096432208086823,0.4867398847652692
IXTLAHUACAN | IZTAPALAPA,2762.38,4840,1.5130503406482816,0.6928065190927037
IZTACCIHUATL | BENITO JUAREZ,71450.72,977,2.0861886346281744,0.19314776635650857
JACARANDAS | IZTAPALAPA,8958.75,2367,1.6657212222687316,0.6429037208079511
JAIME TORRES BODET | TLAHUAC,1259.9399999999998,2016,1.9669825547248283,0.14507950433046987
JALALPA (AMPL) | ALVARO OBREGON,4886.71,445,1.2786680609244256,0.5916909478944096
JALALPA EL GRANDE | ALVARO OBREGON,32700.29,2783,1.0,-0.0
JALALPA TEPITO | ALVARO OBREGON,35468.26,998,1.219918033757506,0.5268041999368148
JALALPA | ALVARO OBREGON,1549.65,1511,1.0,-0.0
JAMAICA | VENUSTIANO CARRANZA,126832.22,1551,1.0555146791564478,0.21444332769081564
JANITZIO | VENUSTIANO CARRANZA,39955.81,722,1.9165810929624503,0.28704113192044467
JARDIN AZPEITIA | AZCAPOTZALCO,60750.66,737,2.0,-0.0
JARDIN BALBUENA I | VENUSTIANO CARRANZA,165421.06,4129,3.21725782678457,1.1318392030520381
JARDIN BALBUENA II | VENUSTIANO CARRANZA,93599.06999999999,1567,2.2131681436578376,1.2438502112499767
JARDIN BALBUENA III | VENUSTIANO CARRANZA,180803.27999999997,4561,2.659838029487076,1.2126853824660224
JARDINES COAPA-BELISARIO DOMINGUEZ | TLALPAN,12126.93,576,3.403833451665013,0.882499670107368
JARDINES DE CHURUBUSCO | IZTAPALAPA,9294.95,502,1.55948875464634,0.6860525628962078
JARDINES DE COYOACAN (FRACC) | COYOACAN,42105.15,583,4.0,-0.0
JARDINES DE LA PALMA (HUIZACHITO) | CUAJIMALPA DE MORELOS,63468.22999999999,1035,1.9660507312083542,0.8896456052751015
JARDINES DE SAN LORENZO | IZTAPALAPA,1716.38,1946,2.0,-0.0
JARDINES DEL AJUSCO | TLALPAN,1011.6700000000001,1218,3.6366206371642926,0.5491477589989479
JARDINES DEL LLANO-U.H. VILLA TLATEMPA | TLAHUAC,11915.62,768,1.9064186336925817,0.31074641088365595
JARDINES DEL PEDREGAL | ALVARO OBREGON,652454.5900000001,4191,3.825017462134798,0.46369936202232875
JARDINES DEL PEDREGAL | COYOACAN,138125.55000000002,373,3.677419347832461,0.34131324672937735
JARDINES DEL SUR | XOCHIMILCO,58934.75,1635,3.4914404489711077,0.6993726284649018
JARDINES EN LA MONTAA | TLALPAN,228307.47,1387,3.567386165682621,0.684037695221088
JARDINES TECMA | IZTACALCO,21304.33,488,1.8993082626865054,0.6880691663314982
JESUS DEL MONTE | CUAJIMALPA DE MORELOS,35036.56,858,2.0124992293764,0.9284397222613132
JORGE NEGRETE | GUSTAVO A. MADERO,88958.37000000001,2493,1.4417179631326427,0.698036822588465
JOSE LOPEZ PORTILLO I | IZTAPALAPA,63240.65,3481,1.3151340158584706,0.6231470616379371
JOSE LOPEZ PORTILLO II | IZTAPALAPA,64318.0,2884,1.3888143288037562,0.6682147659189693
JOSE MA MORELOS Y PAVON (U HAB) | IZTAPALAPA,0.0,465,0.0,-0.0
JOSE MARIA PINO SUAREZ | ALVARO OBREGON,67058.48000000001,1780,1.7049818307841154,0.6065839265143096
JOSEFA ORTIZ DE DOMINGUEZ | BENITO JUAREZ,42571.87,579,2.0487939571364846,0.19494869473048626
JOYAS DEL PEDREGAL (FRACC) | COYOACAN,26454.440000000002,498,4.0,-0.0
JOYAS VALLEJO (U HAB) | GUSTAVO A. MADERO,279328.51,3059,1.0,-0.0
JUAN DE DIOS BATIZ (U HAB) | GUSTAVO A. MADERO,33940.5,568,2.7780869462736257,0.5293186076091543
JUAN ESCUTIA I | IZTAPALAPA,153509.74,2729,1.6682150591877754,0.635435505774835
JUAN ESCUTIA II | IZTAPALAPA,111170.54999999999,2074,1.724233621224326,0.5889102332701499
JUAN ESCUTIA III | IZTAPALAPA,76025.51000000001,2104,1.7724100765650896,0.5363477797282128
JUAN GONZALEZ ROMERO | GUSTAVO A. MADERO,73007.24,2495,1.7592792166913855,1.0246409109857426
JUAREZ | CUAUHTEMOC,1023105.02,4133,3.5755074097867294,0.7639032250479099
JURISTAS | ALVARO OBREGON,6133.7,206,1.0,-0.0
JUSTO SIERRA | IZTAPALAPA,17885.92,371,2.0,-0.0
JUVENTINO ROSAS I | IZTACALCO,92310.85,2114,1.8508431024088716,0.42124384962822725
JUVENTINO ROSAS II | IZTACALCO,87473.29999999999,2013,1.8625861834411188,0.4002408921256423
JUVENTINO ROSAS | GUSTAVO A. MADERO,174.07999999999998,357,1.1564223345588236,0.43368938550716574
KENNEDY (U HAB) | VENUSTIANO CARRANZA,2846.18,2796,2.0,-0.0
LA  LONJA | TLALPAN,28630.2,995,2.0,-0.0
LA ANGOSTURA | ALVARO OBREGON,5383.24,394,1.565971422414754,0.6844172900219809
LA ASUNCION (BARR) | IZTAPALAPA,3224.4399999999996,1070,1.876707273200928,0.37343458392671464
LA ASUNCION (BARR) | XOCHIMILCO,22572.47,1429,1.9134937381686627,0.5782060870138546
LA ASUNCION | IZTACALCO,32371.239999999998,464,1.4786810761651392,0.6922379119097366
LA CAADA | ALVARO OBREGON,547.98,968,1.0,-0.0
LA CAADA | XOCHIMILCO,249.72000000000003,171,1.0,-0.0
LA CANDELARIA TICOMAN (BARR) | GUSTAVO A. MADERO,697.5600000000001,2496,1.982152072939962,0.08954109347626436
LA CANTERA (U HAB) | COYOACAN,38817.11,566,1.9792480686996017,0.10095124510285228
LA CARBONERA | LA MAGDALENA CONTRERAS,326.54999999999995,1589,2.0,-0.0
LA CASCADA | ALVARO OBREGON,21651.24,578,1.7932044538788539,0.5096799437526661
LA CASILDA | GUSTAVO A. MADERO,580.27,2123,1.0,-0.0
LA CEBADA (AMPL) | ALVARO OBREGON,2954.1400000000003,326,1.0,-0.0
LA CEBADA | XOCHIMILCO,14255.92,444,3.1031725767260196,0.9411077453892414
LA COLMENA | IZTAPALAPA,4906.97,975,1.0526923946957083,0.20636779367986252
LA CONCEPCION (BARR) | COYOACAN,67591.64,475,3.82873666033255,0.38304358879998757
LA CONCEPCION TLACOAPA (BARR) | XOCHIMILCO,13431.910000000002,795,2.6007961637622645,0.8935973084314592
LA CONCEPCION | LA MAGDALENA CONTRERAS,25948.8,491,2.0068292175360707,0.15498618175186024
LA CONCHA | XOCHIMILCO,60792.49999999999,1092,2.0996942056997163,0.8202894859222545
LA CONCHITA I | TLAHUAC,6677.69,3100,2.819253364561697,1.0407772923729635
LA CONCHITA II | TLAHUAC,8286.27,5180,2.9963481759585435,1.022995120924402
LA CONCHITA | ALVARO OBREGON,13297.71,921,1.442027988277681,0.6864105311493465
LA CRUZ (BARR) | GUSTAVO A. MADERO,1313.82,790,1.0,-0.0
LA CRUZ | IZTACALCO,80150.49999999999,1136,1.6841228688529708,0.7273453213251718
LA CRUZ | LA MAGDALENA CONTRERAS,5608.55,1261,3.3879327098804506,0.6254514461939482
LA DRAGA | TLAHUAC,824.9,2324,1.0,-0.0
LA ERA | IZTAPALAPA,3383.45,1952,1.5322673602388097,0.6910633676583253
LA ESMERALDA (U HAB) | GUSTAVO A. MADERO,87.01,562,1.0,-0.0
LA ESMERALDA I | GUSTAVO A. MADERO,56147.69,941,1.0,-0.0
LA ESMERALDA II | GUSTAVO A. MADERO,11667.61,427,1.9094750338758322,0.30375072352292337
LA ESMERALDA III | GUSTAVO A. MADERO,37999.93,896,2.0,-0.0
LA ESPERANZA | IZTAPALAPA,8846.73,379,2.0,-0.0
LA ESTACION | IZTAPALAPA,2351.09,541,1.0,-0.0
LA ESTACION | TLAHUAC,17918.92,2576,1.8605708379746104,0.40392589385043387
LA FAMA | TLALPAN,64540.98,469,1.9107381077882608,0.353154937373182
LA FORESTAL 1 | GUSTAVO A. MADERO,84.76,130,2.0,-0.0
LA FORESTAL | GUSTAVO A. MADERO,10937.22,1714,1.8693077399924296,0.3877005486199681
LA GUADALUPE | LA MAGDALENA CONTRERAS,935.5600000000001,410,1.6375112232245927,0.6483384564412467
LA GUADALUPITA (BARR) | XOCHIMILCO,10629.59,153,2.0,-0.0
LA HABANA | TLAHUAC,1877.79,1266,2.3132405647063834,0.9327566580330411
LA HERRADURA | ALVARO OBREGON,3841.0699999999997,157,3.0,-0.0
LA JOYA | ALVARO OBREGON,3981.6800000000003,584,1.0,-0.0
LA JOYA | GUSTAVO A. MADERO,78850.15,1970,2.8115247719883856,1.0650241066977832
LA JOYA | TLALPAN,55252.740000000005,851,3.1497681381954994,1.0704621576093742
LA JOYITA | GUSTAVO A. MADERO,17704.42,557,2.7075289673426184,0.9788148712989879
LA LAGUNA TICOMAN (BARR) | GUSTAVO A. MADERO,92832.09,2513,2.187641579544315,1.0909519260311025
LA LOMA | ALVARO OBREGON,89836.47,1611,4.0,-0.0
LA MAGDALENA ATLITIC (PBLO) | LA MAGDALENA CONTRERAS,16362.69,940,2.3248866781684425,0.907522713257052
LA MAGDALENA CULHUACAN (BARR) | COYOACAN,133576.75999999998,3228,1.699668490237374,0.9692446658789106
LA MAGDALENA PETLACALCO (PBLO) | TLALPAN,118.67999999999999,1922,1.0,-0.0
LA MAGUEYERA | IZTAPALAPA,22860.11,886,1.0,-0.0
LA MALINCHE | GUSTAVO A. MADERO,85682.02,1262,2.112550100942998,0.35181394753909134
LA MALINCHE | LA MAGDALENA CONTRERAS,46243.14,2737,2.0,-0.0
LA MARTINICA | ALVARO OBREGON,7532.87,716,1.9284907346071285,0.2575255674059553
LA MEXICANA (AMPL) | ALVARO OBREGON,14205.71,467,1.6615220217785667,0.640020764235389
LA MEXICANA | ALVARO OBREGON,15481.18,1865,1.2451453958935947,0.5569386967758679
LA NOPALERA | TLAHUAC,33337.62,1860,2.7339849095406326,1.0353589024670315
LA NORIA TEPEPAN | XOCHIMILCO,54492.97,1112,2.315581808075427,1.16049152788531
LA NORIA | XOCHIMILCO,47193.89,418,2.53217821205245,0.692917065723815
LA NUEVA ROSITA | IZTAPALAPA,19923.15,923,1.9104815252608145,0.30142233160691007
LA OTRA BANDA | ALVARO OBREGON,48904.06,284,4.0,-0.0
LA PALMITA | ALVARO OBREGON,5616.2,386,1.0,-0.0
LA PASTORA | GUSTAVO A. MADERO,6806.23,2733,1.3617391713180425,0.65441229216157
LA PATERA-CONDOMODULOS (U HAB) | GUSTAVO A. MADERO,134354.73,1640,1.661128491717411,0.6402841167720819
LA PERA XOCHINAHUAC (U HAB) | ALVARO OBREGON,3803.2,291,2.0,-0.0
LA PILA | CUAJIMALPA DE MORELOS,6.959999999999999,1222,1.0,-0.0
LA PLANTA | IZTAPALAPA,518.38,1639,1.2322427562791773,0.541972120343716
LA POLVORILLA | IZTAPALAPA,16744.43,1104,1.7460522693217984,0.5666307556835316
LA PRADERA I (U HAB) | GUSTAVO A. MADERO,610.22,1057,1.9680770869522466,0.14136414594530258
LA PRADERA II (U HAB) | GUSTAVO A. MADERO,275.58,501,1.569344654909645,0.683498747325523
LA PRADERA | GUSTAVO A. MADERO,8027.5599999999995,2427,1.6215113932502527,0.7200506055717089
LA PRECIOSA | AZCAPOTZALCO,69568.24,1072,1.696434033691236,0.6138555292267016
LA PRESA | ALVARO OBREGON,5527.530000000001,278,1.6875059927309304,0.6210816494588551
LA PURISIMA TICOMAN (BARR) | GUSTAVO A. MADERO,117042.75,2064,2.3861400214878747,0.9647492149194083
LA RAZA | AZCAPOTZALCO,202932.04,716,1.990787162046959,0.053132435437450415
LA REGADERA | IZTAPALAPA,2483.41,205,1.0,-0.0
LA TURBA | TLAHUAC,5604.66,592,2.0945035024426106,0.31283528005991124
LA VENTA | CUAJIMALPA DE MORELOS,2641.41,0,1.0,-0.0
LAS AGUILAS (AMPL) | ALVARO OBREGON,125916.89000000001,2633,2.4031415483657512,1.320458802686063
LAS AGUILAS | ALVARO OBREGON,188483.26,2252,3.424508786615851,0.9007056129234579
LAS ARBOLEDAS | TLAHUAC,80191.62,3581,1.1600087390677478,0.43968437048473075
LAS CALLES (BARR) | LA MAGDALENA CONTRERAS,2312.72,91,1.9297796533951366,0.6906797018689179
LAS CAMPANAS | COYOACAN,34857.619999999995,267,2.417253386777411,0.6916248519082054
LAS CRUCES | LA MAGDALENA CONTRERAS,132.86,2884,1.5653319283456268,0.6845862006825965
LAS CUEVITAS | ALVARO OBREGON,24873.409999999996,1116,1.9249777171686553,1.0246379191841843
LAS PALMAS | ALVARO OBREGON,14622.25,494,1.824529056745713,0.4644559156575774
LAS PEAS I | IZTAPALAPA,30170.3,3265,1.261535019539083,0.5746563836884553
LAS PEAS II | IZTAPALAPA,11355.560000000001,443,1.579974039149104,0.6803003782807258
LAS SALINAS | AZCAPOTZALCO,82098.7,253,2.066442099570395,0.6994492357204397
LAS TINAJAS | CUAJIMALPA DE MORELOS,176969.59999999998,578,3.889621155271866,0.21631615605088222
LEGARIA (U HAB) | MIGUEL HIDALGO,38912.03,635,1.0,-0.0
LEGARIA | MIGUEL HIDALGO,114517.52999999998,2187,1.9512466781286673,1.0935750042646273
LETRAN VALLE | BENITO JUAREZ,303732.27,4378,3.719513010586593,0.5969200300933054
LEYES DE REFORMA 1A SECCION | IZTAPALAPA,28683.5,2114,1.097777816514721,0.3201727206426083
LEYES DE REFORMA 2A SECCION | IZTAPALAPA,73047.98,1425,1.0225146540670942,0.10767061691604889
LEYES DE REFORMA 3A SECCION I | IZTAPALAPA,23595.04,4503,1.6234144972841749,0.6623677937692849
LEYES DE REFORMA 3A SECCION II | IZTAPALAPA,12244.59,3518,1.691559292716212,0.6178473554803291
LIBERACION | AZCAPOTZALCO,35097.56,786,1.8260269374851128,0.462130415269596
LIBERALES DE 1857 | ALVARO OBREGON,19825.16,1359,2.0,-0.0
LIBERTAD | AZCAPOTZALCO,33684.659999999996,478,1.9873877307949674,0.06768692574502677
LINDAVISTA I | GUSTAVO A. MADERO,364799.22,3273,3.5706373769110584,0.6019271373089855
LINDAVISTA II | GUSTAVO A. MADERO,505098.18,3064,2.8183351799050236,0.9182849977557208
LINDAVISTA VALLEJO (U HAB) | GUSTAVO A. MADERO,237684.72999999998,3745,1.9794462605990717,0.10018641514814836
LLANO REDONDO | ALVARO OBREGON,2209.3500000000004,296,1.511471699821214,0.5685493279536324
LOMA DE LA PALMA | GUSTAVO A. MADERO,366962.56,103630,1.0598601121596711,0.22658244256114407
LOMA DEL PADRE | CUAJIMALPA DE MORELOS,1.26,1155,1.0,-0.0
LOMA HERMOSA (CONJ HAB) | MIGUEL HIDALGO,88605.01000000001,1510,1.0,-0.0
LOMAS ALTAS | MIGUEL HIDALGO,192370.91,615,3.388076398869247,0.5835767917767953
LOMAS DE  PADIERNA I | TLALPAN,2178.66,2956,2.687844822046579,1.0572362805022602
LOMAS DE  PADIERNA II | TLALPAN,41507.16,2554,3.9451648823961936,0.16954520123315908
LOMAS DE AXOMIATLA | ALVARO OBREGON,27121.79,510,3.7919488352354325,0.511363136625163
LOMAS DE BARRILACO (LOMAS DE CHAPULTEPEC) | MIGUEL HIDALGO,156899.58000000002,1779,4.0,-0.0
LOMAS DE BECERRA (U HAB) | ALVARO OBREGON,57939.770000000004,672,2.0,-0.0
LOMAS DE BECERRA ARVIDE (U HAB) | ALVARO OBREGON,48117.08,870,1.0,-0.0
LOMAS DE BECERRA | ALVARO OBREGON,1032.85,2311,1.0,-0.0
LOMAS DE BEZARES | MIGUEL HIDALGO,155028.46,1142,3.7683267962540556,0.46792794564222295
LOMAS DE CAPULA | ALVARO OBREGON,6407.139999999999,1351,1.088740061868478,0.29961305382973197
LOMAS DE CHAMONTOYA | ALVARO OBREGON,2130.11,1747,1.0,-0.0
LOMAS DE CHAPULTEPEC | MIGUEL HIDALGO,817137.38,1581,3.788229930198518,0.26524550740270225
LOMAS DE CUAUTEPEC | GUSTAVO A. MADERO,6902.01,3087,1.280793565932243,0.5937012490324415
LOMAS DE CUILOTEPEC | TLALPAN,0.0,510,0.0,-0.0
LOMAS DE GUADALUPE | ALVARO OBREGON,46148.96,390,3.4773030638176894,0.46253402150954814
LOMAS DE LA ERA | ALVARO OBREGON,2212.12,3774,1.6393685695170244,0.6537806322305472
LOMAS DE LA ESTANCIA I | IZTAPALAPA,282.45,2072,1.0,-0.0
LOMAS DE LA ESTANCIA II | IZTAPALAPA,70443.37,3972,1.0,-0.0
LOMAS DE LAS AGUILAS | ALVARO OBREGON,10324.49,914,1.9665968972801564,0.6925891931332424
LOMAS DE LOS ANGELES TETELPAN | ALVARO OBREGON,24721.670000000002,1181,2.2628568377459937,0.7119916134479753
LOMAS DE LOS CEDROS | ALVARO OBREGON,0.0,1345,0.0,-0.0
LOMAS DE MEMETLA | CUAJIMALPA DE MORELOS,40637.32,1564,1.4565655412315577,0.7854227637450236
LOMAS DE NUEVO MEXICO | ALVARO OBREGON,4767.610000000001,418,1.0,-0.0
LOMAS DE PADIERNA (AMPL) | TLALPAN,48312.84,2956,4.0,-0.0
LOMAS DE PLATEROS (U HAB) I | ALVARO OBREGON,221696.99,3313,1.9988684555437584,0.008807496013226189
LOMAS DE PLATEROS (U HAB) II | ALVARO OBREGON,190155.58,2484,1.920793278850928,0.2768276214751207
LOMAS DE PUERTA GRANDE | ALVARO OBREGON,9481.34,952,1.0476504375963736,0.1915381070648548
LOMAS DE REFORMA (LOMAS DE CHAPULTEPEC) | MIGUEL HIDALGO,108003.16,450,4.0,-0.0
LOMAS DE REFORMA | MIGUEL HIDALGO,69075.45,733,4.0,-0.0
LOMAS DE SAN ANGEL INN | ALVARO OBREGON,89365.04,908,3.755485814139399,0.40479472394193006
LOMAS DE SAN BERNABE | LA MAGDALENA CONTRERAS,1650.7499999999998,2032,1.0222989550204453,0.10685619495065535
LOMAS DE SAN LORENZO I | IZTAPALAPA,69976.95999999999,3898,1.6378216487255237,0.6546612512778663
LOMAS DE SAN LORENZO II | IZTAPALAPA,134472.2,104459,1.4647501862838563,0.6906600191504593
LOMAS DE SANTA CRUZ MEYEHUALCO | IZTAPALAPA,60.42999999999999,1645,1.0,-0.0
LOMAS DE SANTA FE II | ALVARO OBREGON,502583.64,1122,3.7341116595040775,0.2993553428126683
LOMAS DE SANTA FE | ALVARO OBREGON,7132.57,85,4.0,-0.0
LOMAS DE SANTO DOMINGO (AMPL) | ALVARO OBREGON,7626.95,284,1.907842584519369,0.30750108166789747
LOMAS DE SANTO DOMINGO | ALVARO OBREGON,2720.77,187,1.0,-0.0
LOMAS DE SOTELO | MIGUEL HIDALGO,162766.65,2409,1.4909684508466567,0.6291821307150132
LOMAS DE TARANGO | ALVARO OBREGON,32876.84,944,2.571521472258283,0.993738022951903
LOMAS DE TETELPAN | ALVARO OBREGON,22970.29,1552,1.0,-0.0
LOMAS DE VISTA HERMOSA | CUAJIMALPA DE MORELOS,434802.38,2317,3.130049748117754,0.6021368340345702
LOMAS DE ZARAGOZA | IZTAPALAPA,4160.0,4834,1.3576923076923078,0.6520788635661012
LOMAS DEL CHAMIZAL | CUAJIMALPA DE MORELOS,100129.61,1395,1.5417956786209395,0.7207476203692693
LOMAS ESTRELLA 1A SECC (FRACC) | IZTAPALAPA,36373.479999999996,861,1.6103144378816656,0.6686072271254891
LOMAS ESTRELLA 2A SECC I | IZTAPALAPA,148881.71,3375,1.1913208815239966,0.48813259794721753
LOMAS ESTRELLA 2A SECC II | IZTAPALAPA,166122.16,4123,2.0231314112457963,0.06307826775892662
LOMAS HIDALGO | TLALPAN,212.4,653,1.0,-0.0
LOMAS QUEBRADAS | LA MAGDALENA CONTRERAS,44090.93,1260,3.1139447500880566,0.8708945804330481
LOMAS VIRREYES (LOMAS DE CHAPULTEPEC) | MIGUEL HIDALGO,217188.87,1060,3.919731384025342,0.12327894357741906
LOPEZ PORTILLO | TLAHUAC,2058.7200000000003,1196,1.1282350198181392,0.23814980811342315
LORENZO BOTURINI | VENUSTIANO CARRANZA,160614.901,2840,2.190292879488186,1.1539629545673882
LORETO PEA POBRE (U HAB) | XOCHIMILCO,18378.260000000002,348,1.0266330980190725,0.12283622071314038
LORETO | ALVARO OBREGON,948.56,286,3.0,-0.0
LOS  ENCINOS | TLALPAN,374.94,610,3.0379794100389397,1.2258679138981958
LOS ANGELES APANOAYA | IZTAPALAPA,3045.84,1257,1.5368042970083786,0.6904356162555358
LOS ANGELES | IZTAPALAPA,8738.56,3907,1.4850513128021094,0.6927001874571495
LOS CEDROS (FRACC) | COYOACAN,18983.18,314,4.0,-0.0
LOS CERRILLOS II | XOCHIMILCO,2296.05,1664,1.0,-0.0
LOS CERRILLOS III | XOCHIMILCO,1326.92,1561,1.0,-0.0
LOS CIPRESES | COYOACAN,65307.03999999999,604,2.7248742248921407,0.6818672782709007
LOS CIPRESES | IZTAPALAPA,37426.41,766,2.0,-0.0
LOS GIRASOLES I | COYOACAN,28117.589999999997,302,2.9259410212610684,0.6522702603229499
LOS GIRASOLES II | COYOACAN,20225.329999999998,501,3.608997727107543,0.38702130635016463
LOS GIRASOLES III | COYOACAN,62185.880000000005,1200,2.133633229922934,0.6630156141229988
LOS MORALES (POLANCO) | MIGUEL HIDALGO,280295.32,1515,3.6987146984830144,0.32602332029087555
LOS OLIVOS (FRACC) | COYOACAN,13351.920000000002,349,3.79010209767584,0.25355090636797967
LOS OLIVOS (U HAB) | COYOACAN,17103.09,185,1.8832930189807808,0.6060715991800882
LOS OLIVOS | TLAHUAC,73337.47,2551,2.165153638378853,1.125547160429013
LOS PADRES | LA MAGDALENA CONTRERAS,278.63,1868,2.0,-0.0
LOS PICOS VI B | IZTAPALAPA,5734.5,689,1.1276606504490365,0.3819153812355236
LOS REYES (AMPL) | IZTAPALAPA,32199.83,2035,1.5556252936739106,0.6869460051374332
LOS REYES (BARR) | AZCAPOTZALCO,71157.16,1161,2.0,-0.0
LOS REYES (PBLO) | COYOACAN,216601.73000000004,5586,2.017933651776465,0.8513571230445871
LOS REYES (PBLO) | IZTAPALAPA,64279.81,1827,1.7287677110433277,0.5844806540296639
LOS REYES | IZTACALCO,95466.7,2168,1.834217585817882,0.5584314489560965
LOS SAUCES (FRACC) | COYOACAN,8176.87,372,4.0,-0.0
LOS VOLCANES | TLALPAN,2315.0699999999997,1343,2.1231453044616364,0.7026448832325187
M MAZA DE JUAREZ (U HAB) | IZTAPALAPA,1708.1000000000001,777,2.0,-0.0
MA ESTHER ZUNO DE ECHEVERRIA-TLALPUENTE | TLALPAN,229.79,774,2.0,-0.0
MAGDALENA  MIXHUCA (PBLO) | VENUSTIANO CARRANZA,105824.28,1761,1.9748748585863285,0.34646056077624937
MAGDALENA  MIXHUCA | VENUSTIANO CARRANZA,128468.70000000001,1409,1.7014998205788647,0.7356262372403719
MAGDALENA ATLAZOLPA (PBLO) | IZTAPALAPA,37311.810000000005,1794,1.8459876376943383,0.42960625941003994
MAGDALENA DE LAS SALINAS | GUSTAVO A. MADERO,440823.13,989,1.2522930228275453,0.4647804376253641
MALACATES (AMPL) | GUSTAVO A. MADERO,0.0,1937,0.0,-0.0
MALACATES | GUSTAVO A. MADERO,62.4,1941,1.0,-0.0
MANUEL AVILA CAMACHO | MIGUEL HIDALGO,5052.5,15,1.0,-0.0
MANZANASTITLA | CUAJIMALPA DE MORELOS,7526.29,1347,3.0,-0.0
MARGARITA M DE JUAREZ | ALVARO OBREGON,9766.279999999999,240,1.0,-0.0
MARIA DEL CARMEN | BENITO JUAREZ,75581.39,1318,2.1989452694638194,0.32392268596393003
MARIA G DE GARCIA RUIZ | ALVARO OBREGON,27207.0,739,1.635700738780461,0.6558517926119898
MARINA NACIONAL (U HAB) | MIGUEL HIDALGO,42087.37,626,2.0,-0.0
MARTIN CARRERA I | GUSTAVO A. MADERO,166957.94,2768,1.9612117279357901,0.8819903950606431
MARTIN CARRERA II | GUSTAVO A. MADERO,114567.16,2448,1.9824941981628945,0.7865891836235178
MARTIRES DE RIO BLANCO (AMPL) | GUSTAVO A. MADERO,14102.529999999999,291,2.7821554004848776,0.963603396063778
MARTIRES DE RIO BLANCO | GUSTAVO A. MADERO,109642.31,1650,2.640296159393213,0.8344393165944319
MARTIRES DE TACUBAYA | ALVARO OBREGON,12029.210000000001,195,1.9477579990705958,0.2050644998467272
MAXIMINO AVILA CAMACHO | GUSTAVO A. MADERO,36701.85,579,1.958779462070713,0.9955631883789453
MEDIA LUNA | COYOACAN,5325.55,171,2.007073447812902,0.6931221635193462
MEMETLA | CUAJIMALPA DE MORELOS,3909.94,189,3.0,-0.0
MERCED BALBUENA | VENUSTIANO CARRANZA,117426.07,1286,1.8584190887083252,1.191237342443421
MERCED GOMEZ | ALVARO OBREGON,213902.97999999998,2239,2.008528492683926,0.1253590650186541
MERCED GOMEZ | BENITO JUAREZ,47372.600000000006,1062,3.6442707387814894,0.46814003033470725
"MESA LOS HORNOS, TEXCALTENCO | TLALPAN",3558.85,2849,1.0,-0.0
METROPOLITANO (U HAB) | ALVARO OBREGON,25576.5,611,1.0,-0.0
MEXICALTZINGO (PBLO) | IZTAPALAPA,22522.73,326,1.5186755779605758,0.6924494638509848
MEXICO NUEVO | MIGUEL HIDALGO,72786.01,1269,2.525656647479371,0.6918300750829418
MICHOACANA (AMPL) | VENUSTIANO CARRANZA,35282.78,704,1.841874421459987,0.4365485486421431
MICHOACANA | VENUSTIANO CARRANZA,20320.08,301,3.190546986035488,0.7565420117637539
MIGUEL ALEMAN | BENITO JUAREZ,31928.690000000002,335,2.4210219711488317,0.9638822840784087
MIGUEL DE LA MADRID HURTADO | IZTAPALAPA,1257.67,4172,1.0,-0.0
MIGUEL GAONA ARMENTA | ALVARO OBREGON,0.0,534,0.0,-0.0
MIGUEL HIDALGO (U HAB) | AZCAPOTZALCO,12353.93,765,1.2113975067043443,0.5158023861671748
MIGUEL HIDALGO OTE | TLAHUAC,25830.79,3885,2.3932674920124395,1.032019504759594
MIGUEL HIDALGO | ALVARO OBREGON,17767.309999999998,614,2.0,-0.0
MIGUEL HIDALGO | TLAHUAC,46463.57,2850,2.2027323772150957,1.1409511440951905
MIGUEL HIDALGO | TLALPAN,40525.490000000005,4245,1.784886253071832,0.9092419976167223
MIGUEL HIDALGO | VENUSTIANO CARRANZA,4839.070000000001,95,1.9421169770224442,0.22110240968155898
MILITAR 1 K LOMAS DE SOTELO (U HAB) | MIGUEL HIDALGO,389967.98,1295,1.0,-0.0
MILITAR MARTE | IZTACALCO,97988.78,2189,3.5860099493023587,0.8099613385094186
MINAS DE CRISTO | ALVARO OBREGON,36926.57,861,1.334202987171568,0.7449667957212316
MINERVA | IZTAPALAPA,25714.35,474,2.0,-0.0
MIRADOR 1A SECC | TLALPAN,40.55,539,1.0,-0.0
MIRADOR DEL VALLE | TLALPAN,4.23,215,1.0,-0.0
MIRADOR I | TLALPAN,0.0,556,0.0,-0.0
MIRASOLES (U HAB) | IZTAPALAPA,196175.96000000002,2902,2.0,-0.0
MIRAVALLE | BENITO JUAREZ,53513.0,824,2.2837161063666773,0.40832210605549346
MIRAVALLE | IZTAPALAPA,866.75,3510,1.0,-0.0
MIXCOAC | BENITO JUAREZ,186552.03,1913,2.993668844021692,0.8953096157069411
MIXCOATL | IZTAPALAPA,11212.48,1789,1.1658919347013328,0.449312162429733
MOCTEZUMA 1A SECCION | VENUSTIANO CARRANZA,200197.81000000003,3545,2.100691760813967,0.2976483285222272
MOCTEZUMA 2A SECCION I | VENUSTIANO CARRANZA,309791.65,4008,1.8567696062821577,0.8586647266527105
MOCTEZUMA 2A SECCION II | VENUSTIANO CARRANZA,197266.80000000002,3234,2.115242757524327,0.24622657615356391
MOCTEZUMA 2A SECCION III | VENUSTIANO CARRANZA,208542.59,3969,2.040609162857333,0.9725169876972888
MOCTEZUMA 2A SECCION IV | VENUSTIANO CARRANZA,167739.24,3180,2.084620450170157,0.6310799095071912
MODELO (U) | IZTAPALAPA,74453.47,1980,1.7526824471713676,0.5593689410916722
MODELO PENSIL | MIGUEL HIDALGO,58021.48,789,2.5803843679961282,0.6801676331641444
MODERNA | BENITO JUAREZ,246813.88999999998,3695,2.1423696616102115,0.4445493670343649
MOLINO DE ROSAS (AMPL) | ALVARO OBREGON,9488.58,320,2.0,-0.0
MOLINO DE ROSAS | ALVARO OBREGON,102691.21999999999,2186,2.462733522885404,1.1168744482018973
MOLINO DE SANTO DOMINGO (U HAB) | ALVARO OBREGON,3111.83,426,1.2803559320399893,0.5932891674704988
MOLINO DE SANTO DOMINGO | ALVARO OBREGON,53078.020000000004,1420,1.9447468085659563,0.21370162040338972
MOLINO DEL REY | MIGUEL HIDALGO,15121.42,166,3.915220925018947,0.17546525678103014
MONTE ALBAN | IZTAPALAPA,0.0,355,0.0,-0.0
MONTE ALTO | AZCAPOTZALCO,10555.61,291,1.9874843803437223,0.06726511975786036
MONTE DE PIEDAD | COYOACAN,18189.16,715,2.9666196789736308,0.8577949838664449
MORALES SECCION ALAMEDA (POLANCO) | MIGUEL HIDALGO,57215.09,456,4.0,-0.0
MORALES SECCION PALMAS (POLANCO) | MIGUEL HIDALGO,200319.51,758,4.0,-0.0
MORELOS I | CUAUHTEMOC,252688.59999999998,3548,1.1823785877162645,0.5039950964787787
MORELOS I | VENUSTIANO CARRANZA,358026.57,5195,1.099926829452909,0.3249221715165421
MORELOS II | CUAUHTEMOC,261139.11000000002,3763,1.0368768201745038,0.15788820776075857
MORELOS II | VENUSTIANO CARRANZA,356947.7,5633,1.1898958026624067,0.49067669609505865
MORELOS III | CUAUHTEMOC,287613.67000000004,3400,1.423970216714664,0.7704949890914563
MOSCO CHINAMPA | IZTACALCO,6378.97,307,1.7469230925995891,0.5656902951659797
MOVIMIENTO ORGANIZADO DE TLALPAN-EL MIRADOR (RNCDA) | TLALPAN,0.0,200,0.0,-0.0
NAPOLES (AMPL) | BENITO JUAREZ,175262.97,1911,3.9510692988941134,0.08330880356615508
NAPOLES | BENITO JUAREZ,703459.91,7501,3.3523863214891665,0.8695032883081364
NARCISO BASSOLS (U HAB) | GUSTAVO A. MADERO,84141.43999999999,1292,1.0359650369663271,0.15490162807266933
NARCISO MENDOZA VILLA COAPA SUPERMANZANA 8 (U HAB) | TLALPAN,37898.97,586,3.004402758175222,0.6354920655185309
NARCISO MENDOZA-VILLA COAPA SUPER MANZANA 1 (U HAB) | TLALPAN,84730.65,1261,2.0,-0.0
NARCISO MENDOZA-VILLA COAPA SUPER MANZANA 2 (U HAB) | TLALPAN,81882.23,1249,2.0,-0.0
NARCISO MENDOZA-VILLA COAPA SUPER MANZANA 3 (U HAB) | TLALPAN,83611.51,1347,1.0,-0.0
NARCISO MENDOZA-VILLA COAPA SUPER MANZANA 6 (U HAB) | TLALPAN,100072.87,1049,2.7251186060717556,0.6548765261642104
NARCISO MENDOZA-VILLA COAPA SUPER MANZANA 7 (U HAB) | TLALPAN,83282.3,1095,2.0,-0.0
NARVARTE I | BENITO JUAREZ,394189.42,5147,2.7893138532231534,0.9390773864550086
NARVARTE II | BENITO JUAREZ,251677.89,3614,3.0527517931749983,0.7027901805875485
NARVARTE III | BENITO JUAREZ,223814.19,3363,3.469793045740308,0.5931988379127031
NARVARTE IV | BENITO JUAREZ,339565.75,4484,2.8719639127326593,0.9457741608889256
NARVARTE V | BENITO JUAREZ,276993.32,3800,3.683081274306543,0.4724915107182294
NARVARTE VI | BENITO JUAREZ,209196.11,3123,3.467627098802172,0.6210800121234299
NATIVITAS (U HAB) | XOCHIMILCO,48781.770000000004,739,1.9900032327650266,0.05598667888422913
NATIVITAS LA JOYA (AMPL) | XOCHIMILCO,517.85,4354,1.0,-0.0
NATIVITAS | BENITO JUAREZ,250572.22,3444,2.1601518715841683,0.5897550543683424
NATIVITAS | XOCHIMILCO,112.38,574,1.0,-0.0
NAVIDAD (GRANJAS DE NAVIDAD) | CUAJIMALPA DE MORELOS,85116.60999999999,2754,3.1300266775192296,1.0720079714566637
NEXTENGO (BARR) | AZCAPOTZALCO,58635.170000000006,725,2.0311096565423106,0.1385785350380642
NEXTITLA | MIGUEL HIDALGO,48550.61,686,2.726862546114251,1.0397425310712918
NICOLAS BRAVO | VENUSTIANO CARRANZA,55288.89,1445,1.744114956910873,0.5687086452416367
NIO JESUS (BARR) | TLALPAN,107256.51999999999,535,2.0081956789200324,1.2695952352163298
NIOS HEROES DE CHAPULTEPEC | BENITO JUAREZ,207954.06,5002,1.88597101686786,0.35485686391971494
NOCHE BUENA | BENITO JUAREZ,116040.31,1346,4.0,-0.0
NONOALCO | BENITO JUAREZ,263023.53,4309,3.163649769281098,0.8502617056779005
NORMA ISSSTE (U HAB) | IZTAPALAPA,9997.65,647,1.0,-0.0
NUEVA ARGENTINA (ARGENTINA PONIENTE) | MIGUEL HIDALGO,75131.22,1753,2.5182072113297242,1.1227787782101681
NUEVA ATZACOALCO I | GUSTAVO A. MADERO,59213.44,,1.9261508873661113,0.8165229287727765
NUEVA ATZACOALCO II | GUSTAVO A. MADERO,122506.9,2875,2.125041365016991,0.7524318921524479
NUEVA ATZACOALCO III | GUSTAVO A. MADERO,109589.51000000001,2998,2.4187557732487353,0.86386777168246
NUEVA DIAZ ORDAZ | COYOACAN,720.78,612,1.0,-0.0
NUEVA EL ROSARIO | AZCAPOTZALCO,42336.67,66,1.106991645776581,0.34017905096852274
NUEVA ESPAA | AZCAPOTZALCO,19555.73,529,1.460825036958477,0.8478222758787743
NUEVA INDUSTRIAL VALLEJO (FRACC) | GUSTAVO A. MADERO,151108.51,1417,1.9271981439033445,1.030758449918125
NUEVA ORIENTAL COAPA-EX HACIENDA COAPA | TLALPAN,82549.74,1239,3.203149882725251,0.5788502089640025
NUEVA SANTA MARIA | AZCAPOTZALCO,252063.19999999995,3300,2.1370575316031855,0.7955754224057617
NUEVA STA ANITA | IZTACALCO,59619.45,792,2.664128568780826,1.117249992258129
NUEVA TENOCHTITLAN | GUSTAVO A. MADERO,115218.69,2208,2.032566764992728,0.6790953685522605
NUEVA VALLEJO | GUSTAVO A. MADERO,130760.54,1187,2.747757236242677,1.3012008587507657
NUEVO RENACIMIENTO DE AXALCO | TLALPAN,187.76,218,2.0,-0.0
NUEVO SAN RAFAEL (BARR) | AZCAPOTZALCO,8972.039999999999,645,1.8529353413493477,0.41758346909515054
OBRERA I | CUAUHTEMOC,300725.93,3704,2.365346912386305,1.1782788078483784
OBRERA II | CUAUHTEMOC,236860.45999999996,3137,1.7852640326713882,0.7489980886184405
OBRERA III | CUAUHTEMOC,212624.38,3022,1.9895466832166657,0.7309902596267726
OBRERA IV | CUAUHTEMOC,207542.11000000002,2445,1.9511001405931547,0.6191018323836806
OBRERO POPULAR | AZCAPOTZALCO,157980.01,1707,1.8004789340119676,0.6792021933995053
OBSERVATORIO | MIGUEL HIDALGO,75459.84,1325,2.380375044526996,0.9290877189977774
OCHO DE AGOSTO | ALVARO OBREGON,23810.14,619,2.16472897681408,0.667955664116419
OCHO DE AGOSTO | BENITO JUAREZ,86041.02,1367,1.9832334623648116,0.0851729996262979
OCOTILLOS | ALVARO OBREGON,5964.1,164,1.0,-0.0
OJO DE AGUA | TLAHUAC,4628.96,862,1.716016124572258,1.0583201674362677
OLIMPICA | COYOACAN,14972.99,425,4.0,-0.0
OLIVAR DE LOS PADRES | ALVARO OBREGON,387025.56,4952,2.1984779506552488,1.20295892130675
OLIVAR DEL CONDE 1RA SECCION I | ALVARO OBREGON,49881.979999999996,1999,1.428133165523903,0.6827816320931046
OLIVAR DEL CONDE 1RA SECCION II | ALVARO OBREGON,43738.84,2100,1.3434105705592558,0.6432718133198467
OLIVAR DEL CONDE 2DA SECCION I | ALVARO OBREGON,75266.57,2287,1.9131953269559114,0.29508199332055435
OLIVAR DEL CONDE 2DA SECCION II | ALVARO OBREGON,57632.51,2197,1.8010957704254074,0.8123281074388065
OLIVAR SANTA MARIA | XOCHIMILCO,2234.2300000000005,,1.0081012250305472,0.026356765005120186
OXTOPULCO UNIVERSIDAD | COYOACAN,69240.93,866,2.6924521377745796,1.0355795730244926
PALMAS | ALVARO OBREGON,12488.55,889,1.388662414771931,0.6681460068152018
PALMATITLA | GUSTAVO A. MADERO,4542.530000000001,3192,1.239624174193676,0.550646334057453
PALMITAS (POLANCO) | MIGUEL HIDALGO,140916.22,805,4.0,-0.0
PALMITAS | IZTAPALAPA,1467.4199999999998,2677,1.1650856605470827,0.4480076563117237
PALO ALTO (GRANJAS) | CUAJIMALPA DE MORELOS,126604.08000000002,619,1.9580769434918683,0.6263853311393486
PANAMERICANA (AMPL) | GUSTAVO A. MADERO,19357.02,387,2.3584663341774714,0.6525306708355749
PANAMERICANA | GUSTAVO A. MADERO,72699.26,1630,2.3362420745410617,1.373035390513463
PANTACO (U HAB) | AZCAPOTZALCO,17593.69,336,2.0,-0.0
PANTITLAN I | IZTACALCO,248019.11,4065,1.6215927877492988,0.6632789931561962
PANTITLAN II | IZTACALCO,195563.04,3249,1.6581404134441764,0.7358834426986669
PANTITLAN III | IZTACALCO,186178.72,3327,1.9284970376850803,0.25750940769545727
PANTITLAN IV | IZTACALCO,346151.71,5587,1.7268510099227878,0.5863658028422379
PANTITLAN V | IZTACALCO,396850.59,6457,1.8477175755238262,0.4266478391154798
PARAISO | IZTAPALAPA,5577.3099999999995,1969,1.1960963260066233,0.4949429265921119
PARAJE 38 | TLALPAN,27.740000000000002,875,1.0,-0.0
PARAJE SAN JUAN | IZTAPALAPA,3387.4300000000003,2838,1.7641250151294638,0.5462782789563493
PARAJE ZACATEPEC | IZTAPALAPA,2841.85,2703,1.511663177155726,0.6928750964797359
PARAJES BUENAVISTA (TETECON) | IZTAPALAPA,71.69999999999999,2239,1.4846582984658299,0.6926763710561823
PARQUE METROPOLITANO | GUSTAVO A. MADERO,153.3,877,2.0,-0.0
PARQUE SAN ANDRES | COYOACAN,183712.1,2084,3.2092017346707156,0.9929312422394604
PARQUES DEL PEDREGAL | TLALPAN,82294.92,659,3.7663497333735787,0.2735692717784066
PARRES EL GUARDA (PBLO) | TLALPAN,12.73,804,1.0,-0.0
PASEO DE LAS LOMAS-SAN GABRIEL | ALVARO OBREGON,78898.6,1248,3.999686306220896,0.001062967397969192
PASEOS DE CHURUBUSCO | IZTAPALAPA,143563.80000000002,3579,1.6574685261883566,0.6427003280290683
PASEOS DE TAXQUEA I | COYOACAN,39678.92,2820,2.2185049391465292,0.3449495847073056
PASEOS DE TAXQUEA II | COYOACAN,56541.69,2134,2.1750289034515946,0.963378066591438
PASEOS DEL SUR | XOCHIMILCO,33245.23,528,2.717289969117374,1.3312483097188634
PASTEROS | AZCAPOTZALCO,105775.27,2284,1.630540862717722,0.6782290675219861
PATRIMONIO FAMILIAR | AZCAPOTZALCO,5866.17,270,2.0,-0.0
PAULINO NAVARRO | CUAUHTEMOC,93609.04,1484,2.0575940101511567,1.0801766746029697
PEA ALTA | TLAHUAC,453.91999999999996,1746,1.0,-0.0
PEDREGAL DE LAS AGUILAS | TLALPAN,12451.45,589,2.012732653626686,0.9392684222865663
PEDREGAL DE SAN ANGEL (AMPL) | COYOACAN,34428.53,468,3.5191813301352104,0.4401221162716795
PEDREGAL DE SAN FRANCISCO (FRACC) | COYOACAN,19569.920000000002,408,1.2787512672509647,0.30923544993229674
PEDREGAL DE SANTA URSULA I | COYOACAN,17633.690000000002,2884,2.9333934077325843,0.984433284729946
PEDREGAL DE SANTA URSULA II | COYOACAN,1294.03,2946,1.8829161611400045,0.3610741934841306
PEDREGAL DE SANTA URSULA III | COYOACAN,7711.35,2574,1.4122767090068535,0.6776764820548941
PEDREGAL DE SANTA URSULA IV | COYOACAN,3348.28,3216,1.9509748288673587,0.19563485396799385
PEDREGAL DE SN NICOLAS 1A SECC | TLALPAN,726.4200000000001,3127,3.3042041794003465,1.0313238728658431
PEDREGAL DE SN NICOLAS 2A SECC | TLALPAN,796.1600000000001,2295,2.915519493569132,0.2804153737691496
PEDREGAL DE SN NICOLAS 3A SECC | TLALPAN,502.97,2978,2.5886036940572996,0.7367515942796047
PEDREGAL DE SN NICOLAS 4A SECC I | TLALPAN,48.88,2972,1.8351063829787235,0.4476962459218433
PEDREGAL DE SN NICOLAS 4A SECC II | TLALPAN,1250.9,2975,1.9667599328483492,0.2806522803882258
PEDREGAL DE STA URSULA XITLA | TLALPAN,428.5,1447,1.3746557759626605,0.6613871468893606
PEDREGAL DE STO DOMINGO I | COYOACAN,2508.25,2516,1.6159872421010664,0.6659944383470676
PEDREGAL DE STO DOMINGO II | COYOACAN,6894.08,3270,1.1553042610471593,0.4318005823372125
PEDREGAL DE STO DOMINGO III | COYOACAN,8030.29,2549,1.4753352618647646,0.6919299880126135
PEDREGAL DE STO DOMINGO IV | COYOACAN,261.94,2841,1.2214629304420859,0.5287533172722345
PEDREGAL DE STO DOMINGO IX | COYOACAN,6950.110000000001,2175,1.8846406747519102,0.3575756436979262
PEDREGAL DE STO DOMINGO V | COYOACAN,1263.46,2991,1.0458581989140932,0.18613445880763388
PEDREGAL DE STO DOMINGO VI | COYOACAN,1763.11,3630,1.0278088151051268,0.12704087601437347
PEDREGAL DE STO DOMINGO VII | COYOACAN,7458.999999999999,3442,1.13063949591098,0.3876005562229935
PEDREGAL DE STO DOMINGO VIII | COYOACAN,536.65,2032,1.766943072766235,0.5429437594448705
PEDREGAL DEL MAUREL | COYOACAN,122178.37,840,1.0,-0.0
PEMEX PRADOS DEL ROSARIO (U HAB) | AZCAPOTZALCO,13077.970000000001,1008,1.0,-0.0
PENITENCIARIA (AMPL) | VENUSTIANO CARRANZA,142930.9,2126,1.5394810359411437,0.6900264284440555
PENSADOR MEXICANO I | VENUSTIANO CARRANZA,97822.5,1447,1.9832388254235989,0.43671361384917373
PENSADOR MEXICANO II | VENUSTIANO CARRANZA,94374.68,2016,1.9932091955172724,0.34858847771533535
PENSIL NORTE | MIGUEL HIDALGO,100584.31,3100,1.870410603800931,1.020496105828229
PENSIL SAN JUANICO | MIGUEL HIDALGO,143670.84999999998,1945,1.842348813277015,1.000372729555399
PENSIL SUR | MIGUEL HIDALGO,23647.38,823,2.822785864649699,0.4915423505367553
PEON DE LOS BAOS | VENUSTIANO CARRANZA,275628.27,612,1.446833809899108,0.8781293298951505
PERALVILLO I | CUAUHTEMOC,225211.56999999998,3510,1.8754492497876551,0.6008432291081338
PERALVILLO II | CUAUHTEMOC,234031.12000000002,3276,1.7845366889668346,0.5390471954138406
PERIODISTA FRANCISCO ZARCO | BENITO JUAREZ,11771.21,319,3.4925109653128272,0.5672433434089321
PERIODISTA | MIGUEL HIDALGO,70651.84,281,3.6697517007341918,0.3575354091782251
PETROLERA TAXQUEA | COYOACAN,26186.1,387,2.858007874406651,0.8061102949409398
PETROLERA | AZCAPOTZALCO,57718.240000000005,964,2.440044602884634,0.9159526913907492
PICOS IZTACALCO 1-A | IZTACALCO,2503.01,488,3.983376015277606,0.03431603417644785
PICOS IZTACALCO 1B | IZTACALCO,1756.27,428,1.0,-0.0
PICOS IZTACALCO 2A | IZTACALCO,2799.29,497,1.2791600727327286,0.5921582876211875
PIEDAD NARVARTE | BENITO JUAREZ,182560.18000000002,2064,2.274177315118773,1.0562660803172501
PILOTO (ADOLFO LOPEZ MATEOS) (AMPL) | ALVARO OBREGON,30074.1,2510,1.7524231814085873,0.9366646253300471
PILOTO (ADOLFO LOPEZ MATEOS) | ALVARO OBREGON,39819.89,1464,1.8987674250230222,0.5351067720307651
PILOTO CULHUACAN (U HAB) | COYOACAN,44895.45,919,1.9148481639007962,0.29117505831639684
PLAN DE AYALA | TLALPAN,89.43,385,1.0,-0.0
PLANETARIO LINDAVISTA | GUSTAVO A. MADERO,16463.510000000002,260,4.0,-0.0
PLAZA ORIENTE (RDCIAL) | GUSTAVO A. MADERO,14755.31,289,2.0,-0.0
PLAZUELA DEL PEDREGAL | LA MAGDALENA CONTRERAS,115.8,155,1.0,-0.0
PLENITUD | AZCAPOTZALCO,54370.96,1179,1.5786590856589622,0.6807211221597786
PLUTARCO ELIAS CALLES | MIGUEL HIDALGO,41350.95,422,1.4838616766966661,0.8693142254363683
POLANCO REFORMA (POLANCO) | MIGUEL HIDALGO,438902.96,2676,4.0,-0.0
POLVORA | ALVARO OBREGON,21721.54,473,2.8340771418601074,0.7061867161454536
POLVORILLA (AMPL) | IZTAPALAPA,118.62,1413,2.0,-0.0
POPO (AMPL) | MIGUEL HIDALGO,8317.27,157,2.4001721718785127,0.6730814149449685
POPO | MIGUEL HIDALGO,24773.0,615,2.112331570661607,0.936353272688485
POPOTLA I | MIGUEL HIDALGO,115973.67000000001,1722,3.0079582719077527,0.8522037001150475
POPOTLA II | MIGUEL HIDALGO,232847.84,3604,2.7698003125130986,1.168419604835559
POPULAR RASTRO | VENUSTIANO CARRANZA,102092.03,2035,1.7227283069990869,0.7475388752987923
POPULAR STA TERESA | TLALPAN,968.4100000000001,2209,1.9164403506779155,0.2873783301201123
PORTAL DEL SOL | CUAJIMALPA DE MORELOS,246499.41,944,3.4878458329778557,0.4570229566350409
PORTALES I | BENITO JUAREZ,288889.86,3871,2.2716626675647253,0.8058838181063617
PORTALES II | BENITO JUAREZ,326202.47000000003,5322,2.3089212046738945,0.6321953307922172
PORTALES III | BENITO JUAREZ,283482.65,4472,2.391115047076073,0.5387869757881365
PORTALES IV | BENITO JUAREZ,121131.11,2468,2.9483385399506368,0.917055265366892
PORTALES ORIENTE | BENITO JUAREZ,154906.97,2545,2.2360787251858323,0.558417715618837
PORVENIR | AZCAPOTZALCO,55359.04,887,1.7281934441059674,0.710724179071941
POSTAL | BENITO JUAREZ,90042.76000000001,1383,2.256487917518299,0.8537700243576147
POTRERILLO (AMPL) | LA MAGDALENA CONTRERAS,0.0,656,0.0,-0.0
POTRERILLO | LA MAGDALENA CONTRERAS,645.68,810,2.0,-0.0
POTRERO DE SAN BERNARDINO | XOCHIMILCO,61779.26,735,2.981180253696791,1.0620797527332329
POTRERO DEL LLANO | AZCAPOTZALCO,11328.529999999999,313,1.9540867173410852,0.18630161754162713
PRADO CHURUBUSCO | COYOACAN,213758.09,3504,2.796954772565567,1.0050192780422278
PRADO COAPA 2A SECCION | TLALPAN,27248.82,650,2.7573784846463076,1.0944142025878738
PRADO COAPA 3A SECCION-POTRERO ACOXPA | TLALPAN,36800.51,795,3.266069410451105,0.6260717689419601
PRADOS DE COYOACAN | COYOACAN,29802.59,856,3.335941943300901,0.5597440460027948
PRADOS DE CUAUTEPEC | GUSTAVO A. MADERO,296.17,139,2.0,-0.0
PRADOS DEL ROSARIO | AZCAPOTZALCO,28277.6,651,2.1165777859507173,0.4401314317635922
PRADOS LA PROVIDENCIA | ALVARO OBREGON,3732.55,531,2.6227940683982798,0.48419089809437243
PRESIDENTE MADERO (U HAB) | AZCAPOTZALCO,102133.31,1390,1.0,-0.0
PRESIDENTES 1RA (AMPL) | ALVARO OBREGON,11513.279999999999,789,2.0790261332999806,0.5103057001954846
PRESIDENTES 2DA (AMPL) | ALVARO OBREGON,4162.12,1412,2.0,-0.0
PRESIDENTES DE MEXICO | IZTAPALAPA,4911.08,4419,1.6222969285778281,0.6629284637790472
PRESIDENTES EJIDALES PRIMERA SECCION | COYOACAN,26540.31,1038,3.847864248759717,0.4263959455915428
PRESIDENTES EJIDALES SEGUNDA SECCION | COYOACAN,84989.48,1177,2.0239832035682532,1.1586971622191884
PRESIDENTES | ALVARO OBREGON,40736.65,1522,1.947982222396785,0.20441414462452195
PRIMERO DE MAYO | VENUSTIANO CARRANZA,11494.28,716,1.8707017751438106,0.38505048011373566
PRIVADA CENTENARIO | ALVARO OBREGON,3180.79,348,2.0,-0.0
PRIVADA GAVILAN (U HAB) | IZTAPALAPA,442.40999999999997,638,1.0,-0.0
PRO HOGAR I | AZCAPOTZALCO,132829.38999999998,1678,1.9368516259842796,0.23554391228977709
PRO HOGAR II | AZCAPOTZALCO,127208.48,2206,1.9906701188474227,0.10278450943380003
PROF JOSE ARTURO LOPEZ | ALVARO OBREGON,1876.85,643,1.0,-0.0
PROGRESISTA | IZTAPALAPA,79220.51999999999,2783,1.8653427167607586,0.3951450762588153
PROGRESISTA | VENUSTIANO CARRANZA,3265.55,178,1.6493056299857605,0.6478754219517893
PROGRESO DEL SUR | IZTAPALAPA,45929.18,637,1.7215288842517982,0.5915035411580499
PROGRESO NACIONAL (AMPL) | GUSTAVO A. MADERO,101496.75999999998,1638,1.9323044400629146,0.4050170436516164
PROGRESO NACIONAL I | GUSTAVO A. MADERO,116901.33,1859,2.003639821719736,0.01330001275243192
PROGRESO NACIONAL II | GUSTAVO A. MADERO,102856.22,1857,2.0143934902527043,0.04268043648078752
PROGRESO TIZAPAN | ALVARO OBREGON,229021.15,2846,2.210267523326994,0.6605497672716449
PROVIDENCIA (AMPL) | GUSTAVO A. MADERO,3139.65,1787,1.0567738442183046,0.21799677930875555
PROVIDENCIA I | GUSTAVO A. MADERO,4603.99,2393,1.706306920736144,0.605425369298058
PROVIDENCIA II | GUSTAVO A. MADERO,3276.39,2061,1.7522547682052503,0.5598444439656144
PROVIDENCIA III | GUSTAVO A. MADERO,6740.35,2346,1.2766755435548598,0.589786018434613
PROVIDENCIA | AZCAPOTZALCO,102508.4,2311,1.912254312817291,0.2972909046113611
PUEBLA | VENUSTIANO CARRANZA,95122.20000000001,1997,2.388938544314576,1.1819428495518784
PUEBLO NUEVO ALTO | LA MAGDALENA CONTRERAS,389.31,1715,1.0,-0.0
PUEBLO NUEVO BAJO | LA MAGDALENA CONTRERAS,5171.96,1063,1.3844847987996813,0.6662170305821038
PUEBLO NUEVO | ALVARO OBREGON,8138.58,87,1.5535105632677937,0.6874094374747144
PUEBLO QUIETO | TLALPAN,8032.860000000001,182,1.621481016723807,0.6633344401594032
PUENTE BLANCO | IZTAPALAPA,2317.59,2200,1.2821594846370583,0.5949813199581949
PUENTE COLORADO (AMPL) | ALVARO OBREGON,15445.17,829,1.161319040191853,0.44185069049936354
PUENTE COLORADO | ALVARO OBREGON,20252.89,787,1.6189694409044832,0.6645663817965336
PUENTE SIERRA | LA MAGDALENA CONTRERAS,1810.48,30,4.0,-0.0
PUNTA DE CEHUAYO | ALVARO OBREGON,1079.6399999999999,621,1.0,-0.0
PURISIMA ATLAZOLPA | IZTAPALAPA,13728.509999999998,631,1.6507537962969034,0.6469787603465167
PURISIMA I | IZTAPALAPA,4194.83,272,1.0,-0.0
QUIAHUATLA | TLAHUAC,13513.65,1107,1.568030102895961,0.5967055134066713
RAMOS MILLAN BRAMADERO I | IZTACALCO,83711.81999999999,2122,1.8008952618638563,0.6555014370183408
RAMOS MILLAN BRAMADERO II | IZTACALCO,65115.92,2294,1.9182811208073236,0.5678032234387344
RANCHO EL ROSARIO | COYOACAN,9073.97,156,3.3500397290270962,0.6305665087618189
RANCHO LOS COLORINES (FRACC) | TLALPAN,31416.010000000002,225,2.651749856203891,0.6880210780554123
REACOMODO EL CUERNITO | ALVARO OBREGON,45037.82,584,1.0,-0.0
REACOMODO PINO SUAREZ | ALVARO OBREGON,2146.25,163,2.0,-0.0
REAL DEL MONTE | ALVARO OBREGON,10922.96,320,1.0,-0.0
REAL DEL MORAL (FRACC) | IZTAPALAPA,13232.789999999999,1196,1.9504518699382367,0.19718258439329683
REAL DEL SUR-VILLAS DEL SUR-RESIDENCIAL ACOXPA | TLALPAN,42716.590000000004,494,3.901340439393687,0.14463708266739123
REFORMA IZTACCIHUATL NORTE | IZTACALCO,93013.29000000001,1873,3.5510472750721966,0.687926440254857
REFORMA IZTACCIHUATL SUR | IZTACALCO,72388.81,1188,3.6900567919268186,0.6544530884158963
REFORMA PENSIL | MIGUEL HIDALGO,70125.05,1046,1.8761232968817845,0.5163334233017367
REFORMA POLITICA I | IZTAPALAPA,174.17999999999998,1723,1.1182684579170972,0.36346075898397445
REFORMA POLITICA II | IZTAPALAPA,3025.7799999999997,2548,1.7287905928388714,0.5844580368091532
REFORMA SOCIAL | MIGUEL HIDALGO,210469.07,2213,2.6733249213292956,1.060026863879854
RENOVACION | IZTAPALAPA,51392.060000000005,3619,1.218096725447472,0.5244884739367602
RESIDENCIAL EMPERADORES | BENITO JUAREZ,54432.15,555,2.8682857465670564,0.7246211325215486
RESIDENCIAL LA ESCALERA (FRACC) | GUSTAVO A. MADERO,103616.76000000001,723,3.022652030424422,0.8304171599822954
RESIDENCIAL ZACATENCO | GUSTAVO A. MADERO,126827.67000000001,1581,3.4809047584016954,0.9579986541495664
REVOLUCION IMSS (U HAB) | GUSTAVO A. MADERO,11974.73,152,2.0,-0.0
REVOLUCION | VENUSTIANO CARRANZA,75687.40999999999,1877,1.6836053710914407,0.8007214280551698
REYNOSA TAMAULIPAS | AZCAPOTZALCO,81619.62000000001,2131,1.8769544626647365,0.7674832539806908
RICARDO FLORES MAGON (AMPL) | IZTAPALAPA,36934.69,841,1.7124681430925777,0.5999269287460091
RICARDO FLORES MAGON | IZTAPALAPA,15546.83,492,2.0,-0.0
RINCON DEL BOSQUE | MIGUEL HIDALGO,40452.97,307,4.0,-0.0
RINCON LAS HADAS-VILLA ROYALE-FUENTES Y ARCONADA COAPA | TLALPAN,2968.13,580,4.0,-0.0
RINCONADA (U HAB) | TLALPAN,22360.77,330,1.0703857693630408,0.1523536853021248
RINCONADA DEL SUR (U HAB) | XOCHIMILCO,37259.51,577,1.0,-0.0
RINCONADA EL MOLINO | IZTAPALAPA,0.0,495,0.0,-0.0
ROMA NORTE I | CUAUHTEMOC,451449.59,2920,3.4939010577017022,0.879795049670987
ROMA NORTE II | CUAUHTEMOC,387819.35,3045,3.3306723349415135,1.066039749798137
ROMA NORTE III | CUAUHTEMOC,527186.73,5324,2.8595448523524105,1.0056454941998116
ROMA SUR I | CUAUHTEMOC,298984.9,3353,3.202648428064427,1.1434350003935088
ROMA SUR II | CUAUHTEMOC,338809.42000000004,4520,2.545996123720527,1.0376839341040256
ROMERO DE TERREROS (FRACC) | COYOACAN,112851.12,816,3.7451883508112283,0.29066518613636005
ROMERO DE TERREROS | COYOACAN,95339.29999999999,856,2.166771520244013,0.9719111786624501
ROMERO RUBIO | VENUSTIANO CARRANZA,212730.43,3478,1.9775611321802904,0.9476790664767587
ROMULO SANCHEZ-SAN FERNANDO (BARR)-PEA POBRE | TLALPAN,43506.65,297,2.2655118240544834,0.7318737952474863
ROSAS DEL TEPEYAC | GUSTAVO A. MADERO,6500.030000000001,332,1.6096525708342884,0.5048306359367949
SALVADOR DIAZ MIRON | GUSTAVO A. MADERO,58967.200000000004,2228,2.2676710103243836,0.9695529696711949
SAN  MIGUEL AMANTLA (PBLO) | AZCAPOTZALCO,87669.22,2139,1.4676344787828612,0.6910506610912683
SAN AGUSTIN OHTENCO (PBLO) | MILPA ALTA,463.15,411,2.9546151354852634,0.10834026971690325
SAN ALVARO | AZCAPOTZALCO,145297.22,2546,1.963344790767504,0.15716448759668755
SAN ANDRES (BARR) | AZCAPOTZALCO,103212.66,1932,1.6200070805267495,0.6640606601984071
SAN ANDRES (PBLO) | AZCAPOTZALCO,77014.2,1742,1.882156147827284,0.36260689020116577
SAN ANDRES AHUAYUCAN (PBLO) | XOCHIMILCO,11908.800000000001,2981,1.3444284898562406,0.7071416558991072
SAN ANDRES DE LAS SALINAS (PBLO) | AZCAPOTZALCO,6598.42,71,1.7472470682375476,0.5653393887325765
SAN ANDRES MIXQUIC (PBLO) | TLAHUAC,5923.92,3193,1.7106476792394225,1.031876260979296
SAN ANDRES TETEPILCO (PBLO) | IZTAPALAPA,223463.09999999998,4099,1.9145015888529249,0.29199716913078805
SAN ANDRES TOMATLAN (PBLO) | IZTAPALAPA,36441.939999999995,1351,1.9049702074038868,0.3649545346791128
SAN ANDRES TOTOLTEPEC (PBLO) | TLALPAN,2872.89,7923,1.4018879943193092,0.795094242570021
SAN ANGEL INN | ALVARO OBREGON,102571.66,548,3.060378178533915,0.6216428660981345
SAN ANGEL | ALVARO OBREGON,327800.74,706,3.6182000077242047,0.646511535684173
SAN ANTONIO (BARR) | IZTAPALAPA,14516.43,3941,1.3201648063607925,0.6269936215550145
SAN ANTONIO (BARR) | XOCHIMILCO,16123.69,445,2.085768208145902,0.2926360909858555
SAN ANTONIO (FRACC) | AZCAPOTZALCO,50936.74,1183,2.411394997010017,0.9392510812607426
SAN ANTONIO CULHUACAN (BARR) | IZTAPALAPA,43596.05,1795,1.346114154837422,0.6450079049642927
SAN ANTONIO TECOMITL (PBLO) | MILPA ALTA,70917.61,7201,1.3996499600028822,0.6728694827124713
SAN ANTONIO | GUSTAVO A. MADERO,2452.22,150,1.32832290740635,0.6329845777482739
SAN BARTOLO AMEYALCO (PBLO) | ALVARO OBREGON,2931.6,6579,1.8008391322144903,0.8490015606620728
SAN BARTOLO AMEYALCO | LA MAGDALENA CONTRERAS,16942.57,1211,2.0133686919989118,1.0087548042023078
SAN BARTOLO ATEPEHUACAN (PBLO) | GUSTAVO A. MADERO,123231.68000000001,2418,2.9964658438479455,1.241576267306005
SAN BARTOLO CAHUALTONGO (PBLO) | AZCAPOTZALCO,55755.5,919,1.8286009451982317,0.45809767147577696
SAN BARTOLO EL CHICO | TLALPAN,34510.13,445,2.5509753223184033,0.9348914927565648
SAN BARTOLO EL CHICO | XOCHIMILCO,6685.55,120,1.3877990591649154,0.6677533911324907
SAN BARTOLOME XICOMULCO (PBLO) | MILPA ALTA,10565.34,1179,1.3485642676903915,0.6465533311839606
SAN BERNABE (BARR) | AZCAPOTZALCO,24954.15,198,2.0,-0.0
SAN BERNABE OCOTEPEC (PBLO) | LA MAGDALENA CONTRERAS,3833.66,3207,1.1022495474298712,0.32999780588366256
SAN CLEMENTE | ALVARO OBREGON,58252.11,2815,1.8855474934727687,0.355724298167856
SAN CRISTOBAL (BARR) | XOCHIMILCO,5089.89,622,1.6089365389035912,0.6692214098275295
SAN DIEGO (BARR) | XOCHIMILCO,7880.970000000001,386,2.270432446767339,0.5836884872010051
SAN DIEGO CHURUBUSCO | COYOACAN,74052.22,517,3.9172948494994477,0.258785785134008
SAN DIEGO OCOYOACAC | MIGUEL HIDALGO,96535.43,2068,1.5835606678294176,0.9404579778919547
SAN ESTEBAN (BARR) | XOCHIMILCO,19235.27,568,2.887265944278401,0.35219363630689476
SAN FCO XICALTONGO | IZTACALCO,42513.64,867,1.6866438630049085,0.6217596970962191
SAN FELIPE DE JESUS I | GUSTAVO A. MADERO,41415.439999999995,2940,1.9273512487130404,0.260437175023733
SAN FELIPE DE JESUS II | GUSTAVO A. MADERO,114318.22,3064,1.8143243482972355,0.4817894742497683
SAN FELIPE DE JESUS III | GUSTAVO A. MADERO,92494.95,3244,1.6987515534631892,0.6119184000708103
SAN FELIPE DE JESUS IV | GUSTAVO A. MADERO,65137.42,3444,1.7476591796236325,0.564892217047864
SAN FRANCISCO (BARR) | LA MAGDALENA CONTRERAS,62929.75,1473,1.9327033716167632,0.6198197738985931
SAN FRANCISCO APOLOCALCO | IZTAPALAPA,0.0,1406,0.0,-0.0
SAN FRANCISCO CULHUACAN (PBLO) | COYOACAN,157974.32,3721,1.62508349458317,0.6615205721128079
SAN FRANCISCO TECOXPA (PBLO) | MILPA ALTA,3275.28,1375,2.223950318751374,0.6196052588115311
SAN FRANCISCO TETECALA (PBLO) | AZCAPOTZALCO,70041.79,1202,1.7629346708586404,0.7581151490090383
SAN FRANCISCO TLALNEPANTLA (PBLO) | XOCHIMILCO,1554.23,1775,2.0,-0.0
SAN FRANCISCO TLALTENCO (PBLO) | TLAHUAC,25594.99,4640,2.5377341425021065,1.3190939473914831
SAN FRANCISCO XOCOTITLA | AZCAPOTZALCO,28174.03,572,2.0,-0.0
SAN FRANCISCO | LA MAGDALENA CONTRERAS,9113.130000000001,1076,3.5905062256326854,0.7855507516613152
SAN GREGORIO ATLAPULCO (PBLO) | XOCHIMILCO,60831.280000000006,7426,1.0042895694451934,0.02766523949865879
SAN IGNACIO (BARR) | IZTAPALAPA,4840.950000000001,2258,1.315671510757186,0.6235636096222665
SAN JERONIMO ACULCO - LIDICE (PBLO) | LA MAGDALENA CONTRERAS,715020.8800000001,7379,3.293837293254988,0.749090555676047
SAN JERONIMO MIACATLAN (PBLO) | MILPA ALTA,1164.42,995,1.0,-0.0
SAN JOAQUIN | MIGUEL HIDALGO,61580.78,1055,1.884071458659666,0.3587336255147909
SAN JOSE (BARR) | IZTAPALAPA,128873.70999999999,929,1.3343491081307428,0.6372159293616269
SAN JOSE ACULCO | IZTAPALAPA,32233.449999999997,2411,1.5624988947816632,0.6853144850312909
SAN JOSE BUENAVISTA | IZTAPALAPA,97.16,1172,1.0,-0.0
SAN JOSE DE LA ESCALERA | GUSTAVO A. MADERO,69230.95000000001,1201,1.7079052071364034,0.604016685772736
SAN JOSE DE LOS CEDROS I | CUAJIMALPA DE MORELOS,70054.25,1811,2.351149002380298,0.7378379178946304
SAN JOSE DE LOS CEDROS II | CUAJIMALPA DE MORELOS,142484.3,2114,2.4147430980115008,1.0781026306990946
SAN JOSE INSURGENTES | BENITO JUAREZ,337243.45,2978,3.9664244924549314,0.07296356181172534
SAN JOSE LAS PERITAS | XOCHIMILCO,13980.59,443,3.1248759887815893,0.3765287762449922
SAN JOSE TICOMAN | GUSTAVO A. MADERO,17356.16,937,2.7954564834617797,0.5066369257591401
SAN JOSE ZACATEPEC | XOCHIMILCO,1909.77,789,1.0,-0.0
SAN JOSE | TLAHUAC,5299.01,2125,1.7522480614303426,1.0268697950717782
SAN JUAN (BARR) | XOCHIMILCO,5554.02,447,2.3451536004551654,0.6443947954075353
SAN JUAN 2A AMPLIACIN (PJE) | IZTAPALAPA,755.38,5334,1.4140300246233684,0.6782917994383757
SAN JUAN CERRO (PJE) | IZTAPALAPA,1760.9099999999999,1449,1.7130517743666627,0.5993965091212109
SAN JUAN DE ARAGON (PBLO) | GUSTAVO A. MADERO,170629.13,3015,1.6098111735082985,0.8779240262054022
SAN JUAN DE ARAGON 1A SECCION (U HAB) I | GUSTAVO A. MADERO,67275.33,2233,1.8297408574584473,1.0785019693076512
SAN JUAN DE ARAGON 1A SECCION (U HAB) II | GUSTAVO A. MADERO,59568.19,2303,2.3181174381830303,0.986705753189465
SAN JUAN DE ARAGON 2A SECCION (U HAB) I | GUSTAVO A. MADERO,33224.04,1964,2.601244159349676,0.7872060035852377
SAN JUAN DE ARAGON 2A SECCION (U HAB) II | GUSTAVO A. MADERO,23925.009999999995,1576,2.7867641434632633,1.0611013803811817
SAN JUAN DE ARAGON 3A SECCION (U HAB) I | GUSTAVO A. MADERO,40110.65,1450,1.970439023052481,1.0629460871276593
SAN JUAN DE ARAGON 3A SECCION (U HAB) II | GUSTAVO A. MADERO,35194.09,1373,2.5911381712099963,1.0391765133697948
SAN JUAN DE ARAGON 4A  Y 5A SECCION (U HAB) I | GUSTAVO A. MADERO,36767.06,2072,1.9996366312672267,0.4587777173433223
SAN JUAN DE ARAGON 4A  Y 5A SECCION (U HAB) II | GUSTAVO A. MADERO,38851.26,1823,2.2492974487828707,0.636897807635541
SAN JUAN DE ARAGON 6A SECCION (U HAB) I | GUSTAVO A. MADERO,28470.690000000002,1526,2.403648805139601,0.9476472629467423
SAN JUAN DE ARAGON 6A SECCION (U HAB) II | GUSTAVO A. MADERO,36597.05,1307,2.4446005893917677,0.9255122633522583
SAN JUAN DE ARAGON 7 SECC (U HAB) I | GUSTAVO A. MADERO,1640.6100000000001,1480,1.4773102687415047,0.6921171790678262
SAN JUAN DE ARAGON 7 SECC (U HAB) II | GUSTAVO A. MADERO,5190.37,1506,1.1523590803738462,0.42677942002305586
SAN JUAN III (U HAB) | GUSTAVO A. MADERO,199806.56,1028,2.0,-0.0
SAN JUAN IXTAYOPAN (PBLO) | TLAHUAC,34903.159999999996,2597,1.9325677102015981,0.9955485524959593
SAN JUAN JOYA (PJE) | IZTAPALAPA,28170.839999999997,1063,1.554324258701551,0.6872332630275952
SAN JUAN TEPENAHUAC (PBLO) | MILPA ALTA,489.80999999999995,487,1.2315183438476145,0.5411044747276659
SAN JUAN TEPEPAN | XOCHIMILCO,27333.86,1043,2.9052738983809823,1.0678838550052587
SAN JUAN TLIHUACA (PBLO) | AZCAPOTZALCO,159408.12,3442,1.8193401314813826,0.6305235362966695
SAN JUAN XALPA I | IZTAPALAPA,109243.8,3931,1.1152623764460774,0.3573781003501184
SAN JUAN XALPA II | IZTAPALAPA,98426.07999999999,4567,1.5541920393456694,0.6872620723794054
SAN JUAN Y GUADALUPE TICOMAN (BARR) | GUSTAVO A. MADERO,1676.7599999999998,2238,1.9695305231517928,0.1363703479443821
SAN JUAN | BENITO JUAREZ,123836.42,1382,2.5657619139829784,1.2308411327474125
SAN JUANICO NEXTIPAC (PBLO) | IZTAPALAPA,29185.429999999997,987,1.8726899004057849,0.3812411394082046
SAN LORENZO (BARR) | XOCHIMILCO,7072.66,1140,3.0,-0.0
SAN LORENZO ACOPILCO (PBLO) | CUAJIMALPA DE MORELOS,131.51,2512,1.0,-0.0
SAN LORENZO ATEMOAYA (PBLO) | XOCHIMILCO,32204.569999999996,2620,2.169218530165129,1.2015696740955515
SAN LORENZO HUIPULCO | TLALPAN,213680.70999999996,2278,2.6203277310338406,1.2808270063413951
SAN LORENZO LA CEBADA I | XOCHIMILCO,31629.149999999998,2931,2.778852735530357,0.5678271925508356
SAN LORENZO LA CEBADA II | XOCHIMILCO,51179.829999999994,2058,2.635653146952618,0.8324175283473442
SAN LORENZO TEZONCO (BARR) | IZTAPALAPA,1034.7,930,2.0,-0.0
SAN LORENZO TEZONCO (PBLO) | IZTAPALAPA,61306.91,2141,1.2186901933240477,0.5252451772044291
SAN LORENZO TLACOYUCAN (PBLO) | MILPA ALTA,1180.63,1062,1.9690250120698267,0.692667378879847
SAN LORENZO TLALTENANGO | MIGUEL HIDALGO,37450.98,433,1.8067844953589998,1.0320026659044368
SAN LORENZO XICOTENCATL (PBLO) | IZTAPALAPA,57560.71,1275,1.7939568500805496,0.5086667324758398
SAN LORENZO | XOCHIMILCO,25540.48,275,2.1978056011476683,0.6727139680535636
SAN LUCAS (BARR) | COYOACAN,106290.86,1478,3.6986764431109127,0.3260512773508246
SAN LUCAS (BARR) | IZTAPALAPA,11453.33,1940,1.610201574563904,0.6686578346833527
SAN LUCAS XOCHIMANCA (PBLO) | XOCHIMILCO,33399.68,3326,2.564255106635752,1.0480712117086406
SAN LUIS TLAXIALTEMALCO (PBLO) | XOCHIMILCO,17417.39,3794,2.036647855964642,1.193576133598272
SAN MARCOS (AMPL) | XOCHIMILCO,77077.87,4508,1.6770572409434772,0.7424694799937424
SAN MARCOS (BARR) | AZCAPOTZALCO,58891.350000000006,1129,1.7000028017696995,0.6108619281027314
SAN MARCOS (BARR) | XOCHIMILCO,32134.760000000002,996,2.8919599835194036,1.2961820082990605
SAN MARTIN XOCHINAHUAC (PBLO) | AZCAPOTZALCO,191024.76,2932,1.6819968783104349,0.6253550943676528
SAN MATEO (BARR) | COYOACAN,81269.41,1154,3.293140555591581,0.9567047186716545
SAN MATEO TLALTENANGO (PBLO) | CUAJIMALPA DE MORELOS,947.31,5824,1.0,-0.0
SAN MATEO XALPA (PBLO) | XOCHIMILCO,77883.3,102654,1.2785326250942115,0.6525129445299934
SAN MATEO | AZCAPOTZALCO,47752.99,1054,1.3641784524906189,0.655784500569537
SAN MIGUEL  XICALCO (PBLO) | TLALPAN,398.85999999999996,3425,1.0723060723060724,0.2595636029886804
SAN MIGUEL (BARR) | IZTAPALAPA,36240.92,5981,1.7642148709249104,0.5461726374061475
SAN MIGUEL AJUSCO (PBLO) | TLALPAN,372.99,3866,1.3081315852971929,0.6175975404017806
SAN MIGUEL CHAPULTEPEC I | MIGUEL HIDALGO,177193.27000000002,2093,2.872360727921551,1.2744558087793483
SAN MIGUEL CHAPULTEPEC II | MIGUEL HIDALGO,292838.09,2874,3.645397734973616,0.754533550723709
SAN MIGUEL CUAUTEPEC | GUSTAVO A. MADERO,403.84000000000003,279,1.7413084389857367,0.5716838771432258
SAN MIGUEL TEOTONGO I | IZTAPALAPA,2615.21,3488,1.67170514031378,0.6329644999644193
SAN MIGUEL TEOTONGO II | IZTAPALAPA,2932.9400000000005,4703,1.572319924717178,0.682650055931041
SAN MIGUEL TEOTONGO III | IZTAPALAPA,3046.7699999999995,3781,1.043649504229069,0.17937388109396185
SAN MIGUEL TEOTONGO IV | IZTAPALAPA,2235.26,2456,1.0,-0.0
SAN MIGUEL TOPILEJO (PBLO) | TLALPAN,2396.2,5430,1.0,-0.0
SAN MIGUEL ZAPOTITLA | TLAHUAC,16720.25,3790,1.6984171887382065,1.0276945085691929
SAN MIGUEL | IZTACALCO,84821.31,1915,1.5675530123267372,0.68399239059691
SAN MIGUEL-LA ESCALERA (BARR) | GUSTAVO A. MADERO,11197.7,454,1.0,-0.0
SAN NICOLAS TETELCO (PBLO) | TLAHUAC,841.1599999999999,1065,1.4436135812449475,0.8325469645627
SAN NICOLAS TOLENTINO I | IZTAPALAPA,34888.56,1700,1.0632969661115277,0.235944484320917
SAN NICOLAS TOLENTINO II | IZTAPALAPA,64817.55,2589,1.0578938883064848,0.2211327196650835
SAN NICOLAS TOTOLAPAN (PBLO) | LA MAGDALENA CONTRERAS,494.69,3561,3.2269097818836037,0.8235497578168118
SAN NICOLAS TOTOLAPAN | LA MAGDALENA CONTRERAS,34.879999999999995,1022,2.0,-0.0
SAN PABLO (BARR) | IZTAPALAPA,9384.57,1135,1.9095664479033136,0.30353975848615283
SAN PABLO 396-CONJ HAB SAN PABLO (U HAB) | AZCAPOTZALCO,95823.37,979,1.0,-0.0
SAN PABLO CHIMALPA (PBLO) | CUAJIMALPA DE MORELOS,1417.27,2285,1.1441927085170787,0.4125020659433418
"SAN PABLO I, II Y V-LOMAS DEL PARAISO | IZTAPALAPA",452.67,1709,1.0,-0.0
SAN PABLO TEPETLAPA (PBLO) | COYOACAN,45421.55,2349,3.1674870188269666,0.9766091922199365
SAN PABLO XALPA (U HAB) | AZCAPOTZALCO,100772.26999999999,1309,2.0,-0.0
SAN PEDRO (BARR) | IZTAPALAPA,19112.37,1383,1.0121408281652144,0.06562222212720384
SAN PEDRO (BARR) | XOCHIMILCO,55204.93,814,2.224719422703733,1.2163541713688197
SAN PEDRO APOSTOL (BARR) | TLALPAN,5126.860000000001,145,1.0,-0.0
SAN PEDRO ATOCPAN (PBLO) | MILPA ALTA,13479.099999999999,2281,2.3556298269172276,0.8951006328119144
SAN PEDRO CUAJIMALPA (PBLO) | CUAJIMALPA DE MORELOS,257830.19,5902,2.89781328555822,1.1800767180993816
SAN PEDRO DE LOS  PINOS | BENITO JUAREZ,512008.7,5872,2.9055714678285742,0.9360091637987928
SAN PEDRO DE LOS PINOS | ALVARO OBREGON,68417.92000000001,31,1.4547909378127835,0.5506721327034123
SAN PEDRO EL CHICO | GUSTAVO A. MADERO,78351.86000000002,1406,2.6678617457198843,0.69068113206534
SAN PEDRO IZTACALCO | IZTACALCO,95052.16,1649,2.0883891539129675,1.0654061561233368
SAN PEDRO MARTIR (PBLO) | TLALPAN,6964.76,3960,2.4641624406296843,1.3394915312724875
SAN PEDRO TLAHUAC (PBLO) | TLAHUAC,18759.86,4606,2.4688526460218783,1.3494083500394352
SAN PEDRO XALPA (AMPL) I | AZCAPOTZALCO,124528.36,3298,1.958625890520039,0.17228682124268338
SAN PEDRO XALPA (AMPL) II | AZCAPOTZALCO,98097.67,2516,1.9349925436557258,0.24052898089794122
SAN PEDRO XALPA (PBLO) | AZCAPOTZALCO,226496.68,3470,1.708861295450335,0.6261851383639913
SAN PEDRO ZACATENCO (PBLO) | GUSTAVO A. MADERO,49560.72,2566,2.502278619035397,1.1667539471490773
SAN RAFAEL I | CUAUHTEMOC,260718.82,2723,2.5494796271324023,1.1055472122181043
SAN RAFAEL II | CUAUHTEMOC,406440.89,6202,2.846353721939739,1.0377151454425468
SAN RAFAEL TICOMAN (BARR) | GUSTAVO A. MADERO,17195.239999999998,470,1.2747219579371967,0.5151627704061927
SAN RAFAEL | AZCAPOTZALCO,23214.28,726,2.0,-0.0
SAN SALVADOR CUAUHTENCO (PBLO) | MILPA ALTA,2836.1600000000003,3727,2.010045272481101,1.0833548516745342
SAN SALVADOR XOCHIMANCA | AZCAPOTZALCO,39965.15,285,1.6327585408787406,0.6574711994939523
SAN SEBASTIAN TECOLOXTITLAN (PBLO) | IZTAPALAPA,3990.54,2542,1.3824845760222928,0.6652673564834595
SAN SEBASTIAN | AZCAPOTZALCO,69568.12,1480,1.3552674702148053,0.6506465683494522
SAN SIMON CULHUACAN (BARR) | IZTAPALAPA,39559.82,1247,1.5505894617316258,0.6880198240122932
SAN SIMON TICUMAC | BENITO JUAREZ,323814.31,4377,1.8259756031164898,0.511986795304682
SAN SIMON TOLNAHUAC | CUAUHTEMOC,237375.0,4033,2.0369296261190097,1.238160729209425
SANTA ANA TLACOTENCO (PBLO) | MILPA ALTA,2920.61,3010,1.9884270751658044,1.0534835406366878
SANTA ANITA | IZTACALCO,227609.87000000002,3350,1.6993907162286062,0.8989237776347897
SANTA APOLONIA (BARR) | AZCAPOTZALCO,52366.1,1311,1.2969806802492452,0.6082842915455114
SANTA BARBARA (BARR) I | IZTAPALAPA,9382.460000000001,3142,1.9003726101683354,0.3242634929945417
SANTA BARBARA (BARR) II | IZTAPALAPA,2771.4900000000002,1247,1.898473384352821,0.32842440139843365
SANTA BARBARA (PBLO) | AZCAPOTZALCO,143117.02000000002,1893,1.378395665309409,0.663273261960692
SANTA CATARINA (AMPL) | TLAHUAC,2155.6200000000003,459,1.7710403503400411,0.8847642129801535
SANTA CATARINA (BARR) | COYOACAN,133345.48,986,3.342830518139797,0.566954514273736
SANTA CATARINA (PBLO) | AZCAPOTZALCO,70879.59000000001,1325,2.0356110976375565,0.15373585787005795
SANTA CATARINA YECAHUIZOTL (PBLO) | TLAHUAC,2916.9700000000003,1760,1.6781900396644462,1.0115216602500707
SANTA CECILIA TEPETLAPA (PBLO) | XOCHIMILCO,17542.440000000002,2881,1.0189300918230302,0.09384549710484938
SANTA CECILIA | COYOACAN,27099.92,862,3.9115425432990207,0.29895433910817426
SANTA CECILIA | TLAHUAC,9452.47,1635,1.588019850896115,0.8231955372086093
SANTA CRUCITA (BARR) | XOCHIMILCO,14590.470000000001,84,2.0,-0.0
SANTA CRUZ ACALPIXCA (PBLO) | XOCHIMILCO,22809.18,6124,2.249254466841859,1.047044190354728
SANTA CRUZ ACAYUCAN (PBLO) | AZCAPOTZALCO,23045.93,507,2.0,-0.0
SANTA CRUZ AVIACION | VENUSTIANO CARRANZA,51796.07,712,1.5357914220132918,0.6905829362469977
SANTA CRUZ CHAVARRIETA | XOCHIMILCO,4292.52,480,1.7931844231360596,0.5097068708668799
SANTA CRUZ DE LAS SALINAS | AZCAPOTZALCO,10547.82,93,2.0,-0.0
SANTA CRUZ MEYEHUALCO (PBLO) | IZTAPALAPA,5728.110000000001,3453,1.907348147992968,0.30863068258073934
SANTA CRUZ MEYEHUALCO (U HAB) I | IZTAPALAPA,6256.179999999999,2627,1.2385017694503675,0.5493467864187735
SANTA CRUZ MEYEHUALCO (U HAB) II | IZTAPALAPA,7923.35,1899,1.3749525137725835,0.6615389761656181
SANTA CRUZ XOCHITEPEC (PBLO) | XOCHIMILCO,65486.340000000004,3870,1.838434549861849,0.9420301278573645
SANTA CRUZ | IZTACALCO,27001.370000000003,488,1.513773560378603,0.6927677106273669
SANTA FE (U HAB) | ALVARO OBREGON,27444.6,2004,1.0,-0.0
SANTA FE KM 8.5 | ALVARO OBREGON,2481.42,102,1.0,-0.0
SANTA FE | ALVARO OBREGON,85033.69,2168,2.7951557788448325,1.0009740855458755
SANTA INES | AZCAPOTZALCO,54858.090000000004,1124,1.887143354790515,0.35244647719997235
SANTA INES | XOCHIMILCO,1961.87,375,1.530544837323574,0.9195748519099267
SANTA ISABEL TOLA (PBLO) | GUSTAVO A. MADERO,131139.91,4076,2.6025306102467205,1.1952952195816025
SANTA LUCIA (BARR) | AZCAPOTZALCO,80448.01000000001,767,1.812451420488835,0.8218152272160496
SANTA LUCIA | ALVARO OBREGON,27979.949999999997,1907,2.802061118765402,1.0099002666291632
SANTA MARIA (U HAB) | CUAUHTEMOC,54942.369999999995,912,1.2464799024869149,0.5584347750897649
SANTA MARIA AZTAHUACAN (EJ) I | IZTAPALAPA,32848.61,4602,1.6639014557998042,0.6384136856702556
SANTA MARIA AZTAHUACAN (EJ) II | IZTAPALAPA,66305.63,3744,1.8178646368340063,0.47461604036530486
SANTA MARIA AZTAHUACAN (U HAB) | IZTAPALAPA,4147.74,651,1.0,-0.0
SANTA MARIA DEL MONTE | IZTAPALAPA,0.0,360,0.0,-0.0
SANTA MARIA INSURGENTES | CUAUHTEMOC,99385.36,524,2.032704816886511,1.0647683609633374
SANTA MARIA LA RIBERA I | CUAUHTEMOC,375814.95,5633,1.660131588698108,0.6513160097311237
SANTA MARIA LA RIBERA II | CUAUHTEMOC,332306.39,4199,2.0298144131384293,0.16008565811948908
SANTA MARIA LA RIBERA IV | CUAUHTEMOC,429489.26000000007,5534,1.929883811297167,0.34113187808905676
SANTA MARIA MALINALCO (PBLO) | AZCAPOTZALCO,104440.03,2205,1.6886806715777465,0.62015221894109
SANTA MARIA NATIVITAS (PBLO) | XOCHIMILCO,26080.8,4515,1.9844744026256862,1.042939541340962
SANTA MARIA NONOALCO | ALVARO OBREGON,109158.91,1481,1.8231248369922344,0.4666219193609993
SANTA MARIA TEPEPAN (PBLO) | XOCHIMILCO,170849.03999999998,4561,2.1696670347108773,1.1461726098035825
SANTA MARIA TOMATLAN (AMPL) | IZTAPALAPA,4185.6,540,1.0,-0.0
SANTA MARIA TOMATLAN (PBLO) | IZTAPALAPA,27959.989999999998,1271,1.5335109204259372,0.6908995325050917
SANTA MARIA TOMATLAN | IZTAPALAPA,17331.47,640,1.5515677550721316,0.6878192447903901
SANTA MARTHA ACATITLA SUR (AMPL) | IZTAPALAPA,36657.51,1510,2.0,-0.0
SANTA MARTHA ACATITLA | IZTAPALAPA,131815.21,3886,1.7851053759274065,0.5203698849348923
SANTA MARTHA ACATITLA_(PBLO) | IZTAPALAPA,240821.25999999998,102844,1.0188858325880366,0.09367071369509446
SANTA ROSA XOCHIAC (PBLO) | ALVARO OBREGON,42.65,4476,3.0,-0.0
SANTA ROSA | GUSTAVO A. MADERO,135678.66,2481,1.9986530674757548,0.10978997236549735
SANTA TERESA | LA MAGDALENA CONTRERAS,27109.82,659,3.437491654315669,0.8742649638153781
SANTA URSULA COAPA (PBLO) | COYOACAN,197550.25,3349,2.0943150919829256,0.7328880769441832
SANTA URSULA XITLA | TLALPAN,47985.219999999994,3245,2.587937702484224,1.049740548793517
SANTIAGO ACAHUALTEPEC (PBLO) | IZTAPALAPA,3095.56,1936,1.14872914755327,0.42049831742332716
SANTIAGO AHUIZOTLA (PBLO) | AZCAPOTZALCO,150509.5,3383,1.543083260525083,0.6894302383778974
SANTIAGO ATEPETLAC | GUSTAVO A. MADERO,45585.78,1243,1.9472256479981256,0.2066045136044128
SANTIAGO ATZACOALCO (PBLO) | GUSTAVO A. MADERO,62774.65,1592,2.1779495385478054,0.9211397962062782
SANTIAGO NORTE | IZTACALCO,65158.939999999995,1220,1.639379492668236,0.7762548346284952
SANTIAGO SUR | IZTACALCO,88851.54000000001,2379,2.6295737811635003,1.2708675674075043
SANTIAGO TEPALCATLALPAN (PBLO) | XOCHIMILCO,55998.530000000006,4072,1.7987781107825507,1.059538182954413
SANTIAGO TULYEHUALCO (PBLO) | XOCHIMILCO,98127.39,5978,1.7126036879203657,1.021691533217878
SANTIAGO ZAPOTITLAN (PBLO) | TLAHUAC,19648.59,3376,3.3028863648740185,0.8895542976229832
SANTISIMA TRINIDAD | TLALPAN,0.0,385,0.0,-0.0
SANTO DOMINGO (PBLO) | AZCAPOTZALCO,132511.63,1586,1.6042050044965865,0.6712698032173323
SANTO TOMAS AJUSCO (PBLO) | TLALPAN,1236.92,4166,2.8064547424247324,0.3179332852107888
SANTO TOMAS | AZCAPOTZALCO,99053.08,988,1.471484077022138,0.6915199820500504
SANTO TOMAS | MIGUEL HIDALGO,69925.07,251,1.5142886521243382,0.6637442905539842
SAUZALES CEBADALES (U HAB) | TLALPAN,85109.67,768,1.0,-0.0
SECCION XVI | TLALPAN,102862.0,386,3.170462658707783,0.9484105086741068
SECTOR NAVAL | AZCAPOTZALCO,11019.48,140,1.782434379843695,0.5238095352162895
SECTOR POPULAR | IZTAPALAPA,154738.7,3075,1.976127109766335,0.11275116359895979
SELENE (AMPL) | TLAHUAC,3753.49,1503,1.628508401514324,0.9245913010790496
SELENE 1a SECC | TLAHUAC,1979.26,2528,1.990001313622263,1.0978420222243697
SELENE 2da SECC | TLAHUAC,1619.53,2412,2.5361308527782755,0.6905340265293375
SEVILLA | VENUSTIANO CARRANZA,33654.28,550,1.9598716715971938,0.6617302316150226
SIDERAL | IZTAPALAPA,571.08,614,2.0,-0.0
SIERRA DEL VALLE | IZTAPALAPA,1106.75,231,1.9851185904675852,0.07738577958662182
SIETE MARAVILLAS | GUSTAVO A. MADERO,48058.71,589,2.0038812943585045,1.2115495028990473
SIMON  BOLIVAR | VENUSTIANO CARRANZA,78507.38,1838,1.8571289730978158,0.7373275796459046
SINATEL (AMPL) | IZTAPALAPA,37685.87,851,1.6975688766107828,0.6129101370187453
SINATEL | IZTAPALAPA,63323.45,830,2.0,-0.0
SINDICATO MEXICANO DE ELECTRICISTAS | AZCAPOTZALCO,87584.15,1296,2.3976219441531375,0.9043589978331917
SN JUAN TEPEXIMILPA | TLALPAN,5.84,705,1.0,-0.0
SOLIDARIDAD EL SALADO (U HAB) | IZTAPALAPA,3042.0299999999997,3002,1.0,-0.0
SOLIDARIDAD NACIONAL | GUSTAVO A. MADERO,19518.36,578,2.0,-0.0
STA CRUZ ATOYAC | BENITO JUAREZ,454631.06999999995,4106,2.8294573443913547,1.2465577659762792
STA ISABEL INDUSTRIAL | IZTAPALAPA,50134.020000000004,520,1.4122210826101715,0.6776567526912548
STA MA AZTAHUACAN (PBLO) | IZTAPALAPA,2864.23,3503,1.9349633234761174,0.24060687594290386
STA MARTHA ACATITLA NTE (AMPL) I | IZTAPALAPA,48341.39,2089,1.513788080979881,0.692766910001386
STA MARTHA ACATITLA NTE (AMPL) II | IZTAPALAPA,44107.26,2476,1.7574564822208407,0.553994097193332
STUNAM CULHUACAN (U HAB) | COYOACAN,73023.84,1119,1.9982304409080651,0.0129817324618718
TABACALERA | CUAUHTEMOC,378210.14,1393,3.4743882593946314,0.8473538909307299
TABLAS DE SAN AGUSTIN | GUSTAVO A. MADERO,72213.43,1468,2.892907593504422,0.9219315729808891
TACUBA | MIGUEL HIDALGO,366210.7,4195,2.8769340164009405,1.2242012701799818
TACUBAYA | MIGUEL HIDALGO,289235.62,3271,2.9017105500352964,1.2009983166904066
TARANGO (U HAB) | ALVARO OBREGON,65781.39,641,2.0,-0.0
TECOLALCO | ALVARO OBREGON,345.39,302,1.0,-0.0
TENORIOS (AMPL) | IZTAPALAPA,10.33,1346,2.0,-0.0
TENORIOS INFONAVIT 1 Y 2 (U HAB) | TLALPAN,27174.91,588,1.0,-0.0
TENORIOS | IZTAPALAPA,1254.3,3385,1.8626405166228175,0.4001410729780033
TEPALCATES I | IZTAPALAPA,206164.66,3383,1.2900756123770194,0.6022193708260215
TEPALCATES II | IZTAPALAPA,102243.6,2035,1.650291754202708,0.6472658446418765
TEPEACA (AMPL) | ALVARO OBREGON,1470.1200000000001,326,1.0,-0.0
TEPEACA | ALVARO OBREGON,552.96,357,3.0,-0.0
TEPEPAN (AMPL) | XOCHIMILCO,43317.83,1796,3.1261293559718943,1.0842635798814977
TEPETATAL | GUSTAVO A. MADERO,6025.1,886,1.2136844201755987,0.5187975134856411
TEPETONGO | CUAJIMALPA DE MORELOS,22718.61,1080,2.9292791240309155,1.0203224310120007
TEPETONGO | TLALPAN,135.59,517,1.5281362932369642,0.6915630418904204
TEPEYAC INSURGENTES | GUSTAVO A. MADERO,205843.75,2640,3.175072160315773,1.1369181847949243
TEPOPOTLA | ALVARO OBREGON,3842.96,133,1.0,-0.0
TESMIC (RDCIAL) | XOCHIMILCO,8683.890000000001,287,3.6737855960865464,0.3438689434345963
TETELPAN (PBLO) | ALVARO OBREGON,51395.310000000005,1297,1.6214002795196683,0.7720046874811451
TETELPAN | ALVARO OBREGON,39468.82,2229,2.3161936434887083,0.875591050242907
TETENCO (PJE) | TLALPAN,5561.87,176,1.0,-0.0
TEXCOCO EL SALADO | IZTAPALAPA,6681.33,139,1.0,-0.0
TEZONTITLA-ZOMPANTITLA | TLAHUAC,1456.06,244,1.637556144664368,0.625944969780706
TEZOZOMOC | AZCAPOTZALCO,94614.62000000001,2482,1.6080831905259458,0.8709203021867391
TIERRA BLANCA | TLAHUAC,59.099999999999994,844,1.0,-0.0
TIERRA NUEVA | AZCAPOTZALCO,41493.829999999994,915,2.0007552930158536,0.006184359638377064
TIERRA NUEVA | XOCHIMILCO,21871.870000000003,526,3.2741471122496613,0.5873401620764379
TIERRA UNIDA | LA MAGDALENA CONTRERAS,3817.18,999,1.0190402338899398,0.09427999998257547
TIERRA Y LIBERTAD | TLAHUAC,1644.47,492,2.37555565014868,0.6208671416667642
TIZAMPAMPANO | ALVARO OBREGON,19323.81,103,3.0,-0.0
TIZAPAN_TIZAPAN SAN ANGEL | ALVARO OBREGON,374439.24,3230,2.9405909754543886,1.267443907845134
TLACAMACA | GUSTAVO A. MADERO,39677.9,433,1.3346800107868613,0.6859460682610095
TLACOPAC | ALVARO OBREGON,144822.07,798,3.1821578713796863,0.5858415268281955
TLACOQUEMECATL DEL VALLE | BENITO JUAREZ,286374.5,2987,3.868037482387573,0.3806361623652096
TLACOTAL RAMOS MILLAN | IZTACALCO,57394.68,2166,1.780508054056578,0.526264181985179
TLACUITLAPA 2DO REACOMODO (AMPL) | ALVARO OBREGON,8591.5,998,1.0,-0.0
TLACUITLAPA | ALVARO OBREGON,3976.4300000000003,647,1.600676989158617,0.6727362165254565
TLALCOLIGIA | TLALPAN,35300.729999999996,2148,1.653669768302242,0.6451452621752893
TLALMILLE | TLALPAN,108.2,944,1.0,-0.0
TLALPAN CENTRO | TLALPAN,432403.17,2693,2.9044099977342905,1.1771685583994023
TLALPEXCO | GUSTAVO A. MADERO,937.49,3438,1.00867209250232,0.04980639879790975
TLAPECHICO | ALVARO OBREGON,8307.64,784,2.0,-0.0
TLATILCO (U HAB) | AZCAPOTZALCO,40025.409999999996,703,2.04614393706398,0.1870008167473659
TLATILCO | AZCAPOTZALCO,57706.31,1262,1.7039370564501528,0.6074914437424549
TLAXPANA | MIGUEL HIDALGO,186861.56,2901,2.0542922792681386,1.185971951435605
TLAZINTLA | IZTACALCO,36272.049999999996,754,1.9175048005282305,0.284821613771695
TOLTECA | ALVARO OBREGON,32977.399999999994,417,1.1913528659021029,0.4881786985286562
TORIELLO GUERRA | TLALPAN,266648.06,2450,2.441307429725909,1.1139061562519883
TORRE BLANCA (AMPL) | MIGUEL HIDALGO,49986.53,795,1.8849924169571284,0.9075361858778034
TORRE BLANCA | MIGUEL HIDALGO,107650.05,2049,2.319975234567935,1.055287151517251
TORRES DE MIXCOAC (U HAB) | ALVARO OBREGON,47522.31,650,2.0,-0.0
TORRES DE PADIERNA | TLALPAN,263.39,635,2.0,-0.0
TORRES DE POTRERO | ALVARO OBREGON,10369.919999999998,3490,1.8141567148059004,1.0346544330805383
TORRES DE QUIROGA (U HAB) | GUSTAVO A. MADERO,189960.71,5785,2.0,-0.0
TORRES LINDAVISTA (FRACC) | GUSTAVO A. MADERO,84898.26,1105,3.617936692695469,0.4509119513604537
TORRES SAN ANTONIO (U HAB) | ALVARO OBREGON,239414.61000000002,3304,3.0,-0.0
TORRES SAN PEDRO (U HAB) | ALVARO OBREGON,131560.76,1270,2.0,-0.0
TORRES TOREO | MIGUEL HIDALGO,118154.08,3318,1.9088197377526024,0.6889844812124262
TRABAJADORES DEL HIERRO | AZCAPOTZALCO,53696.5,932,2.0040449563751825,0.014566736887644581
TRANSITO | CUAUHTEMOC,307092.65,3662,1.9716540920142502,1.1972738058941714
TRES ESTRELLAS | GUSTAVO A. MADERO,70019.89,1400,2.707508395114588,1.029343512615115
TRES FUENTES (U HAB) | TLALPAN,32129.29,445,4.0,-0.0
TRES MOSQUETEROS | VENUSTIANO CARRANZA,1148.0900000000001,67,2.1735404018848694,0.4614557964249858
TULA (BARR) | IZTAPALAPA,11796.380000000001,257,2.0,-0.0
UN HOGAR PARA CADA TRABAJADOR | AZCAPOTZALCO,37615.14,509,2.0,-0.0
UN HOGAR PARA NOSOTROS | MIGUEL HIDALGO,22553.07,282,3.2499664125549206,0.7196776328734381
UNIDADES HABITACIONALES DE SANTA ANA PONIENTE I | TLAHUAC,49815.369999999995,4072,1.016106274027474,0.08247136549371809
UNIDADES HABITACIONALES DE SANTA ANA PONIENTE II | TLAHUAC,8971.8,3923,1.4233297666020197,0.6813440193762278
UNIDADES HABITACIONALES DE TENORIOS | TLALPAN,33864.38,477,2.0,-0.0
UNION POPULAR EMILIANO ZAPATA (U HAB) | ALVARO OBREGON,66175.48999999999,757,2.0,-0.0
USCOVI (U HAB) | IZTAPALAPA,0.0,320,0.0,-0.0
VALENTIN GOMEZ FARIAS | ALVARO OBREGON,2386.67,373,1.6092337859863324,0.6690895901445688
VALENTIN GOMEZ FARIAS | VENUSTIANO CARRANZA,98343.38,1612,2.5141051690515415,0.8776260381875816
VALLE DE LUCES (U HAB) | IZTAPALAPA,840.07,1360,2.0,-0.0
VALLE DE LUCES I | IZTAPALAPA,2171.54,2207,1.8233788002984057,0.4662311876217301
VALLE DE MADERO | GUSTAVO A. MADERO,18215.4,1090,1.2513076847063473,0.5637672282866069
VALLE DE SAN LORENZO I | IZTAPALAPA,1015.66,2343,1.379398617647638,0.6637689532125248
VALLE DE SAN LORENZO II | IZTAPALAPA,616.4399999999999,2105,1.6865388358964375,0.6218420626476739
VALLE DE TEPEPAN | TLALPAN,977.69,803,3.2745246448260694,0.5531745892409079
VALLE DEL SUR | IZTAPALAPA,85228.05,1851,1.917273245134671,0.2853790577656595
VALLE DEL TEPEYAC | GUSTAVO A. MADERO,39018.8,731,3.5847601668939073,0.6787089866971966
VALLE ESCONDIDO | TLALPAN,79268.83,635,1.4353696150176558,0.580943993552983
VALLE GOMEZ | CUAUHTEMOC,141949.05999999997,2454,1.0652762336009836,0.24353279965445104
VALLE GOMEZ | VENUSTIANO CARRANZA,148200.0,3039,1.4840211201079623,0.7583056296864898
VALLE VERDE | TLALPAN,0.0,220,0.0,-0.0
VALLEJO I | GUSTAVO A. MADERO,190857.24,3195,1.8897088211062887,0.8583110021337896
VALLEJO II | GUSTAVO A. MADERO,177557.1,2856,2.3765404481150005,1.1739568767056223
VALLEJO PONIENTE | GUSTAVO A. MADERO,30473.670000000002,717,2.678239936312233,0.9318154516902422
VASCO DE QUIROGA | GUSTAVO A. MADERO,83916.51000000001,2708,1.847576716429222,0.7926502285887811
VENTURA PEREZ DE ALBA | MIGUEL HIDALGO,45934.44,831,1.3296513465713309,0.5228856601450103
VENUSTIANO CARRANZA (AMPL) | VENUSTIANO CARRANZA,10903.65,550,1.732231867310488,0.5810263161602259
VENUSTIANO CARRANZA | VENUSTIANO CARRANZA,35814.43,900,1.8029034665636168,0.49635092372440776
VERACRUZANA (AMPL) | IZTAPALAPA,248.03,330,1.0,-0.0
VERGEL DE COYOACAN-VERGEL DEL SUR | TLALPAN,77958.15999999999,713,1.7404273010035127,0.8103780896777689
VERONICA ANZURES | MIGUEL HIDALGO,287471.51999999996,1386,3.8685427342506835,0.3621910435898116
VERTIZ NARVARTE | BENITO JUAREZ,202262.75999999998,2859,3.7134745911704163,0.41084231595115644
VIADUCTO  - BALBUENA )CONJ HAB) | VENUSTIANO CARRANZA,149058.81,2021,1.0,-0.0
VIADUCTO PIEDAD | IZTACALCO,239839.05,3729,2.9931672511211165,1.0386455849735012
VICENTE GUERRERO SUPER MANZANA 1 (U HAB) | IZTAPALAPA,716.12,954,1.0,-0.0
VICENTE GUERRERO SUPER MANZANA 2 (U HAB) | IZTAPALAPA,837.13,1001,1.0,-0.0
VICENTE GUERRERO SUPER MANZANA 3 (U HAB) | IZTAPALAPA,1889.3799999999999,1092,1.4251130000317564,0.6818887403536624
VICENTE GUERRERO SUPER MANZANA 4 (U HAB) | IZTAPALAPA,816.0999999999999,1564,1.0,-0.0
VICENTE GUERRERO SUPER MANZANA 5 (U HAB) | IZTAPALAPA,7324.77,2124,1.068399417319588,0.24947892007680253
VICENTE GUERRERO SUPER MANZANA 6 (U HAB) | IZTAPALAPA,29677.2,1858,1.899093243297885,0.32707076589854417
VICENTE GUERRERO SUPER MANZANA 7 (U HAB) | IZTAPALAPA,948.5999999999999,1183,1.0,-0.0
VICTORIA DE LAS DEMOCRACIAS | AZCAPOTZALCO,49112.299999999996,1179,1.815126353276063,0.4965809591981605
VIEJO EJIDO SANTA URSULA COAPA | COYOACAN,84918.56,2529,2.1747093921517275,1.127291278586186
VILLA CENTROAMERICANA (U HAB) | TLAHUAC,57936.729999999996,2244,1.0,-0.0
VILLA COAPA (RDCIAL) | TLALPAN,46704.48,701,3.936925965132253,0.2344131694345498
VILLA COYOACAN | COYOACAN,126456.82,917,3.210949002196956,0.783548050036777
VILLA DE ARAGON (FRACC) | GUSTAVO A. MADERO,60887.42999999999,1322,2.828541786046808,0.7355562586600553
VILLA DE ARAGON | GUSTAVO A. MADERO,6616.129999999999,174,2.0,-0.0
VILLA DE CORTES | BENITO JUAREZ,68246.63,887,2.0850491811830123,0.1758860657233296
VILLA DEL PUENTE FOVISSSTE  (U HAB) | TLALPAN,10024.92,217,4.0,-0.0
VILLA GUSTAVO A MADERO | GUSTAVO A. MADERO,86879.67000000001,1065,2.4645563225550924,1.2287093527852297
VILLA HERMOSA | GUSTAVO A. MADERO,18332.760000000002,352,1.6947568178495764,0.6152415998141737
VILLA LAZARO CARDENAS | TLALPAN,82473.81999999999,1255,2.7383256892914627,1.2151745365036302
VILLA MILPA ALTA (PBLO) | MILPA ALTA,38119.770000000004,5079,2.100567238469697,1.0271727346876078
VILLA OLIMPICA LIBERADOR MIGUEL HIDALGO (U HAB) | TLALPAN,58539.89,800,2.9865372141970203,0.639579521302135
VILLA PANAMERICANA 1ERA. SECCIN (U HAB) | COYOACAN,28891.879999999997,1103,3.0269719381362514,0.6300996216386641
VILLA PANAMERICANA 2DA. SECCIN (U HAB) | COYOACAN,15491.55,568,1.0,-0.0
VILLA PANAMERICANA 3ERA. SECCIN (U HAB) | COYOACAN,19560.809999999998,810,2.730178862736257,1.0003141088150782
VILLA PANAMERICANA 5TA. SECCIN (U HAB) | COYOACAN,75782.5,850,2.003438524725365,0.022938369291634515
VILLA PANAMERICANA 7MA. SECCIN (U HAB) | COYOACAN,9240.76,633,4.0,-0.0
VILLA PROGRESISTA | ALVARO OBREGON,24419.13,608,1.5113843122175115,0.692887953030202
VILLA QUIETUD (FRACC) | COYOACAN,44914.99,891,2.212356275711071,0.9174199752609657
VILLA VERDUN | ALVARO OBREGON,30694.02,1134,3.8790539655607184,0.29818223593389287
VILLA XOCHIMILCO (U HAB) | XOCHIMILCO,13915.11,284,2.0,-0.0
VILLAS DE LOS TRABAJADORES (GDF) (U HAB) | TLAHUAC,56638.8,1236,1.0,-0.0
VISTA ALEGRE | CUAUHTEMOC,74522.36,1008,3.003399650789374,1.0440213372495948
VISTA HERMOSA | GUSTAVO A. MADERO,676.27,575,1.0,-0.0
VISTA HERMOSA | LA MAGDALENA CONTRERAS,0.0,433,0.0,-0.0
VISTAS DEL MAUREL (U HAB) | COYOACAN,56018.07000000001,573,1.0,-0.0
VISTAS DEL PEDREGAL | TLALPAN,0.0,675,0.0,-0.0
VIVEROS DE COACTETLAN | TLALPAN,0.0,1042,0.0,-0.0
XALPA I | IZTAPALAPA,346.42,1999,1.0,-0.0
XALPA II | IZTAPALAPA,9195.02,3375,1.0126525010277303,0.06786228737237666
XALPA III | IZTAPALAPA,5633.29,4182,1.3310960380168604,0.6349521183386309
XALTOCAN (BARR) | XOCHIMILCO,118341.44,3000,2.988976304496548,1.1933081129149588
XAXALIPAC | TLALPAN,0.0,428,0.0,-0.0
XOCHINAHUAC (U HAB) | AZCAPOTZALCO,154820.94,2175,1.0,-0.0
XOCO | BENITO JUAREZ,296176.01,2169,2.908561466541466,0.8344982021337473
XOTEPINGO | COYOACAN,35487.37,537,3.981531175739425,0.03747446926889873
ZACAHUITZCO | BENITO JUAREZ,71006.18000000001,1074,2.339938861659647,0.4558377384061493
ZACAHUITZCO | IZTAPALAPA,123651.11000000002,1452,1.7620203328542703,0.6738063728332226
ZAPOTE-LUIS DONALDO COLOSIO (U HABS) | TLALPAN,6560.47,512,2.0,-0.0
ZAPOTLA | IZTACALCO,88038.44,1143,1.842591031826552,0.4353482719912593
ZENON DELGADO | ALVARO OBREGON,8969.630000000001,529,2.0,-0.0
ZENTLAPATL | CUAJIMALPA DE MORELOS,1530.8600000000001,1055,1.2512443985733508,0.6038588071174671
ZONA ESCOLAR I | GUSTAVO A. MADERO,63307.020000000004,1889,1.4685789980321298,0.6911713201459173
ZONA ESCOLAR II | GUSTAVO A. MADERO,59279.46000000001,2066,1.2679388442472317,0.5811979735478495
ZONA ESCOLAR ORIENTE | GUSTAVO A. MADERO,20914.769999999997,824,1.77703603721198,0.5306338338437968
ZOTOLTITLA | ALVARO OBREGON,666.11,180,1.0,-0.0
